student_id,age_band,course,attendance,assessment_performance,engagement,prior_interventions,support_need,gender_group,outcome
SYN-00000,21-24,Business,74.86,67.41,2.62,1,0,group_a,0
SYN-00001,21-24,Health,74.35,74.78,4.5,0,0,group_b,0
SYN-00002,16-17,Arts,92.06,53.37,2.76,0,0,group_b,1
SYN-00003,25+,Arts,74.93,65.06,2.94,4,0,group_a,1
SYN-00004,18-20,STEM,68.02,70.13,4.05,1,1,group_b,0
SYN-00005,18-20,STEM,84.18,58.46,4.3,0,0,group_b,0
SYN-00006,16-17,Arts,67.63,62.03,3.26,0,0,group_a,0
SYN-00007,18-20,Arts,92.63,72.66,2.66,1,0,group_a,0
SYN-00008,18-20,Health,65.39,78.05,2.6,0,0,group_b,0
SYN-00009,18-20,Arts,83.74,45.36,3.31,2,1,group_a,0
SYN-00010,25+,STEM,82.95,75.19,2.82,2,0,group_a,0
SYN-00011,18-20,STEM,75.66,54.34,3.7,0,0,group_b,0
SYN-00012,16-17,Arts,79.56,52.88,2.97,1,1,group_b,0
SYN-00013,25+,Arts,77.19,39.47,4.63,0,0,group_b,0
SYN-00014,18-20,Arts,56.59,57.04,1.57,0,0,group_b,1
SYN-00015,18-20,STEM,79.84,67.23,1.82,0,0,group_a,1
SYN-00016,18-20,Business,76.26,77.76,3.46,0,0,not_stated,0
SYN-00017,25+,Health,76.05,55.79,2.86,0,0,group_b,0
SYN-00018,18-20,Health,79.06,37.47,4.64,0,1,group_b,0
SYN-00019,21-24,Health,65.11,59.89,3.05,1,0,not_stated,1
SYN-00020,21-24,STEM,86.43,70.21,2.51,2,0,group_b,1
SYN-00021,21-24,Arts,65.56,70.68,3.67,2,1,group_b,1
SYN-00022,18-20,Arts,73.05,39.81,4.22,1,0,group_a,0
SYN-00023,18-20,STEM,83.45,88.86,3.56,1,0,group_a,0
SYN-00024,21-24,Arts,54.62,47.26,2.77,1,0,group_a,0
SYN-00025,21-24,Health,58.75,70.44,2.85,2,0,group_b,1
SYN-00026,18-20,STEM,72.26,35.57,3.59,3,0,group_a,1
SYN-00027,18-20,Business,90.12,42.55,3.43,1,0,group_b,1
SYN-00028,18-20,Business,66.17,55.47,3.01,1,0,group_a,0
SYN-00029,16-17,Arts,74.77,61.01,2.69,0,0,group_a,0
SYN-00030,25+,Arts,80.7,59.77,1.76,3,1,group_b,1
SYN-00031,16-17,Arts,78.68,66.19,3.34,2,0,group_a,0
SYN-00032,16-17,Health,61.64,47.21,2.53,3,0,group_a,0
SYN-00033,16-17,STEM,70.45,75.36,3.78,3,0,group_b,0
SYN-00034,18-20,Arts,75.55,89.06,2.9,1,0,group_a,0
SYN-00035,18-20,STEM,75.71,60.2,3.04,0,0,group_b,1
SYN-00036,21-24,Arts,76.77,56.17,2.81,0,0,not_stated,1
SYN-00037,18-20,Business,67.89,55.93,3.33,1,0,group_a,0
SYN-00038,18-20,Business,86.99,59.68,2.97,0,0,group_b,0
SYN-00039,18-20,Health,64.66,64.99,3.24,0,1,group_a,1
SYN-00040,21-24,Arts,79.04,69.64,3.27,3,0,group_a,0
SYN-00041,18-20,Business,78.59,57.41,3.39,1,0,group_b,0
SYN-00042,21-24,Health,65.74,66.67,3.55,3,1,group_b,1
SYN-00043,16-17,Business,72.16,86.94,2.62,2,0,group_b,0
SYN-00044,18-20,STEM,75.74,57.46,2.75,1,0,group_b,0
SYN-00045,25+,STEM,70.29,77.82,2.92,2,0,group_a,0
SYN-00046,18-20,Health,79.26,87.5,2.67,0,0,group_b,1
SYN-00047,18-20,Arts,56.01,60.04,3.6,0,0,group_a,0
SYN-00048,16-17,STEM,63.62,39.38,3.92,0,0,group_b,0
SYN-00049,21-24,Arts,64.68,57.89,3.43,2,0,group_b,1
SYN-00050,25+,Arts,89.15,60.27,3.68,2,0,group_b,0
SYN-00051,25+,STEM,82.73,49.41,3.16,0,0,group_a,0
SYN-00052,21-24,STEM,86.57,63.34,3.43,0,1,group_b,1
SYN-00053,16-17,Business,76.04,54.27,3.41,1,0,group_b,1
SYN-00054,16-17,Business,71.12,78.91,4.34,0,0,group_b,0
SYN-00055,16-17,STEM,83.32,61.79,1.99,3,1,group_a,0
SYN-00056,16-17,Business,76.99,61.98,3.28,2,1,group_b,0
SYN-00057,16-17,STEM,63.48,78.79,2.54,1,0,group_a,1
SYN-00058,21-24,Health,69.58,54.71,2.51,3,0,group_b,0
SYN-00059,16-17,STEM,85.82,24.28,2.98,0,0,group_a,0
SYN-00060,21-24,Arts,71.46,58.96,1.56,0,0,group_a,1
SYN-00061,16-17,Arts,76.44,66.9,2.88,1,0,group_b,0
SYN-00062,25+,Business,73.86,47.69,4.04,1,0,group_b,1
SYN-00063,21-24,Arts,76.02,67.33,2.19,3,0,group_b,0
SYN-00064,18-20,Health,82.24,71.5,3.13,0,0,group_b,0
SYN-00065,16-17,Health,93.34,62.95,2.21,1,0,group_b,0
SYN-00066,16-17,STEM,71.49,74.82,4.2,1,0,group_b,0
SYN-00067,18-20,Business,67.29,43.67,4.5,1,0,group_b,0
SYN-00068,16-17,Arts,83.28,43.12,2.5,2,1,group_b,1
SYN-00069,18-20,Health,52.33,54.78,3.81,0,1,group_b,1
SYN-00070,16-17,Business,74.17,53.53,2.42,0,1,group_a,1
SYN-00071,21-24,Health,69.02,69.28,4.37,2,0,group_b,1
SYN-00072,18-20,STEM,71.09,49.08,3.62,1,0,group_a,0
SYN-00073,21-24,Arts,77.88,60.62,2.33,0,0,group_b,1
SYN-00074,21-24,Health,74.98,62.58,3.89,2,1,not_stated,0
SYN-00075,25+,Arts,65.45,56.76,2.99,1,0,group_a,1
SYN-00076,21-24,Health,71.22,44.27,2.65,2,0,group_a,0
SYN-00077,25+,Business,70.04,63.21,4.27,2,0,group_a,1
SYN-00078,18-20,Health,82.14,49.23,3.5,0,1,group_b,1
SYN-00079,16-17,STEM,69.73,64.14,3.98,5,0,group_a,0
SYN-00080,18-20,Arts,70.39,36.34,2.97,0,0,group_a,0
SYN-00081,16-17,Arts,77.36,62.13,2.23,2,0,group_a,1
SYN-00082,21-24,Arts,78.11,52.57,1.47,2,0,group_a,0
SYN-00083,25+,Business,77.9,55.62,2.74,1,0,group_a,1
SYN-00084,18-20,Health,83.29,74.71,3.36,1,0,group_b,0
SYN-00085,16-17,Health,91.41,50.89,2.78,2,0,group_b,0
SYN-00086,25+,Business,73.96,60.89,2.95,0,0,group_a,0
SYN-00087,25+,Business,85.87,53.71,2.8,2,0,group_a,1
SYN-00088,18-20,Health,63.17,79.01,3.56,0,0,group_a,0
SYN-00089,18-20,Arts,78.07,65.44,2.46,1,0,group_b,0
SYN-00090,25+,Health,79.41,58.84,2.33,2,0,group_b,0
SYN-00091,18-20,Business,69.11,63.37,3.1,2,0,not_stated,0
SYN-00092,18-20,STEM,100.0,59.83,3.62,1,0,group_a,0
SYN-00093,16-17,Arts,68.75,70.98,3.8,2,0,group_a,0
SYN-00094,21-24,Health,63.43,72.7,4.13,1,0,group_a,0
SYN-00095,21-24,STEM,74.63,40.14,3.73,1,1,not_stated,0
SYN-00096,16-17,STEM,66.8,63.93,2.48,3,0,group_b,0
SYN-00097,18-20,Arts,56.66,73.69,3.11,1,0,group_b,0
SYN-00098,21-24,Arts,65.65,77.55,3.04,4,1,group_a,0
SYN-00099,18-20,STEM,74.54,83.18,3.18,2,1,group_a,1
SYN-00100,21-24,STEM,69.22,47.04,3.66,2,1,group_b,1
SYN-00101,16-17,Arts,83.25,47.46,4.27,1,1,not_stated,0
SYN-00102,18-20,Business,58.12,61.94,3.76,0,0,group_a,0
SYN-00103,18-20,Business,68.51,46.53,3.89,3,1,group_b,1
SYN-00104,21-24,Health,69.32,63.01,3.4,3,1,group_a,1
SYN-00105,18-20,Health,71.01,53.72,3.51,1,0,group_a,0
SYN-00106,18-20,STEM,89.76,86.87,3.79,2,0,group_a,0
SYN-00107,21-24,Arts,71.79,80.14,2.52,1,1,not_stated,1
SYN-00108,16-17,Health,64.09,35.76,2.75,2,0,group_a,0
SYN-00109,18-20,STEM,79.17,58.16,3.11,1,0,group_b,0
SYN-00110,16-17,Arts,68.87,64.82,4.11,1,0,group_b,1
SYN-00111,18-20,Health,86.45,59.09,3.92,2,0,group_b,0
SYN-00112,16-17,Health,72.31,56.99,1.57,1,0,group_b,0
SYN-00113,18-20,Arts,85.68,67.41,2.63,3,1,group_a,1
SYN-00114,25+,Arts,76.08,95.92,1.99,3,0,not_stated,0
SYN-00115,21-24,STEM,73.27,42.57,3.94,1,0,group_a,1
SYN-00116,18-20,Arts,71.97,76.51,4.99,3,0,group_a,1
SYN-00117,21-24,Business,93.11,69.43,1.0,1,0,group_b,1
SYN-00118,21-24,Arts,90.34,51.72,4.88,2,0,group_b,1
SYN-00119,21-24,Arts,71.53,66.0,3.95,1,0,group_a,0
SYN-00120,16-17,STEM,76.25,77.42,2.11,2,0,group_b,0
SYN-00121,25+,Business,66.21,66.24,1.95,0,0,group_b,0
SYN-00122,16-17,Arts,85.28,46.4,3.24,2,0,group_a,0
SYN-00123,16-17,Health,78.72,68.61,2.63,0,0,group_a,0
SYN-00124,16-17,Business,63.5,27.11,2.66,4,0,group_a,1
SYN-00125,18-20,Arts,76.4,47.77,3.56,2,0,group_b,0
SYN-00126,21-24,STEM,70.26,67.58,2.43,0,0,group_a,0
SYN-00127,21-24,Arts,75.62,71.45,3.1,3,0,group_b,0
SYN-00128,18-20,Health,63.08,76.17,3.04,1,1,group_a,1
SYN-00129,21-24,Business,74.84,47.23,3.2,2,0,group_a,0
SYN-00130,16-17,Health,47.25,88.83,1.8,1,1,group_a,1
SYN-00131,18-20,Business,73.63,70.2,2.22,0,0,group_b,0
SYN-00132,16-17,STEM,68.0,70.8,2.47,0,0,group_a,0
SYN-00133,16-17,Business,50.41,91.74,3.46,1,0,group_a,0
SYN-00134,18-20,Arts,77.07,69.78,3.74,1,0,group_b,0
SYN-00135,16-17,Business,79.34,78.21,3.22,2,0,group_b,0
SYN-00136,18-20,Business,73.97,84.21,2.57,1,0,group_a,0
SYN-00137,16-17,Arts,74.86,71.57,2.59,2,0,group_b,0
SYN-00138,18-20,STEM,71.24,64.99,2.44,0,0,group_b,0
SYN-00139,25+,STEM,67.48,71.54,2.52,0,1,group_a,0
SYN-00140,25+,STEM,72.03,79.2,2.32,0,0,group_a,0
SYN-00141,21-24,Arts,77.91,70.4,3.52,0,0,group_a,0
SYN-00142,18-20,Health,67.31,25.21,2.96,2,1,group_b,1
SYN-00143,18-20,Health,81.66,49.06,2.62,1,0,group_b,0
SYN-00144,21-24,STEM,73.54,83.78,3.55,2,0,group_a,0
SYN-00145,16-17,Arts,60.75,88.01,3.07,3,1,group_a,1
SYN-00146,18-20,STEM,65.69,100.0,2.93,1,0,group_a,1
SYN-00147,18-20,Business,72.19,46.22,3.46,2,0,group_a,1
SYN-00148,16-17,Business,66.82,81.72,1.87,2,1,group_b,1
SYN-00149,21-24,Arts,71.67,77.4,3.0,1,0,group_b,0
SYN-00150,18-20,Arts,73.42,55.7,3.48,0,0,group_a,0
SYN-00151,18-20,Health,83.06,73.97,2.98,0,0,group_b,0
SYN-00152,25+,Arts,62.05,75.69,2.85,1,0,group_a,0
SYN-00153,21-24,Business,73.68,75.15,1.71,1,0,group_a,0
SYN-00154,18-20,Arts,76.88,85.18,2.29,0,0,group_b,1
SYN-00155,16-17,STEM,63.78,48.47,1.65,0,1,group_a,1
SYN-00156,25+,Business,65.89,46.99,1.74,0,0,group_b,1
SYN-00157,25+,Business,89.13,41.02,3.63,1,0,group_b,0
SYN-00158,18-20,Arts,82.67,49.06,4.2,0,1,group_b,1
SYN-00159,21-24,Business,74.05,48.34,2.23,0,1,group_a,1
SYN-00160,16-17,Business,87.81,61.98,3.29,1,0,group_b,0
SYN-00161,25+,Arts,85.26,92.65,3.52,0,1,group_a,0
SYN-00162,25+,Health,72.42,61.88,2.47,2,0,group_a,0
SYN-00163,18-20,Arts,73.64,57.4,3.81,1,0,group_b,0
SYN-00164,25+,Arts,54.53,60.36,2.77,0,1,group_a,0
SYN-00165,21-24,STEM,73.28,74.95,3.16,0,0,group_b,0
SYN-00166,18-20,STEM,87.14,45.92,2.61,2,0,group_b,1
SYN-00167,18-20,Business,84.59,59.48,2.67,1,1,group_b,1
SYN-00168,18-20,STEM,73.36,91.28,1.0,0,0,group_a,1
SYN-00169,16-17,STEM,73.38,70.62,2.42,0,0,group_a,1
SYN-00170,16-17,Arts,75.32,80.05,2.02,0,0,not_stated,0
SYN-00171,16-17,STEM,79.26,53.67,2.72,0,1,group_a,1
SYN-00172,21-24,Business,65.82,52.84,3.12,2,1,group_b,1
SYN-00173,21-24,Business,59.01,51.92,2.94,2,0,group_a,0
SYN-00174,18-20,Arts,53.77,62.63,3.61,0,0,group_a,0
SYN-00175,16-17,STEM,66.83,57.97,4.23,0,1,group_b,1
SYN-00176,21-24,STEM,75.3,62.08,3.17,0,0,group_a,0
SYN-00177,16-17,Health,77.42,88.66,3.24,3,1,group_a,0
SYN-00178,18-20,Arts,61.75,50.27,4.61,0,1,group_b,0
SYN-00179,18-20,Arts,93.76,83.93,3.48,2,0,group_a,0
SYN-00180,21-24,STEM,68.42,65.9,3.18,1,0,group_a,1
SYN-00181,18-20,Health,79.97,70.71,2.98,1,0,group_a,0
SYN-00182,16-17,STEM,70.21,51.63,3.85,1,0,group_b,0
SYN-00183,21-24,STEM,80.99,72.07,3.83,1,0,group_b,1
SYN-00184,18-20,Business,90.95,56.48,3.54,2,0,group_b,0
SYN-00185,21-24,Business,53.55,62.29,3.55,1,0,group_a,1
SYN-00186,18-20,Health,76.79,50.79,3.06,1,1,group_b,1
SYN-00187,21-24,Health,58.83,56.4,2.1,1,0,group_b,0
SYN-00188,25+,STEM,85.95,50.72,3.41,1,1,group_b,0
SYN-00189,21-24,STEM,72.25,51.94,2.3,1,0,group_a,1
SYN-00190,21-24,Arts,68.08,45.57,3.19,0,0,group_a,1
SYN-00191,16-17,STEM,62.34,55.47,2.67,0,0,group_a,1
SYN-00192,18-20,Health,78.32,46.56,2.9,0,0,group_a,0
SYN-00193,21-24,Health,78.33,47.92,4.16,0,1,group_a,0
SYN-00194,18-20,STEM,88.56,69.45,3.82,2,0,group_a,0
SYN-00195,21-24,Business,67.68,64.95,3.72,0,0,group_a,1
SYN-00196,16-17,Arts,84.08,66.97,2.94,3,1,group_b,0
SYN-00197,16-17,Health,72.8,60.73,2.75,2,0,group_b,1
SYN-00198,21-24,Arts,76.88,63.73,2.18,1,0,group_a,0
SYN-00199,25+,Arts,79.18,77.14,2.5,2,0,group_b,0
SYN-00200,18-20,Health,70.72,68.99,3.81,3,1,group_a,0
SYN-00201,16-17,Health,90.96,58.36,2.57,1,0,group_b,1
SYN-00202,21-24,Health,60.46,59.68,2.4,1,0,group_a,1
SYN-00203,16-17,Business,62.04,79.68,3.31,1,1,group_b,0
SYN-00204,25+,STEM,85.6,59.67,2.92,0,0,group_b,0
SYN-00205,18-20,Business,52.5,83.2,3.37,0,0,group_b,1
SYN-00206,21-24,STEM,74.42,32.28,2.33,1,0,group_b,1
SYN-00207,21-24,Health,83.11,51.46,2.48,0,0,not_stated,0
SYN-00208,18-20,Arts,75.81,81.07,4.37,1,0,group_b,0
SYN-00209,16-17,STEM,78.41,61.18,2.43,0,0,group_a,1
SYN-00210,16-17,Health,58.73,68.72,3.19,1,0,group_a,0
SYN-00211,18-20,STEM,69.09,59.12,3.46,2,0,group_a,1
SYN-00212,21-24,Arts,52.59,63.98,4.37,0,0,group_b,1
SYN-00213,21-24,STEM,61.42,57.88,1.0,1,0,group_a,1
SYN-00214,25+,STEM,69.93,73.05,3.2,2,0,group_a,0
SYN-00215,18-20,Health,73.92,52.98,1.5,0,0,group_b,0
SYN-00216,21-24,STEM,74.63,67.75,3.56,0,1,group_a,0
SYN-00217,16-17,Health,66.95,78.44,3.18,1,0,group_a,0
SYN-00218,18-20,Health,66.64,26.51,3.81,2,0,group_a,0
SYN-00219,25+,STEM,79.57,45.72,1.81,0,0,group_a,0
SYN-00220,18-20,STEM,80.37,56.64,2.58,0,0,group_a,0
SYN-00221,21-24,Health,73.92,89.68,4.17,0,0,group_a,0
SYN-00222,18-20,Arts,74.41,46.76,2.55,1,0,group_b,0
SYN-00223,16-17,Business,77.42,76.2,3.48,4,0,group_a,0
SYN-00224,25+,Health,87.79,54.01,2.38,3,0,group_a,1
SYN-00225,16-17,STEM,85.2,54.39,3.73,2,0,group_a,0
SYN-00226,18-20,Health,76.99,72.23,3.35,1,0,group_a,0
SYN-00227,18-20,Business,76.22,46.39,2.15,0,0,group_a,0
SYN-00228,18-20,Arts,72.49,50.65,2.18,1,0,group_b,1
SYN-00229,16-17,Arts,55.58,93.35,3.11,1,1,group_b,0
SYN-00230,18-20,Business,58.13,59.31,2.37,2,0,group_a,1
SYN-00231,21-24,Business,80.69,65.76,2.93,0,1,group_a,0
SYN-00232,25+,STEM,64.18,39.21,3.99,2,0,group_b,0
SYN-00233,21-24,STEM,96.65,56.19,2.21,0,0,not_stated,1
SYN-00234,18-20,STEM,62.62,49.18,3.71,2,0,group_a,1
SYN-00235,16-17,Business,71.89,69.83,4.0,0,1,group_a,0
SYN-00236,18-20,Business,76.95,81.39,4.0,2,0,group_b,0
SYN-00237,18-20,STEM,69.09,68.29,2.59,0,0,not_stated,1
SYN-00238,16-17,Arts,88.84,64.83,1.98,1,0,group_b,0
SYN-00239,16-17,Arts,68.3,74.31,3.1,0,0,group_b,1
SYN-00240,18-20,Business,76.43,53.41,2.01,1,0,group_b,1
SYN-00241,16-17,Business,59.77,57.65,4.59,0,0,group_a,0
SYN-00242,21-24,Arts,60.93,94.34,3.05,1,1,group_a,0
SYN-00243,16-17,Business,66.88,60.94,1.95,0,0,group_b,0
SYN-00244,16-17,Arts,75.55,58.77,2.88,2,1,group_a,0
SYN-00245,25+,Health,63.58,52.52,2.02,2,0,group_b,1
SYN-00246,18-20,Business,76.41,48.96,4.05,1,1,group_a,0
SYN-00247,21-24,Business,80.99,38.33,4.23,1,0,group_b,0
SYN-00248,21-24,STEM,62.21,43.43,3.63,3,0,group_b,1
SYN-00249,18-20,Arts,84.38,51.64,1.77,3,1,group_a,0
SYN-00250,18-20,Business,84.33,57.41,2.91,0,0,group_a,0
SYN-00251,16-17,Health,70.54,62.47,3.85,0,0,group_a,0
SYN-00252,25+,STEM,75.45,60.76,3.28,1,0,group_a,0
SYN-00253,16-17,Arts,65.34,33.68,3.58,1,0,group_b,0
SYN-00254,18-20,Business,80.08,40.04,2.26,2,0,group_a,0
SYN-00255,21-24,Arts,70.79,45.96,3.89,2,1,not_stated,1
SYN-00256,18-20,Health,59.79,40.83,2.78,3,1,group_a,1
SYN-00257,16-17,Business,83.67,44.51,2.5,2,0,group_b,0
SYN-00258,18-20,Health,62.51,77.3,2.52,0,0,group_a,1
SYN-00259,25+,Health,71.58,64.35,2.89,0,0,not_stated,1
SYN-00260,21-24,STEM,81.37,68.21,4.14,0,1,group_a,0
SYN-00261,16-17,Business,75.71,70.94,3.25,1,0,group_b,1
SYN-00262,16-17,Arts,73.09,70.1,2.16,3,1,group_a,1
SYN-00263,21-24,Health,81.43,54.48,2.91,2,1,group_b,0
SYN-00264,18-20,Arts,100.0,54.4,3.75,2,0,group_a,0
SYN-00265,21-24,Arts,71.86,55.22,2.47,0,0,group_a,1
SYN-00266,16-17,STEM,75.29,80.67,2.73,1,0,group_b,0
SYN-00267,18-20,Arts,81.76,75.32,4.8,1,1,group_b,0
SYN-00268,21-24,Business,62.41,78.53,3.02,1,0,group_b,0
SYN-00269,18-20,Arts,56.08,88.39,1.98,2,0,group_a,1
SYN-00270,21-24,Health,70.27,64.11,2.81,1,0,group_b,1
SYN-00271,18-20,Health,73.9,83.81,2.7,1,0,group_a,0
SYN-00272,18-20,Arts,75.05,75.19,2.29,0,0,group_a,1
SYN-00273,18-20,Business,75.15,67.8,2.33,1,0,group_b,0
SYN-00274,16-17,Business,58.5,63.71,4.63,0,0,group_a,0
SYN-00275,18-20,Health,70.15,43.34,3.03,3,0,group_b,0
SYN-00276,16-17,STEM,80.26,77.55,3.07,3,1,group_a,1
SYN-00277,16-17,STEM,57.9,86.56,2.45,1,0,group_b,1
SYN-00278,16-17,STEM,80.79,65.22,1.29,0,1,group_a,1
SYN-00279,16-17,Arts,69.84,56.71,3.31,1,1,group_a,0
SYN-00280,16-17,Business,66.75,33.77,3.79,0,0,group_b,1
SYN-00281,25+,STEM,77.46,63.97,1.89,4,0,group_a,0
SYN-00282,16-17,Arts,78.59,58.36,2.56,0,0,group_b,1
SYN-00283,25+,Business,70.15,67.58,3.38,1,1,group_b,1
SYN-00284,18-20,Health,54.36,71.92,4.39,2,1,group_b,1
SYN-00285,16-17,Business,68.41,84.35,2.49,0,0,group_b,1
SYN-00286,16-17,Business,74.74,68.38,2.81,0,0,group_b,0
SYN-00287,16-17,Arts,80.61,66.45,2.03,2,0,group_b,1
SYN-00288,18-20,Arts,70.41,70.37,3.39,2,1,group_a,1
SYN-00289,25+,STEM,66.98,62.66,2.26,0,0,group_b,1
SYN-00290,16-17,STEM,62.2,54.16,1.33,2,0,group_b,1
SYN-00291,21-24,STEM,64.69,72.04,2.88,0,0,not_stated,0
SYN-00292,16-17,Health,71.25,70.09,2.74,0,0,group_b,1
SYN-00293,18-20,Business,66.9,56.32,3.14,2,0,group_b,1
SYN-00294,18-20,Business,73.17,66.04,3.04,2,1,group_a,0
SYN-00295,18-20,Business,80.43,82.83,2.56,1,0,group_b,1
SYN-00296,21-24,Health,76.95,59.5,1.73,2,0,group_a,1
SYN-00297,16-17,Health,71.98,45.93,2.27,3,0,group_b,0
SYN-00298,16-17,Arts,68.28,85.74,2.58,1,0,group_a,0
SYN-00299,21-24,Health,83.72,53.19,3.15,1,0,group_a,0
SYN-00300,18-20,Arts,70.3,57.57,4.35,0,1,not_stated,1
SYN-00301,18-20,STEM,74.26,18.89,3.17,2,0,group_b,1
SYN-00302,18-20,Business,59.05,70.39,3.42,2,0,not_stated,0
SYN-00303,18-20,Arts,69.69,49.39,3.37,1,0,group_a,1
SYN-00304,18-20,STEM,74.86,48.87,2.79,1,0,group_a,1
SYN-00305,25+,Health,77.86,37.69,3.71,3,0,group_a,1
SYN-00306,21-24,Arts,73.16,64.49,3.82,2,0,group_b,1
SYN-00307,18-20,STEM,59.75,47.87,4.51,0,0,group_b,1
SYN-00308,16-17,Health,69.07,53.18,3.07,0,0,group_a,0
SYN-00309,25+,STEM,72.34,52.78,3.03,1,0,group_b,1
SYN-00310,25+,STEM,65.97,34.92,3.49,2,0,group_a,0
SYN-00311,25+,Business,69.41,43.96,2.43,1,1,group_b,1
SYN-00312,18-20,Arts,87.11,63.46,3.6,2,0,group_a,1
SYN-00313,21-24,Health,58.44,59.49,3.27,0,0,group_a,1
SYN-00314,21-24,Health,62.27,50.05,3.39,1,0,group_b,1
SYN-00315,21-24,Business,91.5,61.21,1.96,0,1,group_b,0
SYN-00316,16-17,Arts,83.11,50.49,3.86,0,0,group_b,0
SYN-00317,25+,STEM,57.81,58.56,3.1,2,0,group_a,0
SYN-00318,25+,Health,50.55,85.96,3.65,1,0,group_b,1
SYN-00319,16-17,STEM,70.61,66.47,3.47,0,0,group_b,0
SYN-00320,16-17,Arts,79.76,71.51,3.01,3,1,group_b,1
SYN-00321,16-17,Health,72.18,45.28,2.87,0,0,group_b,1
SYN-00322,16-17,Health,79.44,73.79,1.29,0,0,group_a,0
SYN-00323,16-17,Health,56.37,50.82,2.14,1,0,group_a,1
SYN-00324,18-20,Arts,69.72,53.51,4.78,0,0,group_b,0
SYN-00325,16-17,Arts,58.05,77.08,3.32,1,0,group_b,1
SYN-00326,21-24,Arts,71.62,59.38,4.31,0,1,group_b,1
SYN-00327,25+,Health,87.71,70.18,2.54,1,0,group_a,0
SYN-00328,21-24,Health,59.21,36.97,2.54,0,0,group_a,1
SYN-00329,21-24,STEM,74.75,57.63,3.5,4,0,group_a,0
SYN-00330,18-20,STEM,56.12,78.94,2.34,1,1,group_a,1
SYN-00331,21-24,STEM,74.22,75.39,2.8,1,0,group_b,1
SYN-00332,18-20,Health,73.69,19.04,2.57,1,0,group_b,0
SYN-00333,16-17,Business,71.33,47.15,2.14,2,0,group_b,1
SYN-00334,16-17,Health,60.15,69.13,2.51,1,1,group_b,0
SYN-00335,18-20,Business,57.53,79.82,3.77,1,0,group_a,0
SYN-00336,16-17,Health,86.34,37.79,2.51,0,1,group_a,0
SYN-00337,18-20,Health,73.25,69.54,3.05,1,1,group_a,1
SYN-00338,18-20,STEM,96.25,59.18,1.97,1,0,group_a,0
SYN-00339,25+,STEM,66.21,62.78,4.42,1,0,group_a,0
SYN-00340,16-17,Health,74.15,66.92,3.27,0,0,group_a,0
SYN-00341,21-24,STEM,69.46,69.61,2.96,0,0,group_b,0
SYN-00342,25+,STEM,82.35,35.69,4.04,0,1,group_a,1
SYN-00343,21-24,STEM,83.74,66.82,2.01,1,0,group_a,1
SYN-00344,21-24,Health,67.65,73.27,3.99,0,1,group_a,0
SYN-00345,21-24,STEM,81.41,61.6,4.29,0,0,group_b,0
SYN-00346,25+,STEM,73.4,62.17,3.22,0,1,group_a,1
SYN-00347,25+,STEM,82.04,64.38,2.93,0,0,group_b,0
SYN-00348,18-20,Business,62.28,71.79,3.07,1,0,group_a,0
SYN-00349,25+,Business,77.64,88.2,3.02,0,0,not_stated,1
SYN-00350,21-24,Arts,65.46,57.23,3.29,1,0,group_a,1
SYN-00351,18-20,STEM,70.55,48.41,2.63,1,0,group_b,0
SYN-00352,21-24,STEM,71.96,82.82,4.56,1,1,group_b,0
SYN-00353,21-24,Arts,76.59,50.96,2.51,0,0,group_a,1
SYN-00354,21-24,Health,80.42,65.21,3.14,0,0,group_a,0
SYN-00355,18-20,STEM,81.81,66.72,2.84,2,0,group_a,0
SYN-00356,21-24,Business,88.21,35.62,4.08,0,0,group_b,1
SYN-00357,18-20,Business,86.08,75.42,1.85,1,0,group_a,0
SYN-00358,21-24,Health,71.67,90.9,2.9,0,0,group_a,0
SYN-00359,16-17,STEM,77.4,57.94,3.57,1,1,group_b,1
SYN-00360,18-20,Health,79.57,67.1,2.07,6,0,group_a,1
SYN-00361,16-17,STEM,81.15,43.67,3.72,1,0,group_a,0
SYN-00362,21-24,STEM,100.0,55.98,3.99,2,0,group_a,0
SYN-00363,21-24,Arts,78.67,54.2,2.97,0,0,group_a,0
SYN-00364,16-17,STEM,87.17,85.85,1.0,2,1,group_b,1
SYN-00365,21-24,Health,76.06,76.4,2.61,2,0,group_a,0
SYN-00366,25+,Health,86.8,29.59,1.8,1,0,group_a,1
SYN-00367,16-17,Arts,54.43,54.37,2.02,1,1,group_b,1
SYN-00368,18-20,Health,73.24,56.81,3.39,2,0,group_b,0
SYN-00369,21-24,STEM,88.16,27.43,2.87,0,0,group_a,1
SYN-00370,21-24,Health,54.74,46.68,3.87,1,0,group_b,1
SYN-00371,18-20,STEM,75.14,24.57,2.39,0,0,group_a,0
SYN-00372,25+,Arts,88.76,37.81,3.98,0,0,group_a,0
SYN-00373,21-24,STEM,51.89,71.13,2.55,1,0,group_b,0
SYN-00374,18-20,STEM,56.34,76.56,2.08,0,0,group_a,0
SYN-00375,25+,Arts,82.36,55.46,3.32,0,0,group_b,0
SYN-00376,21-24,Business,76.16,76.66,3.25,2,0,group_b,0
SYN-00377,21-24,Health,70.07,64.73,4.37,2,1,group_a,1
SYN-00378,18-20,STEM,73.66,42.11,2.85,1,0,group_b,0
SYN-00379,16-17,STEM,63.35,63.33,1.44,0,1,group_b,1
SYN-00380,18-20,Health,77.78,44.79,2.46,1,1,group_a,1
SYN-00381,25+,Arts,67.24,73.75,4.29,1,0,group_b,0
SYN-00382,25+,Health,81.06,40.04,4.06,5,0,group_b,1
SYN-00383,21-24,Business,54.1,52.83,4.27,1,0,group_b,1
SYN-00384,21-24,Health,58.75,74.43,2.1,0,0,group_b,0
SYN-00385,21-24,Health,68.74,50.01,3.97,1,1,group_a,1
SYN-00386,18-20,Arts,78.25,75.47,3.32,2,1,group_b,0
SYN-00387,21-24,Arts,63.74,66.31,2.43,2,0,group_b,1
SYN-00388,21-24,Health,79.64,47.05,3.72,2,0,group_a,0
SYN-00389,18-20,Health,69.34,77.72,3.91,0,1,group_b,0
SYN-00390,18-20,Health,78.32,61.74,2.64,5,0,group_b,0
SYN-00391,21-24,Business,68.1,58.75,3.23,3,0,group_a,1
SYN-00392,18-20,Health,93.33,67.96,3.89,0,0,group_b,0
SYN-00393,18-20,Health,82.58,42.68,2.69,1,0,group_b,1
SYN-00394,21-24,Arts,74.44,66.63,2.26,3,0,group_a,0
SYN-00395,25+,STEM,86.44,72.94,2.48,3,1,group_b,1
SYN-00396,18-20,Health,78.6,85.87,3.07,0,0,group_a,0
SYN-00397,21-24,Arts,75.95,77.14,2.95,0,1,group_b,0
SYN-00398,18-20,Arts,79.05,63.38,3.49,0,0,group_b,0
SYN-00399,16-17,Arts,78.35,64.23,2.99,1,1,group_a,0
SYN-00400,16-17,STEM,74.37,82.32,2.19,1,0,group_b,1
SYN-00401,16-17,Business,74.17,75.16,3.09,0,0,group_a,0
SYN-00402,16-17,Arts,68.47,83.29,2.39,1,0,group_b,0
SYN-00403,18-20,Arts,76.26,78.4,4.22,0,1,group_b,0
SYN-00404,16-17,Health,81.08,50.32,2.94,0,0,group_b,0
SYN-00405,18-20,Arts,71.68,71.17,3.31,1,0,group_a,1
SYN-00406,21-24,Health,68.37,95.7,2.27,2,0,group_b,0
SYN-00407,16-17,Business,99.21,58.29,3.05,1,0,group_b,1
SYN-00408,18-20,STEM,83.58,80.28,3.16,0,0,group_b,0
SYN-00409,18-20,Arts,64.68,75.5,2.46,2,1,group_a,0
SYN-00410,16-17,Business,82.35,65.17,3.21,4,0,group_a,0
SYN-00411,16-17,Health,78.6,51.55,3.82,2,0,group_a,0
SYN-00412,21-24,Business,64.03,71.61,3.37,1,0,group_a,1
SYN-00413,16-17,Health,81.96,71.07,2.58,1,0,group_a,0
SYN-00414,21-24,Business,68.79,57.48,4.07,1,0,group_b,0
SYN-00415,18-20,Business,73.0,50.03,3.52,2,0,not_stated,0
SYN-00416,16-17,Health,71.89,71.9,3.62,1,0,group_b,0
SYN-00417,16-17,Health,71.11,68.87,3.49,2,0,group_a,1
SYN-00418,25+,Health,70.34,48.38,2.59,1,0,group_b,0
SYN-00419,21-24,Health,68.02,75.89,2.57,1,0,group_a,1
SYN-00420,16-17,Arts,67.92,53.04,1.0,0,0,group_b,0
SYN-00421,18-20,Arts,75.81,60.48,2.8,2,0,group_b,0
SYN-00422,18-20,Business,85.56,63.26,3.92,0,0,group_b,0
SYN-00423,18-20,Health,93.85,87.24,4.08,0,0,group_a,0
SYN-00424,16-17,Arts,67.07,47.22,4.88,3,0,group_a,0
SYN-00425,18-20,Arts,70.12,70.03,3.12,2,0,group_a,0
SYN-00426,25+,Arts,91.57,58.69,3.95,2,0,group_b,0
SYN-00427,16-17,STEM,89.19,65.03,3.22,0,1,group_b,0
SYN-00428,18-20,STEM,82.99,89.62,3.81,1,1,group_a,1
SYN-00429,21-24,Business,74.33,49.23,3.11,1,0,group_a,0
SYN-00430,18-20,Arts,74.63,84.31,3.85,0,0,group_a,0
SYN-00431,21-24,Health,67.38,58.41,2.37,3,0,group_a,0
SYN-00432,18-20,Arts,73.04,52.47,3.04,1,0,group_b,1
SYN-00433,25+,STEM,80.13,61.33,3.02,1,0,group_a,1
SYN-00434,25+,Arts,74.87,76.15,2.49,0,0,group_a,0
SYN-00435,18-20,Business,77.94,47.55,5.0,2,0,group_a,0
SYN-00436,21-24,STEM,62.27,85.53,4.01,1,1,group_a,1
SYN-00437,16-17,Business,59.16,82.78,2.67,1,0,group_b,1
SYN-00438,18-20,STEM,91.19,54.77,2.83,0,0,group_b,0
SYN-00439,16-17,Arts,68.65,68.4,3.15,0,0,group_a,0
SYN-00440,21-24,Arts,75.6,61.93,3.94,1,1,group_b,1
SYN-00441,16-17,Business,79.03,51.12,2.96,0,0,group_b,0
SYN-00442,18-20,Business,59.69,64.14,3.31,3,0,group_a,1
SYN-00443,21-24,Arts,70.25,66.16,2.33,2,1,group_a,0
SYN-00444,16-17,Arts,71.71,38.83,3.4,1,1,group_b,1
SYN-00445,18-20,Business,99.94,67.11,3.6,3,0,group_b,0
SYN-00446,16-17,Business,89.2,89.35,3.62,2,0,group_a,0
SYN-00447,21-24,Business,63.65,58.51,2.09,0,0,group_a,1
SYN-00448,25+,Arts,73.89,88.91,2.41,2,0,group_b,0
SYN-00449,21-24,Arts,61.36,72.2,3.25,0,0,group_b,0
SYN-00450,18-20,Arts,65.43,65.09,2.09,0,0,group_a,1
SYN-00451,18-20,Health,65.44,57.19,3.41,1,1,group_a,0
SYN-00452,18-20,Health,66.05,79.55,3.57,3,1,group_a,1
SYN-00453,18-20,STEM,74.35,75.6,3.04,4,0,not_stated,0
SYN-00454,25+,Business,85.36,82.9,1.74,1,1,group_b,0
SYN-00455,18-20,STEM,74.74,100.0,2.19,1,0,group_b,0
SYN-00456,21-24,Arts,66.26,69.49,3.84,0,0,group_b,0
SYN-00457,21-24,STEM,72.48,62.9,2.33,4,0,group_b,0
SYN-00458,25+,Arts,76.53,63.0,3.33,1,0,group_b,0
SYN-00459,18-20,Health,76.25,63.34,2.99,0,1,group_b,0
SYN-00460,21-24,Business,80.94,64.17,4.08,1,0,group_b,0
SYN-00461,21-24,Arts,55.78,71.95,3.09,2,0,group_b,1
SYN-00462,21-24,Health,72.51,30.88,3.17,1,0,group_b,0
SYN-00463,18-20,Business,75.67,89.08,3.11,3,0,group_a,0
SYN-00464,16-17,Business,42.38,71.03,3.36,1,1,group_b,1
SYN-00465,18-20,Business,74.73,73.31,3.81,1,0,group_b,0
SYN-00466,16-17,Arts,94.87,40.77,1.96,1,0,group_a,1
SYN-00467,16-17,Health,79.84,51.09,1.62,0,0,group_a,1
SYN-00468,21-24,Arts,59.29,67.87,3.28,2,0,group_b,1
SYN-00469,18-20,Health,85.2,69.04,2.77,0,0,group_b,0
SYN-00470,21-24,STEM,67.57,59.3,3.66,2,1,group_b,1
SYN-00471,21-24,Health,55.1,54.74,2.97,2,0,group_a,1
SYN-00472,16-17,Arts,70.61,53.12,2.35,1,0,group_a,1
SYN-00473,18-20,STEM,59.6,62.43,2.94,3,1,not_stated,1
SYN-00474,25+,Health,91.07,56.75,3.83,0,1,group_a,0
SYN-00475,18-20,STEM,82.48,55.4,3.86,1,0,not_stated,1
SYN-00476,16-17,STEM,81.63,45.41,3.54,0,0,group_a,0
SYN-00477,18-20,STEM,73.41,49.61,1.71,2,0,group_b,0
SYN-00478,16-17,Health,85.32,52.11,2.98,0,0,group_a,0
SYN-00479,25+,STEM,65.92,99.08,2.58,1,0,group_b,1
SYN-00480,16-17,Arts,70.55,52.38,2.11,0,0,not_stated,1
SYN-00481,25+,Business,86.06,49.89,3.01,3,0,group_b,0
SYN-00482,16-17,Arts,76.52,85.01,1.96,3,0,group_b,1
SYN-00483,18-20,Business,94.26,44.95,4.22,0,0,group_a,1
SYN-00484,16-17,Business,60.61,33.56,3.21,0,1,group_b,1
SYN-00485,21-24,Health,78.82,49.63,2.84,1,0,group_b,0
SYN-00486,18-20,Health,72.24,64.73,4.06,1,0,group_b,0
SYN-00487,21-24,Business,94.95,58.61,1.73,4,0,group_a,1
SYN-00488,16-17,Arts,74.15,65.68,3.53,1,0,group_b,0
SYN-00489,16-17,Health,83.36,62.15,2.94,0,1,group_a,1
SYN-00490,16-17,Arts,80.95,45.99,2.23,3,0,group_b,1
SYN-00491,16-17,Health,66.21,83.06,3.82,1,0,group_a,0
SYN-00492,16-17,STEM,86.97,70.71,2.14,2,1,group_b,1
SYN-00493,16-17,Arts,69.02,59.91,1.91,1,0,group_b,1
SYN-00494,25+,Arts,60.66,54.32,2.03,1,0,group_a,1
SYN-00495,18-20,Arts,60.56,52.08,2.81,0,0,not_stated,1
SYN-00496,21-24,Arts,72.03,32.19,3.02,1,1,group_b,1
SYN-00497,25+,Health,78.72,44.72,3.06,3,0,group_b,1
SYN-00498,16-17,Health,75.05,68.0,1.66,0,1,group_b,0
SYN-00499,21-24,Business,85.49,67.49,3.16,0,0,group_b,0
SYN-00500,18-20,STEM,72.07,51.98,3.35,2,0,group_a,0
SYN-00501,18-20,Business,74.02,67.24,1.44,2,0,group_b,0
SYN-00502,18-20,Health,74.68,67.68,3.56,1,0,group_a,0
SYN-00503,16-17,Arts,86.2,77.11,2.8,1,0,group_b,1
SYN-00504,21-24,Business,60.63,48.11,2.97,0,0,group_a,0
SYN-00505,18-20,Business,98.32,48.27,3.23,1,1,group_a,0
SYN-00506,18-20,STEM,78.25,34.25,2.6,0,0,group_b,1
SYN-00507,18-20,STEM,77.02,61.56,3.37,1,0,group_a,0
SYN-00508,16-17,STEM,73.51,72.82,3.65,0,0,group_b,0
SYN-00509,21-24,Arts,54.8,85.71,3.73,0,0,group_b,1
SYN-00510,16-17,Arts,70.57,49.68,1.63,0,0,group_b,1
SYN-00511,16-17,Health,67.26,76.61,3.42,1,0,group_b,0
SYN-00512,21-24,Business,75.7,55.18,2.28,2,0,group_a,0
SYN-00513,18-20,Arts,72.72,73.21,2.74,1,1,group_a,1
SYN-00514,18-20,Health,73.03,58.22,2.67,2,0,group_a,1
SYN-00515,18-20,Arts,73.74,37.7,2.1,2,0,group_b,1
SYN-00516,18-20,Health,48.22,52.38,2.42,1,0,group_a,1
SYN-00517,18-20,Arts,91.37,60.47,2.34,2,0,not_stated,0
SYN-00518,18-20,Business,66.42,39.53,2.52,2,0,group_b,0
SYN-00519,18-20,STEM,66.46,47.94,2.59,2,1,group_a,0
SYN-00520,16-17,Health,59.94,29.91,1.09,0,0,group_b,1
SYN-00521,21-24,Health,66.67,75.17,2.92,2,0,not_stated,0
SYN-00522,21-24,Arts,76.5,79.45,2.84,0,1,group_a,0
SYN-00523,16-17,STEM,72.78,59.08,4.5,0,1,group_b,0
SYN-00524,16-17,Arts,100.0,47.96,2.34,1,0,group_a,0
SYN-00525,18-20,Arts,78.67,43.43,4.23,1,0,group_b,0
SYN-00526,25+,Business,78.64,65.49,3.39,1,1,group_b,1
SYN-00527,21-24,Arts,76.19,51.67,2.72,1,1,group_b,0
SYN-00528,25+,Health,95.88,60.11,2.8,2,0,group_a,0
SYN-00529,21-24,STEM,53.44,78.27,3.25,1,0,group_b,1
SYN-00530,18-20,Business,79.92,67.74,3.75,1,0,not_stated,0
SYN-00531,16-17,STEM,53.48,83.9,2.76,0,0,group_a,1
SYN-00532,25+,STEM,90.2,68.92,1.88,5,0,group_b,1
SYN-00533,16-17,Business,69.87,55.22,2.81,0,0,group_a,0
SYN-00534,21-24,STEM,66.71,77.96,2.69,1,0,group_a,1
SYN-00535,16-17,STEM,78.91,54.93,3.79,3,0,group_a,1
SYN-00536,16-17,Business,88.25,54.29,4.17,0,1,group_a,0
SYN-00537,16-17,Health,52.01,62.63,2.55,0,0,group_a,0
SYN-00538,16-17,Health,61.96,47.69,3.1,1,0,not_stated,0
SYN-00539,21-24,Arts,70.26,56.76,1.98,1,1,group_a,1
SYN-00540,25+,Business,82.28,51.14,3.13,1,0,group_b,0
SYN-00541,18-20,Health,60.17,63.12,4.31,3,0,group_a,1
SYN-00542,18-20,Arts,68.74,58.74,2.95,1,0,group_a,0
SYN-00543,16-17,Business,76.88,72.18,3.76,1,0,group_b,0
SYN-00544,25+,Arts,76.12,53.27,2.91,2,0,group_a,0
SYN-00545,16-17,Arts,59.31,76.96,2.7,1,0,group_b,0
SYN-00546,18-20,Business,82.12,52.71,1.8,1,0,group_b,0
SYN-00547,16-17,Health,69.04,58.71,3.5,0,0,group_a,0
SYN-00548,16-17,Health,75.23,64.32,2.53,0,0,group_a,0
SYN-00549,16-17,STEM,81.79,70.95,1.78,0,0,group_b,1
SYN-00550,25+,Health,91.54,60.38,2.76,1,0,group_b,0
SYN-00551,25+,STEM,48.42,60.81,2.03,0,0,group_a,1
SYN-00552,18-20,Health,56.96,55.39,1.72,0,0,group_b,1
SYN-00553,25+,Health,66.39,85.36,2.18,0,1,group_a,0
SYN-00554,18-20,Health,75.93,54.39,3.31,1,0,group_a,1
SYN-00555,18-20,STEM,80.4,85.36,3.55,0,0,group_b,1
SYN-00556,18-20,Arts,64.33,45.27,2.15,1,0,group_a,1
SYN-00557,25+,Arts,70.16,56.53,1.97,2,0,group_b,0
SYN-00558,25+,Business,73.55,61.4,1.54,2,0,group_a,1
SYN-00559,25+,Arts,85.01,66.52,3.08,1,1,not_stated,1
SYN-00560,18-20,STEM,59.77,50.94,2.71,2,0,group_a,1
SYN-00561,18-20,Health,57.09,57.61,3.76,2,0,group_b,0
SYN-00562,25+,Arts,71.78,62.86,2.66,3,0,group_a,0
SYN-00563,25+,Health,70.13,50.23,3.31,0,0,not_stated,1
SYN-00564,18-20,Arts,52.27,61.15,2.32,2,0,group_a,1
SYN-00565,18-20,STEM,80.86,70.73,2.67,0,1,group_a,1
SYN-00566,16-17,Business,62.14,66.75,3.63,1,0,group_a,1
SYN-00567,18-20,Health,94.89,43.04,2.99,1,0,group_a,0
SYN-00568,16-17,STEM,68.66,66.58,3.27,0,1,not_stated,1
SYN-00569,16-17,Business,100.0,87.66,3.32,1,0,group_a,0
SYN-00570,16-17,Health,83.33,84.93,2.1,0,0,group_b,0
SYN-00571,25+,Health,56.88,62.48,2.79,2,0,group_a,1
SYN-00572,25+,Health,67.31,44.35,2.93,1,0,group_a,0
SYN-00573,18-20,Business,55.64,36.1,2.86,0,0,group_a,1
SYN-00574,21-24,Health,77.81,15.17,2.45,2,1,group_b,1
SYN-00575,21-24,STEM,57.62,48.75,3.45,2,0,group_a,1
SYN-00576,16-17,Health,80.12,89.57,3.16,2,0,group_a,1
SYN-00577,25+,STEM,57.71,52.66,3.81,1,0,group_a,1
SYN-00578,16-17,Arts,78.37,52.56,2.92,3,0,group_b,0
SYN-00579,21-24,Arts,66.44,68.76,3.47,0,0,group_a,0
SYN-00580,18-20,STEM,74.8,35.35,4.38,4,0,group_b,0
SYN-00581,21-24,Health,49.1,98.26,3.62,0,0,group_a,0
SYN-00582,18-20,STEM,81.21,69.56,4.16,0,1,group_a,0
SYN-00583,18-20,STEM,64.24,68.49,1.48,0,0,group_a,0
SYN-00584,21-24,Arts,69.12,55.97,2.95,0,0,group_a,0
SYN-00585,16-17,STEM,79.17,81.48,3.07,1,0,group_a,0
SYN-00586,16-17,Arts,70.04,54.21,3.57,0,0,group_b,0
SYN-00587,25+,Health,71.06,58.04,2.88,0,1,group_b,0
SYN-00588,16-17,Health,82.03,42.3,1.74,2,0,group_a,1
SYN-00589,16-17,STEM,61.36,55.68,2.08,0,0,group_a,0
SYN-00590,25+,Business,76.73,72.29,2.06,2,0,group_b,0
SYN-00591,21-24,Business,75.21,85.79,2.51,0,0,group_a,0
SYN-00592,21-24,STEM,74.04,65.97,4.29,0,0,group_b,0
SYN-00593,16-17,STEM,70.46,82.14,3.47,1,0,group_b,1
SYN-00594,18-20,STEM,62.84,70.18,2.96,2,0,group_b,1
SYN-00595,18-20,STEM,71.61,48.63,1.97,5,1,group_b,1
SYN-00596,18-20,Health,71.84,66.16,2.34,1,1,group_b,1
SYN-00597,16-17,Health,80.48,47.13,5.0,1,1,group_b,1
SYN-00598,18-20,STEM,60.04,75.48,2.98,0,0,group_b,1
SYN-00599,16-17,Business,80.04,51.23,2.16,0,1,group_b,1
SYN-00600,18-20,STEM,94.82,90.2,2.75,1,0,group_b,0
SYN-00601,16-17,STEM,70.87,62.54,2.85,1,1,group_b,1
SYN-00602,18-20,STEM,80.88,61.5,3.29,1,0,group_a,0
SYN-00603,25+,Business,85.07,73.62,1.89,2,0,group_a,0
SYN-00604,25+,Business,88.6,68.93,2.01,2,0,group_a,0
SYN-00605,16-17,Arts,65.59,72.79,2.38,0,0,not_stated,0
SYN-00606,21-24,Arts,57.08,70.0,2.5,2,0,group_a,1
SYN-00607,18-20,Health,83.92,68.4,3.09,0,0,group_a,0
SYN-00608,18-20,Arts,62.51,80.92,2.98,3,0,group_a,1
SYN-00609,18-20,STEM,79.83,59.73,3.3,0,0,group_b,1
SYN-00610,16-17,Health,68.94,68.59,3.19,1,0,group_b,0
SYN-00611,21-24,STEM,71.49,67.78,2.49,0,0,group_a,1
SYN-00612,25+,Health,95.37,45.71,3.75,2,0,group_a,0
SYN-00613,18-20,STEM,59.07,56.74,3.18,0,0,group_b,1
SYN-00614,21-24,Health,75.83,46.46,3.82,3,0,group_a,1
SYN-00615,21-24,Arts,76.94,69.33,2.07,3,0,group_b,1
SYN-00616,16-17,Health,67.81,37.56,3.64,0,0,group_b,0
SYN-00617,16-17,Arts,57.78,70.32,4.02,0,0,group_a,0
SYN-00618,18-20,Business,83.7,34.51,1.92,1,1,group_b,1
SYN-00619,25+,Health,84.3,72.67,2.75,1,0,group_b,0
SYN-00620,16-17,Business,66.87,81.16,2.52,0,0,group_a,0
SYN-00621,21-24,Health,69.53,37.16,2.37,0,0,not_stated,1
SYN-00622,25+,Arts,80.15,56.86,3.37,1,0,group_b,0
SYN-00623,18-20,Arts,63.57,56.74,1.61,1,0,group_a,0
SYN-00624,18-20,STEM,77.11,72.0,3.24,4,0,group_b,0
SYN-00625,18-20,Business,61.13,61.96,2.67,1,0,group_b,1
SYN-00626,25+,Business,97.39,52.08,2.88,2,0,group_a,0
SYN-00627,16-17,Health,67.7,78.56,3.46,2,0,group_a,0
SYN-00628,18-20,Arts,76.49,97.31,2.87,6,0,group_a,0
SYN-00629,18-20,Arts,61.04,38.4,2.72,1,0,group_b,0
SYN-00630,16-17,STEM,91.65,56.72,1.67,2,0,group_b,1
SYN-00631,18-20,STEM,69.69,55.47,2.79,3,0,group_b,1
SYN-00632,18-20,Arts,68.29,69.34,3.6,0,0,group_b,0
SYN-00633,18-20,Arts,78.21,75.09,1.47,3,0,group_a,0
SYN-00634,21-24,STEM,84.11,66.49,2.51,2,0,group_b,1
SYN-00635,25+,Arts,83.45,61.92,3.01,3,0,group_a,0
SYN-00636,18-20,Arts,98.18,55.24,2.37,1,0,group_a,0
SYN-00637,18-20,Business,77.34,66.83,3.78,0,1,group_b,1
SYN-00638,18-20,STEM,81.85,88.79,2.45,1,1,group_a,1
SYN-00639,18-20,STEM,65.42,60.24,3.72,1,0,group_a,0
SYN-00640,16-17,STEM,78.74,60.32,2.69,2,0,group_a,1
SYN-00641,21-24,Health,97.86,70.09,2.14,0,0,group_a,0
SYN-00642,21-24,STEM,90.3,77.05,3.56,2,1,group_a,0
SYN-00643,18-20,Arts,76.6,57.58,3.04,2,0,group_a,0
SYN-00644,25+,Business,58.39,55.48,2.08,0,0,group_b,1
SYN-00645,25+,Arts,62.8,47.54,1.68,0,1,group_a,1
SYN-00646,25+,Arts,65.44,75.78,3.61,2,0,group_b,0
SYN-00647,18-20,Arts,88.99,80.14,2.14,2,0,group_a,1
SYN-00648,16-17,Health,66.14,88.85,3.95,1,1,group_b,0
SYN-00649,21-24,Arts,79.5,69.28,3.93,1,1,group_b,1
SYN-00650,16-17,Health,83.61,73.08,2.07,1,0,group_b,1
SYN-00651,16-17,Business,62.81,59.32,4.26,2,0,group_a,1
SYN-00652,18-20,STEM,62.21,45.07,2.26,0,0,not_stated,1
SYN-00653,16-17,Business,58.48,67.75,2.42,1,0,group_a,0
SYN-00654,21-24,Arts,60.71,62.98,1.68,2,0,group_b,1
SYN-00655,21-24,Health,72.0,38.53,3.53,0,0,group_a,1
SYN-00656,25+,Health,81.79,64.17,1.12,1,1,group_a,1
SYN-00657,21-24,STEM,96.98,64.99,2.4,1,1,group_a,0
SYN-00658,21-24,Business,66.75,62.35,2.05,0,0,group_a,0
SYN-00659,25+,Health,74.52,56.13,1.42,1,0,group_a,0
SYN-00660,25+,STEM,66.15,67.71,2.56,1,0,group_b,0
SYN-00661,18-20,Business,57.75,70.99,3.38,2,0,group_b,0
SYN-00662,18-20,STEM,92.08,41.87,2.74,1,0,group_b,0
SYN-00663,21-24,Arts,65.78,58.8,2.0,3,0,group_a,1
SYN-00664,16-17,Health,62.16,65.4,2.84,1,1,group_b,1
SYN-00665,25+,STEM,79.77,65.48,2.06,0,0,group_b,1
SYN-00666,21-24,Health,65.59,51.69,3.52,0,1,group_a,1
SYN-00667,18-20,Arts,60.09,82.47,2.59,1,0,group_b,0
SYN-00668,16-17,Health,65.47,72.73,2.49,0,0,group_a,0
SYN-00669,21-24,Business,61.97,67.28,3.02,1,0,group_b,1
SYN-00670,21-24,STEM,59.29,50.9,2.01,1,0,group_a,0
SYN-00671,16-17,Arts,78.69,46.67,2.58,0,0,group_b,1
SYN-00672,18-20,Business,93.46,90.27,3.36,1,0,group_b,0
SYN-00673,18-20,Arts,75.87,62.53,3.98,0,0,group_a,0
SYN-00674,18-20,Arts,60.69,83.36,3.61,0,0,group_a,1
SYN-00675,25+,STEM,60.13,69.5,2.76,1,1,group_a,0
SYN-00676,21-24,STEM,76.82,66.5,4.01,4,1,group_b,1
SYN-00677,18-20,Arts,71.29,67.15,3.1,2,0,group_b,0
SYN-00678,25+,Business,90.14,64.07,2.64,0,0,group_b,0
SYN-00679,21-24,Arts,77.74,52.95,2.7,2,0,group_a,0
SYN-00680,18-20,Arts,69.9,52.35,2.48,2,0,group_b,0
SYN-00681,18-20,STEM,59.88,61.89,3.03,1,0,group_a,1
SYN-00682,21-24,STEM,58.23,72.45,1.0,4,0,group_a,0
SYN-00683,18-20,STEM,82.98,65.08,2.6,0,0,group_a,0
SYN-00684,18-20,STEM,58.19,67.14,1.57,0,0,group_a,0
SYN-00685,21-24,Health,78.51,76.95,3.71,1,0,group_b,0
SYN-00686,18-20,STEM,72.85,42.15,2.5,4,0,group_a,0
SYN-00687,18-20,Business,64.22,70.44,3.48,0,0,group_b,1
SYN-00688,18-20,Business,73.61,65.12,2.08,1,0,group_a,0
SYN-00689,16-17,Business,61.47,94.65,2.22,0,0,not_stated,1
SYN-00690,21-24,Arts,74.51,69.26,4.88,0,0,group_a,0
SYN-00691,18-20,Business,58.2,51.6,3.26,2,0,group_b,0
SYN-00692,18-20,Health,85.3,72.42,1.83,2,1,group_b,0
SYN-00693,18-20,STEM,79.89,56.65,2.06,1,0,group_b,0
SYN-00694,16-17,STEM,70.88,70.27,3.77,0,1,group_a,0
SYN-00695,16-17,Business,73.76,77.9,1.98,1,1,group_a,0
SYN-00696,25+,Health,82.61,24.39,3.17,0,0,group_b,1
SYN-00697,16-17,Health,90.82,71.08,3.22,1,0,group_a,0
SYN-00698,21-24,Arts,54.58,71.45,3.36,3,0,group_a,1
SYN-00699,25+,Health,82.12,42.39,3.23,0,0,group_a,1
SYN-00700,18-20,Arts,85.75,56.08,2.76,2,0,group_a,0
SYN-00701,16-17,Business,67.41,54.32,1.15,1,0,group_b,1
SYN-00702,25+,Health,68.21,71.01,1.71,1,0,group_a,0
SYN-00703,16-17,Arts,73.05,62.66,2.53,0,0,not_stated,1
SYN-00704,18-20,STEM,64.88,73.78,2.7,1,0,group_b,0
SYN-00705,21-24,Health,52.66,44.7,3.49,1,0,not_stated,1
SYN-00706,18-20,Arts,82.41,100.0,2.06,2,0,group_a,0
SYN-00707,21-24,Health,59.35,73.38,3.53,0,0,group_b,1
SYN-00708,16-17,Health,76.51,86.23,1.9,1,0,group_a,0
SYN-00709,21-24,Business,75.22,47.7,2.82,2,0,group_a,1
SYN-00710,21-24,Arts,91.22,72.31,4.54,2,1,group_a,0
SYN-00711,16-17,Business,82.78,61.13,1.64,2,0,group_b,1
SYN-00712,16-17,Arts,82.87,70.93,2.82,1,0,group_b,1
SYN-00713,18-20,Health,68.59,48.45,2.09,3,1,group_b,1
SYN-00714,18-20,Health,70.68,86.58,3.53,2,0,group_b,1
SYN-00715,16-17,Health,74.65,85.45,2.79,0,0,group_b,0
SYN-00716,16-17,Health,75.44,57.02,3.11,3,1,group_b,1
SYN-00717,25+,Health,78.88,52.23,3.35,2,0,group_b,1
SYN-00718,18-20,Business,62.12,78.3,3.4,1,1,group_b,0
SYN-00719,16-17,Business,70.76,92.25,3.33,0,0,group_a,0
SYN-00720,18-20,Health,70.88,71.39,1.42,1,1,group_a,1
SYN-00721,25+,Business,65.74,78.35,3.16,0,1,group_b,0
SYN-00722,18-20,STEM,73.17,69.99,2.4,1,0,group_b,0
SYN-00723,21-24,Business,77.36,64.1,2.15,2,0,group_b,1
SYN-00724,18-20,Health,71.48,61.7,3.01,0,0,group_a,0
SYN-00725,18-20,Business,69.32,57.75,3.0,3,0,group_b,0
SYN-00726,18-20,STEM,88.88,34.21,1.99,1,1,group_a,0
SYN-00727,25+,Health,57.44,82.43,3.34,1,0,group_b,1
SYN-00728,21-24,Arts,50.48,62.58,3.1,0,0,group_b,0
SYN-00729,25+,Health,70.97,65.23,3.67,0,0,group_a,1
SYN-00730,25+,Health,73.49,81.96,2.67,0,0,group_b,1
SYN-00731,16-17,STEM,81.17,74.62,2.74,1,0,group_a,0
SYN-00732,21-24,Health,84.49,75.01,4.08,0,0,group_a,0
SYN-00733,21-24,Health,79.2,67.86,2.64,0,1,group_b,0
SYN-00734,16-17,Business,79.98,60.35,4.1,1,0,group_b,0
SYN-00735,25+,Business,65.59,61.1,1.76,1,1,group_b,0
SYN-00736,18-20,Arts,65.9,38.2,2.2,1,0,group_a,0
SYN-00737,25+,Arts,62.53,62.86,3.07,0,0,group_b,1
SYN-00738,16-17,Arts,60.86,81.14,3.72,1,0,group_b,1
SYN-00739,21-24,Arts,73.9,27.66,2.43,0,0,group_b,1
SYN-00740,21-24,Arts,70.75,57.65,2.89,2,0,group_a,1
SYN-00741,16-17,Arts,59.71,99.33,1.64,0,0,group_b,0
SYN-00742,18-20,Arts,69.43,93.49,3.68,0,0,group_a,0
SYN-00743,18-20,Business,74.07,48.85,3.12,0,0,group_a,0
SYN-00744,21-24,Arts,79.19,56.37,3.47,1,0,not_stated,0
SYN-00745,25+,Business,71.04,37.48,2.87,2,1,group_a,1
SYN-00746,16-17,Business,72.12,74.75,2.4,2,0,group_a,0
SYN-00747,21-24,Business,81.71,77.32,3.26,2,0,group_b,0
SYN-00748,16-17,Business,92.64,46.95,2.65,0,1,group_a,0
SYN-00749,16-17,Business,74.23,77.27,3.6,2,0,not_stated,1
SYN-00750,16-17,Health,80.58,45.69,3.29,1,1,not_stated,0
SYN-00751,25+,Arts,79.17,58.92,3.02,3,0,group_a,1
SYN-00752,21-24,Health,68.08,76.54,3.11,1,0,group_b,0
SYN-00753,16-17,Health,74.49,76.18,3.61,0,0,group_b,0
SYN-00754,18-20,Arts,79.38,54.75,3.77,1,0,not_stated,0
SYN-00755,21-24,Health,52.4,57.87,2.38,0,0,group_b,1
SYN-00756,16-17,Health,71.45,39.73,2.5,0,0,group_a,1
SYN-00757,18-20,Health,94.19,86.97,2.88,1,1,group_a,0
SYN-00758,21-24,Business,93.67,54.58,1.98,2,0,group_b,1
SYN-00759,16-17,STEM,59.94,56.7,2.3,0,0,group_b,1
SYN-00760,25+,Health,74.4,76.54,3.74,1,1,group_a,0
SYN-00761,21-24,STEM,64.98,86.32,2.48,0,0,group_b,0
SYN-00762,21-24,Business,75.35,63.28,1.77,1,0,group_b,1
SYN-00763,25+,Health,68.65,48.88,2.87,2,0,group_b,1
SYN-00764,16-17,STEM,73.92,62.95,1.51,1,0,group_a,0
SYN-00765,18-20,STEM,67.24,46.7,2.61,1,1,group_a,1
SYN-00766,16-17,Health,66.11,69.57,2.36,2,0,group_b,1
SYN-00767,18-20,Arts,75.41,84.35,2.15,1,0,group_b,0
SYN-00768,18-20,STEM,78.56,84.4,2.73,0,0,group_a,0
SYN-00769,18-20,Health,72.87,45.47,3.22,2,1,group_a,0
SYN-00770,16-17,Business,71.3,60.44,3.49,3,0,group_a,0
SYN-00771,18-20,Health,67.93,58.82,3.54,0,0,not_stated,0
SYN-00772,21-24,STEM,85.7,73.74,2.38,3,0,group_a,0
SYN-00773,16-17,Business,57.73,74.63,2.36,0,0,group_b,0
SYN-00774,21-24,Arts,73.0,55.92,4.31,2,0,group_b,0
SYN-00775,25+,Health,58.73,78.38,2.55,0,1,group_b,0
SYN-00776,25+,Health,81.04,61.17,3.74,2,0,group_b,0
SYN-00777,16-17,STEM,79.06,64.39,3.15,0,0,group_a,0
SYN-00778,21-24,Health,67.13,87.88,3.39,1,0,group_b,0
SYN-00779,21-24,STEM,72.01,66.08,2.45,2,0,group_b,1
SYN-00780,21-24,Arts,67.29,63.52,2.62,3,0,group_a,0
SYN-00781,21-24,Arts,87.27,69.91,3.12,0,1,group_a,0
SYN-00782,16-17,Arts,65.83,71.62,2.42,1,0,group_a,1
SYN-00783,18-20,Arts,74.12,66.68,3.2,1,1,group_b,1
SYN-00784,16-17,Business,59.39,65.14,1.4,3,0,group_a,1
SYN-00785,18-20,Arts,68.43,57.36,3.68,0,0,group_a,1
SYN-00786,18-20,Arts,52.42,70.25,5.0,1,0,group_a,0
SYN-00787,16-17,STEM,72.89,60.38,1.97,2,0,not_stated,1
SYN-00788,25+,Arts,64.4,97.37,3.04,3,0,group_a,0
SYN-00789,21-24,STEM,100.0,44.96,2.68,0,0,group_b,0
SYN-00790,18-20,Business,77.21,73.96,4.18,1,0,group_b,1
SYN-00791,18-20,Arts,87.29,51.02,2.05,0,0,group_b,1
SYN-00792,21-24,Arts,79.35,63.94,2.41,1,1,group_b,0
SYN-00793,21-24,Business,79.15,84.75,3.4,1,0,group_a,1
SYN-00794,16-17,STEM,86.19,86.25,1.93,1,0,group_a,1
SYN-00795,16-17,Arts,71.39,50.73,4.13,3,0,group_b,0
SYN-00796,21-24,STEM,84.54,77.03,4.31,1,0,group_b,0
SYN-00797,16-17,Business,83.73,79.57,3.35,1,0,group_b,0
SYN-00798,21-24,Business,84.41,58.65,2.97,0,0,group_b,1
SYN-00799,18-20,Business,57.48,43.38,3.18,0,0,group_a,1
SYN-00800,21-24,Health,100.0,70.95,3.54,0,1,group_a,0
SYN-00801,18-20,Health,78.21,97.42,4.04,1,0,group_a,0
SYN-00802,25+,Health,77.85,57.23,1.13,3,0,not_stated,1
SYN-00803,16-17,STEM,88.69,67.65,3.56,0,0,group_a,1
SYN-00804,25+,STEM,87.52,43.59,3.06,2,0,group_b,1
SYN-00805,18-20,Health,83.03,59.22,2.79,1,0,not_stated,1
SYN-00806,21-24,Business,81.65,100.0,2.63,1,0,group_b,1
SYN-00807,16-17,STEM,72.89,38.13,2.49,1,0,group_b,1
SYN-00808,18-20,STEM,73.52,74.46,1.0,1,0,group_a,0
SYN-00809,18-20,Business,63.24,65.29,3.33,1,1,group_a,0
SYN-00810,21-24,Arts,68.56,59.75,4.04,1,0,group_b,0
SYN-00811,25+,Health,67.51,59.07,4.12,1,0,group_a,0
SYN-00812,18-20,STEM,72.16,70.28,3.65,1,0,group_a,1
SYN-00813,16-17,STEM,65.7,54.75,2.57,1,0,not_stated,0
SYN-00814,18-20,Business,83.66,48.63,4.12,0,1,group_a,0
SYN-00815,16-17,Business,75.9,70.72,4.1,1,0,group_b,0
SYN-00816,21-24,Health,51.26,87.53,2.47,2,0,group_a,0
SYN-00817,18-20,STEM,82.31,71.96,3.95,1,0,not_stated,0
SYN-00818,18-20,STEM,71.14,56.64,4.62,2,1,group_b,0
SYN-00819,18-20,Arts,76.8,63.07,2.08,0,0,group_a,0
SYN-00820,25+,STEM,82.22,50.77,3.3,1,0,group_a,0
SYN-00821,16-17,STEM,74.69,41.6,2.73,2,0,group_b,1
SYN-00822,18-20,Business,50.97,100.0,2.47,0,0,group_b,0
SYN-00823,16-17,Business,86.39,68.77,3.33,1,0,group_a,0
SYN-00824,18-20,Health,72.66,93.04,2.37,0,0,group_b,1
SYN-00825,25+,Health,82.09,82.17,2.59,1,0,group_a,0
SYN-00826,18-20,Arts,68.87,27.94,2.61,1,0,group_b,1
SYN-00827,21-24,Business,55.68,70.83,3.5,0,0,group_b,1
SYN-00828,21-24,Health,80.11,63.61,3.97,1,0,group_a,0
SYN-00829,16-17,Business,53.18,53.64,3.7,0,0,group_b,1
SYN-00830,21-24,Health,71.49,72.58,2.7,0,1,group_b,0
SYN-00831,16-17,Arts,69.69,42.02,3.08,1,0,group_b,1
SYN-00832,25+,Health,74.2,74.0,2.9,2,0,group_a,0
SYN-00833,18-20,STEM,74.87,61.0,4.21,2,0,group_b,1
SYN-00834,16-17,Health,87.43,100.0,3.1,1,0,group_a,0
SYN-00835,18-20,STEM,76.22,67.53,2.02,1,0,group_a,0
SYN-00836,21-24,Arts,90.48,87.38,1.72,2,1,group_a,1
SYN-00837,21-24,Business,66.52,88.38,1.42,1,0,group_b,1
SYN-00838,16-17,Health,59.96,61.84,2.68,0,1,group_a,1
SYN-00839,21-24,Business,80.41,34.17,3.61,1,0,group_a,0
SYN-00840,18-20,Health,72.96,90.8,2.96,2,1,group_b,1
SYN-00841,16-17,Business,98.75,57.03,3.49,1,0,group_a,0
SYN-00842,16-17,Health,67.73,58.9,3.46,1,0,group_b,1
SYN-00843,16-17,STEM,70.32,61.39,2.51,2,0,group_b,1
SYN-00844,16-17,Business,69.4,72.73,1.82,1,0,group_a,1
SYN-00845,16-17,STEM,77.43,35.48,2.94,2,0,group_a,1
SYN-00846,18-20,Health,75.16,38.86,2.87,2,0,group_b,1
SYN-00847,25+,Health,77.22,51.11,1.98,3,0,group_a,1
SYN-00848,16-17,Arts,56.48,57.81,2.35,1,0,group_b,1
SYN-00849,21-24,Arts,81.22,44.36,4.0,0,0,group_a,0
SYN-00850,18-20,Health,78.5,47.37,2.01,1,0,group_b,1
SYN-00851,18-20,Health,78.78,49.77,2.86,4,0,group_b,0
SYN-00852,18-20,STEM,93.33,65.33,1.51,0,0,group_b,0
SYN-00853,25+,Business,42.81,65.68,3.47,2,0,group_a,1
SYN-00854,18-20,Health,92.63,62.88,3.04,1,0,group_b,0
SYN-00855,25+,Health,78.06,72.59,2.45,1,1,group_a,1
SYN-00856,18-20,Arts,68.18,60.82,2.43,2,0,group_a,1
SYN-00857,18-20,Business,80.31,48.14,3.24,1,0,group_a,0
SYN-00858,21-24,Arts,99.24,60.69,2.95,0,0,group_a,0
SYN-00859,16-17,Health,64.49,75.97,3.12,2,0,not_stated,0
SYN-00860,25+,STEM,73.15,61.89,1.54,0,0,group_a,0
SYN-00861,16-17,STEM,70.56,82.67,4.61,0,1,group_b,0
SYN-00862,16-17,Business,70.27,53.58,2.29,1,0,group_a,1
SYN-00863,21-24,Health,80.42,73.04,3.21,1,0,group_a,0
SYN-00864,18-20,Business,66.38,72.43,2.54,1,0,group_b,0
SYN-00865,25+,STEM,75.97,52.71,2.59,2,1,group_a,1
SYN-00866,18-20,Business,81.21,52.99,3.49,0,1,group_b,0
SYN-00867,25+,Health,80.63,50.81,4.11,2,0,group_a,0
SYN-00868,21-24,STEM,70.55,58.31,1.69,3,0,group_a,1
SYN-00869,18-20,Arts,82.17,66.62,2.82,0,0,group_a,0
SYN-00870,25+,Business,72.77,67.92,1.89,1,1,group_a,0
SYN-00871,25+,Arts,80.25,63.0,4.0,1,0,group_b,0
SYN-00872,21-24,Health,62.35,46.84,3.49,2,1,group_b,1
SYN-00873,21-24,Health,63.55,66.33,2.3,2,0,group_b,1
SYN-00874,18-20,Business,94.81,84.18,3.29,2,1,group_a,0
SYN-00875,16-17,Arts,81.92,49.49,2.66,0,0,group_a,0
SYN-00876,18-20,Health,81.59,64.78,1.23,1,0,group_b,1
SYN-00877,21-24,STEM,70.7,64.4,2.67,2,0,group_a,1
SYN-00878,18-20,Arts,82.4,49.31,3.5,0,0,group_b,1
SYN-00879,21-24,Business,73.73,56.15,2.17,1,0,group_a,1
SYN-00880,25+,Health,76.65,62.32,3.18,1,0,group_a,1
SYN-00881,21-24,Arts,69.66,72.45,2.86,0,0,group_a,1
SYN-00882,16-17,Health,72.61,61.26,2.31,1,0,group_a,0
SYN-00883,18-20,Business,72.97,58.12,2.27,0,0,group_a,0
SYN-00884,21-24,Health,66.67,60.89,3.89,0,0,group_b,0
SYN-00885,18-20,Arts,75.52,29.21,2.46,1,0,group_a,1
SYN-00886,21-24,STEM,73.89,57.34,3.03,2,1,group_b,0
SYN-00887,16-17,Health,72.95,74.46,3.59,1,0,group_a,0
SYN-00888,18-20,Health,74.35,76.67,2.58,0,0,group_b,1
SYN-00889,21-24,STEM,74.34,26.67,3.88,2,0,group_a,0
SYN-00890,18-20,STEM,64.03,77.34,2.2,1,0,group_a,0
SYN-00891,18-20,Health,69.6,54.5,4.0,1,1,group_a,1
SYN-00892,21-24,Business,85.62,90.42,3.49,0,1,group_a,0
SYN-00893,18-20,Health,62.04,68.56,3.07,3,1,group_b,1
SYN-00894,18-20,Arts,82.46,73.43,3.52,1,1,group_b,0
SYN-00895,16-17,STEM,76.67,42.94,1.36,0,1,group_a,1
SYN-00896,16-17,Arts,41.79,49.56,3.78,2,0,group_b,1
SYN-00897,21-24,Business,84.81,71.25,1.87,1,0,group_b,0
SYN-00898,18-20,Business,65.13,75.41,2.03,0,1,group_b,0
SYN-00899,16-17,Arts,59.48,45.82,3.45,1,0,group_b,0
SYN-00900,16-17,Arts,85.02,60.74,3.07,1,0,group_b,0
SYN-00901,25+,STEM,91.43,87.8,2.59,0,0,group_a,0
SYN-00902,16-17,STEM,75.6,64.01,3.44,1,0,group_b,0
SYN-00903,18-20,STEM,71.56,46.48,4.88,1,0,group_b,1
SYN-00904,25+,Arts,80.05,42.35,4.09,1,0,group_b,0
SYN-00905,25+,Business,59.1,53.58,3.23,5,1,group_b,1
SYN-00906,25+,Arts,88.28,73.36,2.86,1,0,group_b,0
SYN-00907,16-17,STEM,82.52,60.82,4.71,0,0,group_b,0
SYN-00908,16-17,Arts,65.8,64.78,3.2,0,0,group_a,1
SYN-00909,16-17,STEM,65.55,53.22,2.94,2,0,group_a,0
SYN-00910,25+,Arts,80.34,84.05,3.31,0,0,group_a,0
SYN-00911,21-24,STEM,97.82,56.12,2.6,3,0,group_b,0
SYN-00912,16-17,Arts,61.43,53.55,2.95,3,0,group_a,0
SYN-00913,18-20,Business,73.2,63.18,1.99,1,0,group_a,0
SYN-00914,18-20,STEM,77.51,61.6,4.19,1,0,group_a,1
SYN-00915,21-24,Arts,59.3,70.39,3.27,0,0,group_a,0
SYN-00916,18-20,Health,72.46,78.12,2.99,0,1,group_a,0
SYN-00917,16-17,STEM,86.01,64.44,3.48,4,0,group_a,1
SYN-00918,18-20,Business,76.59,53.79,3.07,2,0,group_b,1
SYN-00919,18-20,Arts,83.12,20.92,2.55,3,0,group_a,1
SYN-00920,18-20,Health,73.39,67.42,2.53,6,0,group_b,0
SYN-00921,18-20,Arts,77.42,66.35,5.0,0,1,group_a,0
SYN-00922,25+,Business,78.25,67.03,3.02,2,0,group_a,0
SYN-00923,18-20,STEM,82.19,74.97,2.33,0,0,group_a,0
SYN-00924,18-20,Health,72.71,61.71,3.49,2,0,group_a,0
SYN-00925,21-24,Business,74.3,48.93,2.73,1,1,group_b,0
SYN-00926,25+,Business,59.87,77.86,3.11,0,0,group_b,1
SYN-00927,21-24,STEM,87.07,42.42,4.09,0,0,group_a,0
SYN-00928,18-20,Health,86.67,65.0,1.89,1,1,group_b,1
SYN-00929,16-17,STEM,72.39,62.7,2.32,0,0,group_a,1
SYN-00930,21-24,Business,83.12,62.71,2.06,3,0,group_b,0
SYN-00931,18-20,Health,64.81,70.8,2.99,0,1,group_b,0
SYN-00932,16-17,Business,72.16,74.57,2.04,0,0,group_b,1
SYN-00933,18-20,Arts,62.23,61.31,3.35,1,0,group_b,1
SYN-00934,18-20,Health,78.39,75.06,2.6,1,0,group_b,0
SYN-00935,18-20,STEM,68.95,39.44,3.08,3,1,group_a,1
SYN-00936,18-20,Arts,83.67,78.76,3.29,2,0,group_a,0
SYN-00937,18-20,STEM,48.02,50.45,2.25,1,1,group_b,0
SYN-00938,16-17,Health,70.83,47.29,2.76,2,0,group_a,0
SYN-00939,16-17,Arts,68.37,72.7,4.88,0,0,group_b,1
SYN-00940,18-20,Arts,61.7,61.92,3.65,1,1,group_a,1
SYN-00941,25+,Arts,77.91,59.49,2.75,0,0,group_a,1
SYN-00942,18-20,Arts,73.27,33.15,3.08,1,0,group_a,0
SYN-00943,21-24,Business,95.73,62.45,3.2,1,0,group_b,0
SYN-00944,21-24,Arts,58.26,60.67,2.52,1,0,group_b,1
SYN-00945,21-24,Business,73.76,69.15,1.74,4,0,group_b,1
SYN-00946,16-17,STEM,71.46,55.48,3.08,2,0,group_b,1
SYN-00947,16-17,Business,65.52,44.55,2.3,0,0,not_stated,1
SYN-00948,21-24,Health,83.64,54.25,2.97,1,0,group_a,0
SYN-00949,21-24,Business,99.67,83.93,2.92,1,0,group_a,0
SYN-00950,21-24,STEM,78.66,79.44,3.12,1,0,group_b,0
SYN-00951,21-24,Business,68.33,73.25,3.67,3,0,group_b,0
SYN-00952,16-17,Business,61.39,32.5,2.97,0,1,group_a,1
SYN-00953,21-24,Health,74.37,50.93,2.22,0,1,group_b,0
SYN-00954,16-17,STEM,66.35,79.81,2.69,0,0,group_b,0
SYN-00955,21-24,Business,65.39,56.46,2.41,1,0,group_a,0
SYN-00956,18-20,Arts,75.43,41.9,2.83,3,1,group_b,1
SYN-00957,25+,STEM,60.14,69.1,3.35,0,0,group_a,1
SYN-00958,16-17,STEM,73.74,54.68,2.48,0,0,group_b,0
SYN-00959,21-24,Business,66.5,71.22,3.52,1,0,group_b,1
SYN-00960,16-17,Health,80.02,63.98,2.66,0,1,group_b,1
SYN-00961,25+,Arts,69.65,58.58,3.14,0,0,group_b,0
SYN-00962,16-17,STEM,66.99,66.97,2.9,1,0,group_a,0
SYN-00963,21-24,Business,83.68,58.37,3.32,0,1,group_b,1
SYN-00964,16-17,Arts,79.61,52.51,2.01,2,0,group_b,0
SYN-00965,25+,STEM,83.07,78.03,3.14,1,0,group_a,1
SYN-00966,18-20,STEM,70.94,25.94,2.34,0,0,group_a,1
SYN-00967,16-17,Health,75.21,85.24,4.05,1,0,not_stated,0
SYN-00968,18-20,STEM,73.02,60.37,2.03,2,0,not_stated,0
SYN-00969,21-24,STEM,67.85,48.66,3.13,1,0,group_b,1
SYN-00970,18-20,Business,85.45,100.0,2.72,4,0,not_stated,1
SYN-00971,21-24,STEM,69.4,60.34,2.48,1,1,group_b,1
SYN-00972,18-20,STEM,72.98,64.47,2.96,0,1,group_b,1
SYN-00973,16-17,STEM,63.55,76.46,3.12,3,0,group_a,0
SYN-00974,18-20,STEM,66.76,58.74,2.83,0,0,group_a,0
SYN-00975,18-20,Health,67.18,84.15,3.69,0,1,group_a,0
SYN-00976,16-17,Health,75.15,42.01,2.79,0,0,group_a,0
SYN-00977,18-20,Business,75.89,49.53,3.22,0,1,group_a,0
SYN-00978,16-17,STEM,67.09,67.58,2.73,1,1,group_b,1
SYN-00979,18-20,Business,67.39,87.02,2.74,2,1,not_stated,1
SYN-00980,21-24,Health,78.53,80.48,3.4,1,1,group_a,1
SYN-00981,25+,Business,65.01,61.83,2.98,4,1,group_b,1
SYN-00982,21-24,Arts,73.57,46.57,2.59,3,0,group_b,1
SYN-00983,25+,Health,73.1,91.29,2.54,0,0,group_b,1
SYN-00984,16-17,Health,84.02,49.09,4.0,2,1,group_a,1
SYN-00985,21-24,Health,66.04,43.33,3.29,1,1,group_a,1
SYN-00986,18-20,Business,71.55,86.2,4.75,2,0,group_a,0
SYN-00987,18-20,STEM,68.32,50.86,1.63,3,1,group_a,1
SYN-00988,21-24,STEM,73.58,52.79,3.0,0,1,group_b,1
SYN-00989,16-17,Health,78.6,59.85,1.33,0,0,group_b,0
SYN-00990,25+,Arts,67.46,52.86,1.0,2,0,group_a,1
SYN-00991,16-17,Health,74.6,75.09,2.74,3,0,group_a,1
SYN-00992,21-24,Business,68.46,64.35,2.42,2,0,group_b,1
SYN-00993,21-24,Arts,78.8,80.28,3.7,2,0,group_b,1
SYN-00994,21-24,Arts,88.22,49.39,3.41,1,0,group_a,0
SYN-00995,25+,STEM,68.47,42.48,1.16,1,1,not_stated,1
SYN-00996,25+,Business,80.67,96.56,2.7,0,0,group_b,0
SYN-00997,16-17,STEM,53.59,73.13,3.02,3,1,group_b,1
SYN-00998,18-20,Arts,68.24,50.03,2.03,2,0,group_b,0
SYN-00999,16-17,Arts,52.07,66.23,1.33,0,0,group_b,1
SYN-01000,16-17,STEM,54.85,45.88,1.45,1,0,group_b,0
SYN-01001,21-24,Health,77.05,85.85,3.22,1,0,group_b,0
SYN-01002,18-20,Business,97.85,66.95,1.78,1,0,group_a,1
SYN-01003,18-20,Arts,85.13,83.69,3.13,2,0,group_a,0
SYN-01004,18-20,STEM,68.69,65.4,2.32,0,0,group_a,0
SYN-01005,16-17,Arts,67.97,78.21,3.06,1,0,group_a,0
SYN-01006,25+,Health,76.45,81.03,2.9,1,0,group_a,0
SYN-01007,21-24,Health,67.92,74.56,2.97,0,1,group_b,0
SYN-01008,21-24,STEM,70.04,44.25,3.46,3,1,group_b,1
SYN-01009,25+,Business,69.75,67.21,1.77,1,1,group_b,0
SYN-01010,18-20,Arts,76.06,91.5,3.24,0,0,group_b,1
SYN-01011,16-17,STEM,63.99,61.78,3.17,2,0,group_a,0
SYN-01012,16-17,Health,54.29,33.68,2.13,1,0,group_a,1
SYN-01013,16-17,Health,78.72,94.23,2.39,0,1,group_b,1
SYN-01014,21-24,Arts,70.73,87.57,3.23,2,0,group_b,0
SYN-01015,18-20,Health,70.25,67.19,3.49,1,0,group_b,0
SYN-01016,16-17,Arts,77.48,79.09,3.39,2,0,group_b,0
SYN-01017,18-20,STEM,76.74,58.46,2.43,2,0,group_a,0
SYN-01018,21-24,Business,57.75,71.73,3.19,0,0,group_b,0
SYN-01019,16-17,STEM,79.91,67.85,2.19,1,0,group_b,0
SYN-01020,21-24,Health,82.65,68.19,2.26,0,0,group_b,0
SYN-01021,18-20,Business,66.16,48.21,2.61,1,0,group_b,0
SYN-01022,16-17,Arts,79.47,70.09,3.37,1,1,group_b,0
SYN-01023,18-20,STEM,68.45,61.77,3.04,0,0,group_a,1
SYN-01024,16-17,Arts,69.17,62.16,2.61,3,0,group_a,0
SYN-01025,25+,Business,60.15,83.21,3.45,1,0,group_a,1
SYN-01026,25+,STEM,78.03,78.73,3.9,1,0,group_a,0
SYN-01027,21-24,Health,61.74,43.2,3.75,0,1,group_b,0
SYN-01028,16-17,Arts,72.81,59.84,2.8,0,0,group_a,1
SYN-01029,16-17,Arts,79.35,57.64,2.14,2,0,group_a,1
SYN-01030,18-20,Arts,60.76,70.15,2.41,0,0,not_stated,0
SYN-01031,25+,STEM,67.03,71.78,1.62,3,0,group_b,0
SYN-01032,16-17,Arts,74.62,79.72,3.23,2,1,group_a,1
SYN-01033,18-20,Business,76.25,78.03,2.78,0,0,group_a,1
SYN-01034,16-17,Arts,64.82,30.01,3.87,1,0,group_a,0
SYN-01035,21-24,Arts,74.27,63.55,3.06,1,0,group_b,1
SYN-01036,16-17,STEM,69.85,78.92,3.38,2,0,not_stated,0
SYN-01037,18-20,Health,57.29,57.15,5.0,3,0,group_a,0
SYN-01038,16-17,STEM,77.24,65.33,3.48,1,1,group_a,0
SYN-01039,21-24,STEM,68.66,72.93,2.2,1,0,group_b,1
SYN-01040,18-20,Arts,95.46,41.93,4.7,0,1,group_b,0
SYN-01041,21-24,Business,58.68,61.94,3.47,0,1,group_a,0
SYN-01042,16-17,Business,60.75,58.41,2.89,0,0,group_b,1
SYN-01043,25+,Health,77.06,30.76,2.53,0,0,group_a,0
SYN-01044,21-24,Health,59.09,62.56,2.29,3,0,group_b,1
SYN-01045,25+,Business,76.23,49.45,2.57,1,0,group_a,1
SYN-01046,16-17,Health,80.29,68.32,2.64,0,0,group_b,0
SYN-01047,21-24,Business,65.07,67.87,2.11,0,0,group_a,1
SYN-01048,18-20,Business,65.57,60.92,2.11,3,0,group_b,1
SYN-01049,18-20,Arts,95.09,40.7,2.13,3,0,group_a,0
SYN-01050,16-17,Business,59.88,61.32,3.55,2,0,group_b,0
SYN-01051,16-17,STEM,57.01,63.42,1.81,1,0,group_a,1
SYN-01052,18-20,Business,73.03,70.31,2.51,2,0,group_b,0
SYN-01053,18-20,Arts,67.92,68.26,1.82,1,1,group_b,1
SYN-01054,16-17,STEM,94.35,68.04,3.87,1,0,group_b,0
SYN-01055,21-24,Arts,68.71,67.38,3.14,0,1,group_a,0
SYN-01056,25+,Business,76.76,59.62,4.43,0,0,group_b,0
SYN-01057,25+,Business,75.17,44.34,3.16,2,1,group_a,1
SYN-01058,18-20,Arts,84.81,63.88,2.33,1,0,group_a,0
SYN-01059,25+,Business,74.56,38.79,5.0,0,0,group_a,0
SYN-01060,25+,STEM,71.06,49.41,3.4,0,1,group_b,1
SYN-01061,18-20,Health,58.94,51.13,2.39,1,0,group_b,1
SYN-01062,18-20,STEM,71.54,64.32,3.33,3,0,group_a,1
SYN-01063,21-24,Arts,59.16,36.31,3.77,1,1,group_b,1
SYN-01064,21-24,STEM,83.5,70.04,3.5,2,1,group_a,1
SYN-01065,21-24,Health,64.08,55.66,3.37,1,0,group_a,1
SYN-01066,16-17,Business,72.95,71.94,3.38,1,0,group_b,0
SYN-01067,18-20,STEM,78.37,75.37,3.44,1,0,group_a,0
SYN-01068,16-17,Business,82.19,53.16,2.81,2,0,group_b,0
SYN-01069,18-20,Arts,77.45,38.6,2.46,2,1,not_stated,0
SYN-01070,18-20,Arts,65.09,71.95,2.53,1,1,group_b,0
SYN-01071,16-17,Arts,86.34,63.54,3.28,2,1,group_b,1
SYN-01072,16-17,Arts,69.02,46.86,3.72,1,0,group_b,0
SYN-01073,18-20,Business,79.01,64.51,2.81,1,0,group_a,1
SYN-01074,18-20,STEM,61.11,60.84,3.27,1,1,group_a,1
SYN-01075,25+,STEM,74.53,84.66,3.35,1,0,group_a,0
SYN-01076,16-17,Business,78.12,75.96,3.52,1,0,group_b,0
SYN-01077,21-24,Business,70.62,59.74,2.26,2,0,group_a,1
SYN-01078,25+,STEM,78.46,53.04,2.53,1,0,group_b,1
SYN-01079,16-17,Business,79.63,49.23,3.61,2,0,group_a,0
SYN-01080,18-20,Arts,57.55,53.87,1.88,4,1,group_b,1
SYN-01081,16-17,Business,69.68,64.16,2.24,1,1,group_b,0
SYN-01082,16-17,Arts,80.69,59.61,2.03,0,0,group_b,0
SYN-01083,21-24,STEM,66.72,74.51,2.01,1,0,group_a,0
SYN-01084,25+,Arts,77.2,22.04,3.07,0,0,group_a,1
SYN-01085,16-17,Arts,66.41,86.71,3.8,2,0,group_b,0
SYN-01086,21-24,STEM,68.17,52.35,3.84,3,0,group_a,0
SYN-01087,18-20,Business,70.84,57.79,3.24,2,0,group_a,1
SYN-01088,18-20,Arts,65.31,35.76,3.76,2,0,group_a,0
SYN-01089,16-17,Health,79.67,46.82,3.21,0,0,group_b,0
SYN-01090,18-20,Arts,80.48,62.21,2.89,0,1,group_b,0
SYN-01091,21-24,Business,85.64,73.43,2.6,0,1,group_a,1
SYN-01092,16-17,Arts,73.63,86.03,2.33,2,0,group_a,1
SYN-01093,18-20,Business,89.02,49.94,2.33,3,0,group_b,0
SYN-01094,25+,Health,94.66,60.05,1.38,0,1,group_b,0
SYN-01095,18-20,Business,80.17,55.22,3.11,1,0,group_a,0
SYN-01096,21-24,Business,79.67,49.97,3.51,1,0,group_a,0
SYN-01097,16-17,STEM,82.43,62.71,2.52,3,1,group_a,0
SYN-01098,21-24,Arts,83.71,72.97,2.88,2,0,not_stated,0
SYN-01099,18-20,STEM,74.25,48.65,1.1,0,0,group_b,0
SYN-01100,16-17,Health,74.36,82.2,2.4,1,0,group_a,0
SYN-01101,16-17,STEM,87.21,81.42,2.5,1,1,group_a,1
SYN-01102,16-17,Business,76.93,56.47,3.85,2,0,group_a,1
SYN-01103,21-24,Arts,73.86,75.15,3.02,1,0,group_b,1
SYN-01104,16-17,Business,65.47,54.39,2.85,2,0,group_a,0
SYN-01105,21-24,Business,73.14,55.26,3.38,1,1,group_b,0
SYN-01106,18-20,Health,63.06,50.05,3.68,1,0,group_a,0
SYN-01107,16-17,STEM,77.3,57.51,2.91,0,0,group_a,0
SYN-01108,18-20,Arts,65.1,82.24,2.87,1,1,group_a,0
SYN-01109,21-24,Business,69.69,51.83,2.96,0,0,group_b,0
SYN-01110,21-24,Health,71.89,61.19,2.48,1,0,group_b,1
SYN-01111,18-20,Business,62.11,59.46,2.59,1,1,group_a,1
SYN-01112,25+,STEM,76.51,63.92,2.36,1,0,not_stated,1
SYN-01113,16-17,Business,73.52,50.78,2.56,0,1,group_a,1
SYN-01114,16-17,Arts,84.45,70.4,3.43,2,0,group_a,0
SYN-01115,18-20,Health,64.58,69.35,3.34,3,0,group_a,0
SYN-01116,21-24,Arts,72.3,39.7,3.55,2,0,group_b,1
SYN-01117,21-24,STEM,72.97,49.54,3.34,2,0,not_stated,1
SYN-01118,16-17,STEM,83.97,58.87,3.3,0,1,group_b,1
SYN-01119,16-17,Arts,63.22,73.77,3.54,0,0,group_b,0
SYN-01120,18-20,Health,61.98,27.2,2.85,2,0,group_b,0
SYN-01121,21-24,Arts,73.92,61.25,3.4,1,1,group_a,1
SYN-01122,25+,STEM,79.99,80.58,2.29,2,1,group_a,0
SYN-01123,18-20,Arts,75.97,87.86,2.43,1,1,group_b,1
SYN-01124,21-24,STEM,74.02,63.49,2.32,0,1,group_b,1
SYN-01125,18-20,Business,97.13,66.63,3.14,6,0,group_a,0
SYN-01126,21-24,Health,86.18,57.95,3.71,0,1,group_b,0
SYN-01127,18-20,Health,74.98,69.21,3.13,1,0,group_b,0
SYN-01128,18-20,Health,66.37,65.68,2.64,2,1,group_b,1
SYN-01129,21-24,Arts,60.84,38.14,3.09,0,0,group_b,0
SYN-01130,25+,Health,72.85,70.4,2.42,0,0,group_b,1
SYN-01131,16-17,STEM,60.13,89.29,3.67,4,1,group_a,0
SYN-01132,18-20,Health,66.54,65.86,4.06,1,1,group_a,0
SYN-01133,16-17,STEM,60.72,54.14,1.77,2,0,group_a,1
SYN-01134,16-17,STEM,87.19,52.03,3.75,1,0,group_b,1
SYN-01135,21-24,Health,71.81,71.28,3.84,0,0,group_b,0
SYN-01136,18-20,Business,74.05,49.42,1.28,1,0,group_a,1
SYN-01137,25+,Arts,79.37,64.64,2.42,2,0,group_a,0
SYN-01138,16-17,STEM,81.48,75.91,3.11,1,0,group_a,0
SYN-01139,21-24,STEM,89.09,59.83,3.59,1,0,group_b,0
SYN-01140,18-20,Health,78.66,62.84,2.94,0,0,group_a,0
SYN-01141,21-24,Business,93.48,67.64,3.28,0,0,group_a,1
SYN-01142,18-20,Health,83.81,48.55,2.35,2,1,group_a,0
SYN-01143,16-17,Business,76.22,57.64,2.87,0,0,group_b,1
SYN-01144,21-24,Health,84.7,65.57,2.55,0,0,group_b,0
SYN-01145,18-20,Health,71.09,67.18,3.0,1,1,group_b,0
SYN-01146,21-24,Business,77.57,55.12,1.11,1,0,group_a,0
SYN-01147,18-20,Health,77.92,72.92,2.98,0,0,group_b,0
SYN-01148,18-20,Health,77.69,63.64,3.52,0,0,group_b,1
SYN-01149,16-17,STEM,73.33,53.15,3.53,1,0,group_a,0
SYN-01150,21-24,Arts,62.49,82.82,2.17,2,0,group_b,0
SYN-01151,16-17,Arts,70.02,73.67,3.6,1,0,group_a,0
SYN-01152,18-20,Arts,76.75,69.19,2.65,0,1,group_a,1
SYN-01153,18-20,Arts,92.06,86.7,3.97,2,0,group_a,1
SYN-01154,25+,Business,72.41,38.91,2.62,0,0,group_a,0
SYN-01155,16-17,STEM,71.58,52.73,3.95,2,0,not_stated,1
SYN-01156,16-17,STEM,71.95,68.39,2.52,1,0,group_a,1
SYN-01157,25+,Health,71.07,94.16,2.15,2,0,group_a,0
SYN-01158,18-20,Arts,72.91,55.51,1.88,1,0,group_b,1
SYN-01159,18-20,STEM,83.49,44.73,3.94,1,1,group_b,1
SYN-01160,21-24,STEM,76.55,73.59,4.06,2,0,group_b,0
SYN-01161,18-20,Health,82.71,36.69,4.22,1,0,group_b,0
SYN-01162,18-20,Arts,84.98,68.3,2.56,1,0,group_a,0
SYN-01163,25+,Health,94.83,56.78,2.91,4,1,group_a,1
SYN-01164,18-20,Business,78.93,64.48,2.55,2,0,group_b,0
SYN-01165,25+,STEM,66.04,55.78,3.1,2,1,not_stated,1
SYN-01166,18-20,Business,73.46,54.87,2.47,0,0,group_b,1
SYN-01167,16-17,Business,91.83,72.57,2.51,2,0,group_a,0
SYN-01168,21-24,Business,57.59,53.32,3.4,4,0,group_b,1
SYN-01169,18-20,STEM,80.24,64.53,2.01,0,0,group_a,0
SYN-01170,16-17,Business,77.36,52.98,2.27,0,0,group_b,1
SYN-01171,16-17,STEM,76.99,64.06,3.7,1,0,not_stated,0
SYN-01172,18-20,STEM,75.5,36.1,2.57,1,0,group_b,0
SYN-01173,18-20,STEM,59.77,79.38,2.84,4,0,group_a,0
SYN-01174,21-24,Business,68.58,61.81,2.62,1,1,group_b,0
SYN-01175,18-20,Business,63.14,62.52,4.03,1,0,group_a,1
SYN-01176,18-20,Business,79.67,80.94,2.59,1,0,group_b,0
SYN-01177,21-24,Business,79.35,69.08,3.0,0,0,group_b,1
SYN-01178,18-20,Business,78.97,41.53,3.09,2,0,group_a,0
SYN-01179,16-17,Health,69.67,81.14,2.52,3,0,group_b,1
SYN-01180,25+,Health,91.72,78.65,2.8,1,0,group_a,0
SYN-01181,18-20,Health,83.69,59.53,2.81,2,0,group_a,1
SYN-01182,16-17,STEM,88.88,55.86,3.15,2,0,not_stated,0
SYN-01183,21-24,Business,65.42,63.4,4.31,0,1,group_b,0
SYN-01184,18-20,Business,49.71,61.39,3.51,0,0,group_a,0
SYN-01185,25+,Health,75.39,63.58,3.85,0,0,group_a,1
SYN-01186,21-24,Health,89.58,66.47,2.85,0,0,group_a,0
SYN-01187,25+,Arts,96.9,49.93,3.55,2,1,group_b,0
SYN-01188,16-17,Health,90.15,55.95,3.2,1,0,group_a,0
SYN-01189,16-17,STEM,78.74,73.86,2.46,0,0,group_a,0
SYN-01190,18-20,STEM,88.94,54.78,2.45,0,1,group_b,1
SYN-01191,18-20,Business,56.17,100.0,3.51,1,0,group_a,0
SYN-01192,25+,Business,78.12,56.52,3.52,0,0,group_b,1
SYN-01193,18-20,Health,77.88,35.71,1.75,0,0,group_b,1
SYN-01194,21-24,STEM,86.67,66.19,2.41,1,0,group_a,1
SYN-01195,16-17,Arts,82.18,78.27,1.73,0,0,group_a,0
SYN-01196,25+,Arts,87.84,51.96,2.7,1,1,not_stated,1
SYN-01197,25+,Arts,72.4,81.02,3.39,0,1,group_a,0
SYN-01198,16-17,Business,65.76,75.38,2.54,1,0,group_a,0
SYN-01199,18-20,STEM,79.05,64.36,2.49,0,0,group_b,0
SYN-01200,18-20,STEM,86.32,74.94,2.24,1,0,group_a,0
SYN-01201,25+,STEM,76.05,96.85,2.46,1,0,group_a,1
SYN-01202,16-17,Arts,78.56,75.98,2.74,1,1,group_b,0
SYN-01203,21-24,Arts,55.45,74.92,1.23,1,1,group_b,1
SYN-01204,25+,STEM,64.29,36.89,3.37,0,0,group_a,0
SYN-01205,16-17,Health,79.9,71.56,4.14,2,0,not_stated,0
SYN-01206,18-20,Health,68.81,54.25,3.08,2,0,group_a,0
SYN-01207,16-17,Business,69.62,94.31,2.46,1,0,group_b,1
SYN-01208,18-20,Health,75.89,69.61,4.44,2,1,group_b,0
SYN-01209,18-20,Health,79.42,66.72,2.22,0,1,group_a,1
SYN-01210,18-20,Health,71.74,63.32,3.17,0,0,group_a,0
SYN-01211,16-17,STEM,70.99,58.72,2.61,1,0,group_a,1
SYN-01212,25+,Business,75.47,73.07,3.44,0,1,group_a,1
SYN-01213,16-17,Business,83.13,56.84,3.82,1,1,group_a,1
SYN-01214,18-20,Business,91.42,80.12,2.57,0,0,not_stated,0
SYN-01215,21-24,Business,68.75,59.45,4.1,0,1,group_b,0
SYN-01216,18-20,Business,45.15,58.29,3.87,0,0,group_b,1
SYN-01217,18-20,Arts,80.15,83.02,3.42,1,1,group_b,0
SYN-01218,25+,STEM,75.3,83.72,1.78,1,0,group_b,0
SYN-01219,25+,Arts,66.05,34.48,2.05,3,1,group_a,0
SYN-01220,16-17,Business,81.72,47.01,2.98,2,0,group_a,0
SYN-01221,18-20,Business,82.17,39.86,2.22,1,0,group_b,1
SYN-01222,18-20,Business,76.71,96.92,3.46,2,1,group_b,0
SYN-01223,21-24,Arts,83.95,40.68,3.68,3,0,group_b,0
SYN-01224,18-20,STEM,93.38,41.88,3.14,1,0,group_a,1
SYN-01225,16-17,Business,59.82,47.49,3.99,3,0,group_b,1
SYN-01226,16-17,STEM,63.33,51.17,2.21,3,1,group_a,1
SYN-01227,25+,STEM,78.2,39.25,2.46,1,1,group_b,0
SYN-01228,18-20,Health,57.59,58.95,3.46,1,0,group_a,0
SYN-01229,21-24,Business,70.17,69.32,2.7,0,0,group_a,0
SYN-01230,21-24,STEM,65.04,80.6,3.49,0,0,group_a,1
SYN-01231,18-20,Business,68.1,49.24,1.94,0,0,not_stated,0
SYN-01232,18-20,Business,68.11,56.52,4.8,0,0,group_a,0
SYN-01233,18-20,Arts,69.02,56.92,1.13,2,0,group_b,1
SYN-01234,21-24,Health,66.6,62.11,3.64,1,1,group_b,0
SYN-01235,16-17,Arts,83.19,69.46,1.71,1,1,group_b,0
SYN-01236,21-24,Arts,71.26,92.57,3.42,1,0,group_a,0
SYN-01237,21-24,STEM,57.86,62.38,3.65,3,0,group_b,1
SYN-01238,18-20,Health,63.88,27.29,3.66,2,1,not_stated,1
SYN-01239,21-24,Business,71.67,65.33,3.31,0,1,group_b,0
SYN-01240,16-17,Arts,68.3,82.03,3.76,1,0,group_a,0
SYN-01241,18-20,Health,82.43,53.01,2.89,0,0,group_b,0
SYN-01242,18-20,Business,72.72,55.93,4.26,0,0,group_a,0
SYN-01243,25+,STEM,87.74,64.74,3.93,1,1,group_b,0
SYN-01244,21-24,STEM,62.71,88.98,2.78,4,0,group_a,0
SYN-01245,18-20,STEM,57.36,40.05,2.7,1,0,group_b,0
SYN-01246,18-20,Arts,70.72,71.21,2.84,0,1,group_b,1
SYN-01247,21-24,STEM,75.31,60.83,2.17,2,0,group_a,0
SYN-01248,16-17,STEM,52.75,58.5,2.14,1,0,group_a,1
SYN-01249,18-20,Health,70.47,30.18,2.28,0,0,group_b,1
SYN-01250,16-17,STEM,73.7,53.65,2.74,2,1,group_b,1
SYN-01251,16-17,STEM,74.57,45.25,3.78,3,1,group_b,1
SYN-01252,25+,Business,84.24,57.49,2.96,0,0,group_b,0
SYN-01253,25+,Health,76.48,68.81,1.98,1,0,group_b,0
SYN-01254,18-20,STEM,81.91,67.21,2.89,0,1,not_stated,0
SYN-01255,16-17,Business,76.13,75.59,3.67,1,0,group_a,0
SYN-01256,18-20,STEM,70.43,93.45,1.85,1,1,group_a,0
SYN-01257,21-24,Health,89.25,79.86,2.84,0,0,group_a,0
SYN-01258,21-24,Health,75.84,90.14,2.65,1,0,group_a,0
SYN-01259,25+,Arts,75.08,59.42,3.14,3,0,group_b,1
SYN-01260,18-20,Health,53.81,72.06,3.22,0,0,group_a,0
SYN-01261,21-24,Arts,68.27,66.35,1.84,2,1,group_a,1
SYN-01262,25+,STEM,66.77,60.12,2.81,0,0,group_a,1
SYN-01263,16-17,Arts,90.34,48.18,2.8,1,0,group_a,0
SYN-01264,16-17,Health,62.69,79.38,2.5,3,1,group_b,1
SYN-01265,25+,Arts,83.58,70.51,2.15,1,0,group_a,0
SYN-01266,18-20,Arts,60.45,88.16,3.73,1,0,group_b,0
SYN-01267,16-17,Health,70.22,72.98,3.67,2,1,group_b,1
SYN-01268,21-24,STEM,63.55,67.52,2.66,0,0,group_a,0
SYN-01269,18-20,Business,77.71,50.91,1.6,1,0,not_stated,1
SYN-01270,18-20,STEM,60.95,67.54,3.72,4,0,group_a,0
SYN-01271,25+,STEM,83.12,78.63,1.58,4,0,group_b,1
SYN-01272,18-20,Health,67.74,59.51,3.88,4,1,group_a,1
SYN-01273,21-24,Business,68.86,74.25,3.11,1,0,group_a,1
SYN-01274,16-17,Business,75.58,95.89,2.74,2,0,group_a,1
SYN-01275,16-17,Health,67.07,45.59,3.16,2,1,group_b,0
SYN-01276,25+,Health,67.14,69.56,2.53,0,0,group_b,1
SYN-01277,25+,STEM,78.42,60.86,4.29,2,0,group_a,0
SYN-01278,16-17,STEM,80.29,60.19,2.43,3,0,group_a,1
SYN-01279,18-20,STEM,85.59,62.29,1.21,2,0,group_b,1
SYN-01280,18-20,STEM,81.43,51.81,3.28,3,1,group_a,1
SYN-01281,16-17,Health,81.63,76.03,3.99,1,1,group_a,0
SYN-01282,21-24,Health,51.08,61.37,3.19,2,0,group_a,1
SYN-01283,18-20,Arts,70.09,43.5,3.54,0,1,group_a,0
SYN-01284,18-20,Health,76.48,49.9,3.04,2,0,group_b,1
SYN-01285,21-24,STEM,83.75,77.81,3.07,1,0,not_stated,0
SYN-01286,25+,Health,84.99,65.73,2.56,2,0,group_a,1
SYN-01287,18-20,STEM,70.79,88.35,3.26,1,1,group_a,0
SYN-01288,18-20,Health,71.7,92.64,2.59,3,0,group_b,0
SYN-01289,18-20,STEM,84.8,46.55,1.02,2,0,group_a,1
SYN-01290,25+,Health,61.6,39.06,4.66,2,0,group_a,1
SYN-01291,25+,Business,76.55,44.58,4.38,1,0,group_a,1
SYN-01292,18-20,STEM,77.55,85.66,3.41,2,0,not_stated,0
SYN-01293,21-24,Business,65.94,71.94,3.71,1,0,group_b,0
SYN-01294,18-20,STEM,55.46,64.6,2.67,0,0,group_a,1
SYN-01295,21-24,STEM,66.1,59.64,1.83,1,1,group_b,1
SYN-01296,16-17,Arts,95.37,94.23,2.43,1,0,group_b,0
SYN-01297,21-24,Arts,79.15,78.04,2.61,1,0,group_b,0
SYN-01298,16-17,STEM,79.73,84.0,2.76,1,0,group_a,0
SYN-01299,25+,STEM,82.73,63.85,2.76,1,0,group_b,0
SYN-01300,21-24,Health,80.87,66.4,3.12,1,0,group_b,0
SYN-01301,18-20,STEM,72.27,56.68,3.32,2,1,group_a,1
SYN-01302,18-20,Arts,71.48,96.73,1.7,0,1,group_b,1
SYN-01303,18-20,Arts,88.69,55.8,3.13,0,1,group_a,0
SYN-01304,18-20,Arts,69.19,61.1,2.33,2,0,group_a,1
SYN-01305,16-17,Business,77.28,62.82,4.0,1,0,group_a,1
SYN-01306,18-20,Arts,80.14,56.09,2.78,0,0,group_b,0
SYN-01307,18-20,Arts,77.21,87.76,4.22,0,0,group_b,0
SYN-01308,16-17,STEM,82.91,79.03,4.54,0,0,group_a,0
SYN-01309,18-20,Health,88.29,72.28,3.22,1,0,group_a,1
SYN-01310,16-17,STEM,71.14,55.1,1.52,2,0,not_stated,1
SYN-01311,21-24,Business,69.01,52.31,2.61,2,0,group_b,1
SYN-01312,18-20,Business,77.78,51.86,3.19,0,0,group_a,1
SYN-01313,18-20,STEM,78.57,64.34,3.5,0,0,group_b,0
SYN-01314,18-20,STEM,61.75,48.03,2.8,1,0,group_b,1
SYN-01315,18-20,STEM,84.75,62.42,3.05,0,0,group_a,0
SYN-01316,21-24,Business,59.18,76.23,4.05,0,1,group_b,1
SYN-01317,18-20,Health,56.21,36.97,2.21,0,0,group_b,1
SYN-01318,21-24,Health,74.11,28.32,2.55,1,0,group_b,1
SYN-01319,16-17,Arts,74.17,76.84,2.8,0,0,group_b,0
SYN-01320,16-17,Arts,77.54,75.82,3.01,4,1,group_b,1
SYN-01321,18-20,STEM,84.04,43.15,4.19,1,0,group_b,0
SYN-01322,25+,Health,87.55,66.57,2.58,1,1,group_a,0
SYN-01323,16-17,STEM,76.28,77.68,4.23,0,0,group_a,1
SYN-01324,21-24,Health,68.13,78.53,3.66,0,0,not_stated,0
SYN-01325,21-24,Health,70.38,81.15,3.91,0,0,group_a,0
SYN-01326,16-17,Business,73.31,100.0,2.94,2,1,group_a,0
SYN-01327,21-24,Arts,72.52,58.82,2.97,0,1,group_b,0
SYN-01328,18-20,Health,74.83,38.0,4.95,1,0,group_a,0
SYN-01329,16-17,Health,54.96,45.92,3.08,1,0,group_a,1
SYN-01330,16-17,STEM,82.89,52.84,2.67,2,1,group_b,0
SYN-01331,21-24,Health,69.18,71.45,2.21,0,0,group_b,0
SYN-01332,18-20,Health,52.75,67.36,2.81,0,0,group_b,1
SYN-01333,21-24,Health,69.06,65.96,3.17,1,1,group_a,1
SYN-01334,18-20,Business,90.49,71.63,3.53,2,0,group_a,0
SYN-01335,25+,Health,54.98,66.4,3.21,1,0,group_a,1
SYN-01336,18-20,STEM,60.19,64.5,3.61,1,1,group_b,1
SYN-01337,18-20,Arts,72.43,90.59,2.88,0,0,group_b,0
SYN-01338,18-20,Arts,56.75,62.94,3.19,1,0,group_b,0
SYN-01339,25+,Health,72.86,58.24,2.47,1,0,group_a,0
SYN-01340,18-20,STEM,68.67,82.32,3.91,3,0,group_b,1
SYN-01341,21-24,STEM,86.9,86.12,2.48,4,1,group_b,0
SYN-01342,18-20,Arts,79.22,54.95,3.5,4,0,group_b,1
SYN-01343,18-20,Health,68.49,56.76,3.11,2,0,group_b,0
SYN-01344,18-20,Health,68.83,96.43,3.15,1,1,group_b,0
SYN-01345,21-24,Business,64.69,43.17,2.29,0,1,group_a,1
SYN-01346,18-20,Health,100.0,56.94,1.83,1,0,group_a,0
SYN-01347,21-24,Health,70.48,49.42,2.78,0,0,group_b,0
SYN-01348,16-17,Arts,70.31,70.44,1.73,1,1,group_b,1
SYN-01349,25+,Arts,74.87,80.25,3.0,2,1,group_b,1
SYN-01350,18-20,Health,89.8,87.21,2.25,0,0,group_b,0
SYN-01351,18-20,Health,66.35,71.12,2.13,1,0,group_b,1
SYN-01352,21-24,Health,87.6,48.45,2.77,2,0,group_a,1
SYN-01353,18-20,Business,72.18,36.09,3.79,0,0,not_stated,0
SYN-01354,18-20,Business,59.95,68.25,3.33,2,0,group_b,0
SYN-01355,16-17,Arts,59.39,58.9,3.2,2,1,group_a,0
SYN-01356,18-20,Business,89.81,80.16,2.77,3,0,group_b,1
SYN-01357,16-17,Business,78.66,92.05,3.43,0,0,group_b,0
SYN-01358,16-17,STEM,61.64,70.74,3.89,1,0,group_a,0
SYN-01359,21-24,STEM,66.26,53.72,1.92,6,0,group_a,1
SYN-01360,25+,Health,76.68,73.81,3.57,2,0,not_stated,0
SYN-01361,16-17,Arts,74.4,57.06,1.77,1,0,group_b,1
SYN-01362,18-20,STEM,71.71,79.56,2.47,3,1,group_b,1
SYN-01363,16-17,Arts,72.18,66.21,3.27,1,0,group_a,1
SYN-01364,18-20,STEM,64.03,73.1,4.23,1,0,group_a,1
SYN-01365,16-17,Business,70.16,75.6,2.31,1,0,group_b,0
SYN-01366,16-17,Business,83.74,64.42,3.44,1,1,group_a,1
SYN-01367,18-20,Business,76.13,70.4,3.41,1,0,group_a,1
SYN-01368,18-20,STEM,51.61,71.9,3.41,0,0,group_a,1
SYN-01369,16-17,STEM,92.92,88.61,2.33,1,0,group_b,0
SYN-01370,21-24,STEM,75.24,60.81,2.14,0,1,not_stated,1
SYN-01371,16-17,STEM,83.91,81.82,2.86,1,0,group_b,1
SYN-01372,25+,STEM,92.22,39.64,2.3,0,1,group_a,0
SYN-01373,18-20,Health,64.95,79.27,3.54,1,0,group_b,0
SYN-01374,25+,Health,67.84,57.36,3.48,2,0,group_b,1
SYN-01375,21-24,Arts,90.48,69.45,1.44,1,0,group_b,0
SYN-01376,21-24,Arts,73.44,65.88,3.56,2,0,group_a,1
SYN-01377,16-17,STEM,79.41,60.66,4.1,0,0,group_a,0
SYN-01378,21-24,Health,73.54,76.22,1.5,1,0,group_b,0
SYN-01379,21-24,Health,56.26,58.02,3.0,0,0,group_a,1
SYN-01380,16-17,Health,63.7,73.03,3.04,0,1,group_a,0
SYN-01381,16-17,Arts,55.94,58.66,3.25,1,0,group_a,1
SYN-01382,16-17,Health,65.74,52.06,4.27,0,1,group_a,0
SYN-01383,21-24,STEM,63.4,78.14,3.58,2,0,group_a,0
SYN-01384,18-20,Arts,62.61,58.53,2.1,0,0,group_a,0
SYN-01385,18-20,Arts,74.12,49.94,2.69,0,1,group_a,0
SYN-01386,18-20,STEM,60.4,42.25,2.55,1,0,group_a,1
SYN-01387,21-24,Business,76.48,83.33,3.42,0,1,group_a,0
SYN-01388,18-20,Business,75.32,49.94,2.97,0,1,not_stated,1
SYN-01389,21-24,Business,69.12,50.15,3.21,1,1,group_b,1
SYN-01390,21-24,Business,64.21,70.37,3.94,3,0,group_b,1
SYN-01391,16-17,STEM,86.31,68.34,2.81,2,0,group_b,0
SYN-01392,21-24,Health,62.01,63.15,3.7,2,0,not_stated,1
SYN-01393,18-20,Business,77.75,89.46,2.13,2,1,group_a,1
SYN-01394,18-20,Health,77.01,60.48,3.54,0,1,group_b,0
SYN-01395,21-24,STEM,84.27,74.01,3.18,1,0,not_stated,0
SYN-01396,21-24,Arts,78.0,56.18,3.14,0,0,group_a,0
SYN-01397,25+,STEM,69.26,58.21,3.74,1,0,group_b,0
SYN-01398,21-24,STEM,78.34,56.06,2.84,0,0,group_a,0
SYN-01399,16-17,STEM,88.2,64.99,1.8,3,0,group_b,0
SYN-01400,16-17,STEM,72.62,66.06,3.04,1,0,group_b,1
SYN-01401,16-17,STEM,90.25,63.74,1.69,0,0,group_a,0
SYN-01402,18-20,Business,78.27,69.76,3.26,0,1,group_b,0
SYN-01403,16-17,Business,62.13,55.78,3.33,3,0,group_b,0
SYN-01404,18-20,Business,87.71,65.59,2.15,0,0,group_a,0
SYN-01405,18-20,Arts,52.09,55.34,4.4,1,0,group_b,0
SYN-01406,21-24,Business,61.4,72.59,1.15,1,0,group_a,0
SYN-01407,18-20,Business,88.76,71.18,3.3,1,0,group_a,0
SYN-01408,21-24,STEM,89.63,72.72,2.95,0,0,not_stated,0
SYN-01409,16-17,Health,78.99,84.83,3.22,0,0,group_a,0
SYN-01410,18-20,Business,83.22,48.86,3.71,2,0,group_a,0
SYN-01411,18-20,Health,72.75,52.44,1.91,2,1,group_b,1
SYN-01412,16-17,Health,93.27,71.66,3.87,0,0,group_a,0
SYN-01413,16-17,STEM,51.05,58.87,3.62,1,0,group_b,0
SYN-01414,25+,STEM,80.08,62.14,2.22,1,1,not_stated,1
SYN-01415,21-24,Arts,74.45,81.52,2.8,1,0,group_a,0
SYN-01416,18-20,Arts,57.63,51.34,3.28,0,0,group_a,1
SYN-01417,25+,Health,52.49,68.48,2.36,1,0,group_b,0
SYN-01418,18-20,STEM,76.18,77.19,2.44,2,0,group_a,0
SYN-01419,16-17,Business,72.35,42.33,3.32,4,0,group_a,1
SYN-01420,21-24,Health,68.0,49.14,2.6,2,0,group_b,1
SYN-01421,18-20,Health,80.55,99.93,2.48,1,1,group_b,0
SYN-01422,21-24,Arts,67.3,63.59,1.91,0,1,group_a,1
SYN-01423,16-17,Business,66.65,39.1,3.23,1,1,group_b,1
SYN-01424,16-17,Business,65.12,43.83,1.32,0,0,group_a,1
SYN-01425,18-20,Business,83.58,67.14,2.72,2,1,group_a,0
SYN-01426,16-17,STEM,69.09,85.01,2.97,1,0,group_b,1
SYN-01427,16-17,Arts,64.65,51.09,1.94,6,1,group_a,1
SYN-01428,21-24,Health,84.2,61.08,3.93,1,1,group_b,0
SYN-01429,21-24,STEM,73.88,48.22,3.8,2,0,group_b,1
SYN-01430,21-24,Business,69.52,63.4,4.55,1,1,group_b,0
SYN-01431,18-20,Business,100.0,59.33,1.94,2,1,group_a,0
SYN-01432,18-20,STEM,68.33,52.91,2.86,2,1,group_a,1
SYN-01433,21-24,Business,72.51,48.23,1.99,1,0,group_b,1
SYN-01434,16-17,Business,55.22,35.23,1.55,2,0,group_b,1
SYN-01435,16-17,Health,72.75,100.0,2.34,2,0,group_b,1
SYN-01436,18-20,Health,56.07,83.07,3.65,0,0,group_b,0
SYN-01437,25+,Arts,82.42,42.94,2.0,2,0,group_a,1
SYN-01438,16-17,STEM,86.44,74.42,2.23,0,1,group_b,0
SYN-01439,16-17,Arts,67.23,66.0,2.98,3,1,group_a,1
SYN-01440,18-20,Arts,71.93,84.05,3.4,0,0,group_b,0
SYN-01441,16-17,Arts,80.04,63.03,3.45,1,1,group_b,0
SYN-01442,16-17,Arts,77.61,52.79,2.57,3,0,group_b,1
SYN-01443,18-20,STEM,91.57,81.75,4.04,0,1,group_a,0
SYN-01444,25+,Business,75.1,65.67,3.57,2,0,not_stated,0
SYN-01445,18-20,Health,64.82,59.59,2.96,1,0,group_b,0
SYN-01446,25+,STEM,53.68,47.74,3.2,1,0,group_b,1
SYN-01447,21-24,Business,60.02,72.42,2.58,0,0,group_a,0
SYN-01448,21-24,Health,84.48,59.14,2.06,2,1,group_a,1
SYN-01449,21-24,Health,75.53,87.23,2.57,0,0,group_a,0
SYN-01450,18-20,Arts,78.64,47.1,3.01,0,0,group_a,0
SYN-01451,18-20,Business,53.07,53.87,2.26,3,0,group_a,1
SYN-01452,21-24,Business,70.0,73.36,2.94,0,0,group_a,1
SYN-01453,16-17,Arts,85.28,61.05,4.33,1,0,group_a,0
SYN-01454,16-17,Arts,75.22,39.12,1.45,0,0,group_a,1
SYN-01455,18-20,Business,81.6,62.26,3.57,2,1,group_a,1
SYN-01456,18-20,Arts,77.83,74.63,2.34,3,1,group_b,1
SYN-01457,16-17,STEM,83.3,71.63,2.49,1,0,group_a,1
SYN-01458,18-20,Business,84.31,50.14,4.15,2,0,group_b,0
SYN-01459,16-17,Business,61.32,66.21,3.78,1,0,group_a,1
SYN-01460,21-24,STEM,70.77,50.66,3.31,2,0,group_b,1
SYN-01461,21-24,Health,86.34,33.13,2.9,0,1,group_b,1
SYN-01462,25+,Arts,77.61,60.19,1.29,3,0,group_a,0
SYN-01463,25+,Health,77.46,89.76,3.14,1,0,group_a,0
SYN-01464,21-24,Health,64.95,45.63,3.85,0,1,group_b,1
SYN-01465,18-20,Arts,55.41,46.73,2.48,4,1,group_a,1
SYN-01466,25+,Health,63.0,62.15,2.8,1,0,group_a,1
SYN-01467,21-24,Health,87.01,39.8,2.86,0,0,group_a,1
SYN-01468,25+,Health,76.23,70.97,2.12,1,0,group_a,0
SYN-01469,18-20,Health,69.78,61.14,3.6,1,1,group_b,0
SYN-01470,21-24,Arts,73.07,88.18,1.45,2,0,group_b,0
SYN-01471,25+,Business,61.44,69.18,2.96,2,0,not_stated,0
SYN-01472,21-24,STEM,65.77,53.79,2.45,0,0,group_a,0
SYN-01473,18-20,STEM,72.06,54.71,3.36,1,0,group_b,0
SYN-01474,16-17,Arts,80.9,75.21,3.22,1,0,group_b,0
SYN-01475,25+,Arts,68.83,74.11,2.52,3,0,group_a,1
SYN-01476,16-17,Health,68.3,66.97,2.3,2,0,group_a,1
SYN-01477,21-24,Health,70.13,48.96,4.01,1,0,group_a,1
SYN-01478,18-20,STEM,78.11,57.24,4.23,0,0,group_a,0
SYN-01479,18-20,Arts,75.12,58.15,2.77,1,0,group_a,0
SYN-01480,21-24,STEM,89.19,85.7,2.36,1,0,group_b,0
SYN-01481,18-20,Arts,74.62,95.27,4.05,1,0,group_a,1
SYN-01482,18-20,Health,59.41,71.81,2.98,4,0,not_stated,1
SYN-01483,25+,STEM,78.56,75.92,3.35,3,0,group_a,0
SYN-01484,18-20,Arts,81.86,57.0,2.62,0,0,group_b,0
SYN-01485,18-20,STEM,63.7,91.17,3.15,0,0,group_b,0
SYN-01486,21-24,STEM,56.93,21.6,2.44,0,0,group_a,0
SYN-01487,16-17,Health,81.85,48.18,3.44,3,1,group_b,0
SYN-01488,16-17,STEM,83.74,86.82,3.21,3,0,group_a,1
SYN-01489,16-17,STEM,68.77,62.88,3.42,0,0,not_stated,0
SYN-01490,25+,Arts,83.37,54.53,2.02,4,1,group_a,1
SYN-01491,16-17,STEM,76.97,76.61,2.67,2,0,group_a,0
SYN-01492,25+,STEM,74.37,60.65,3.2,1,0,group_b,0
SYN-01493,18-20,Health,61.67,64.13,1.83,1,0,group_a,0
SYN-01494,21-24,Arts,80.49,57.14,1.98,1,0,not_stated,1
SYN-01495,16-17,Business,71.86,44.88,2.12,1,0,group_b,0
SYN-01496,25+,STEM,74.39,70.02,3.35,3,1,group_a,0
SYN-01497,18-20,Arts,71.66,83.05,3.09,0,0,not_stated,0
SYN-01498,16-17,Health,86.92,27.09,3.15,3,1,group_a,1
SYN-01499,21-24,STEM,75.34,68.57,2.58,1,1,group_a,1
SYN-01500,25+,Health,61.05,59.05,2.42,1,1,group_b,0
SYN-01501,16-17,STEM,72.88,63.65,4.1,2,0,group_b,0
SYN-01502,18-20,Business,78.74,77.72,3.89,1,0,group_a,1
SYN-01503,18-20,Health,86.87,70.39,3.85,0,0,group_a,1
SYN-01504,25+,Business,76.56,61.32,3.74,2,0,group_a,0
SYN-01505,16-17,Business,78.0,27.78,4.01,0,0,group_b,0
SYN-01506,16-17,Arts,100.0,17.23,2.88,2,1,group_b,1
SYN-01507,25+,STEM,81.36,54.55,2.03,1,0,not_stated,0
SYN-01508,18-20,STEM,82.1,73.38,2.52,1,0,group_b,0
SYN-01509,25+,Health,59.24,70.3,3.16,0,0,group_a,1
SYN-01510,21-24,Arts,80.8,56.89,3.34,2,1,group_b,1
SYN-01511,18-20,Business,83.76,83.06,1.73,1,0,group_a,0
SYN-01512,16-17,STEM,60.59,62.71,3.96,1,0,group_b,0
SYN-01513,16-17,STEM,75.47,46.27,3.6,2,1,group_b,0
SYN-01514,18-20,Health,78.67,61.41,3.2,0,0,group_a,0
SYN-01515,18-20,STEM,87.58,61.14,2.01,2,1,not_stated,0
SYN-01516,16-17,Arts,57.7,75.12,3.86,0,0,group_a,0
SYN-01517,18-20,Arts,85.86,61.73,1.0,1,0,group_b,0
SYN-01518,21-24,Business,67.97,74.1,2.71,1,0,group_b,1
SYN-01519,18-20,STEM,92.54,53.59,3.57,0,1,group_a,0
SYN-01520,25+,Health,79.56,59.06,1.6,1,0,group_a,0
SYN-01521,21-24,Business,65.39,49.44,3.23,2,0,group_a,0
SYN-01522,21-24,STEM,79.5,70.22,3.61,2,0,group_a,0
SYN-01523,21-24,Business,84.04,72.44,2.06,1,1,group_b,0
SYN-01524,16-17,Health,92.01,84.43,2.37,1,0,group_a,0
SYN-01525,25+,Arts,92.56,49.29,3.1,2,0,group_b,0
SYN-01526,21-24,Business,70.09,49.48,2.09,1,0,group_a,1
SYN-01527,21-24,Arts,80.94,83.13,3.72,0,0,group_a,0
SYN-01528,18-20,STEM,72.43,68.91,2.48,2,0,group_b,0
SYN-01529,21-24,Health,72.35,56.9,2.43,2,1,group_a,0
SYN-01530,18-20,Health,68.19,88.29,3.09,2,0,group_b,0
SYN-01531,21-24,Arts,71.5,63.8,3.91,2,0,group_a,1
SYN-01532,18-20,Business,74.66,72.61,2.16,2,0,not_stated,0
SYN-01533,21-24,Arts,64.5,79.76,3.51,0,0,group_a,0
SYN-01534,16-17,Business,71.94,50.51,2.6,2,0,group_b,1
SYN-01535,25+,Arts,78.58,78.83,3.4,1,0,group_a,1
SYN-01536,18-20,Arts,89.07,60.62,2.89,1,1,group_a,0
SYN-01537,18-20,Health,69.68,64.53,3.43,2,1,group_a,0
SYN-01538,21-24,STEM,69.9,52.4,2.64,1,1,group_b,1
SYN-01539,16-17,STEM,80.88,68.89,3.23,2,0,group_a,1
SYN-01540,16-17,Health,77.26,57.93,2.38,1,0,group_a,0
SYN-01541,21-24,Health,75.01,76.01,3.26,0,1,group_a,0
SYN-01542,18-20,Health,63.58,54.88,3.43,0,0,group_a,1
SYN-01543,21-24,Arts,86.37,74.09,4.53,0,0,not_stated,0
SYN-01544,16-17,Business,80.09,75.97,3.65,4,0,group_a,0
SYN-01545,18-20,STEM,72.91,47.55,1.67,2,0,group_b,1
SYN-01546,18-20,Business,76.79,41.54,2.85,1,1,group_b,1
SYN-01547,21-24,Business,65.52,65.23,3.58,1,0,not_stated,1
SYN-01548,16-17,Arts,51.01,66.36,3.07,0,0,group_a,0
SYN-01549,25+,Health,77.56,71.84,2.69,0,1,group_b,1
SYN-01550,18-20,Business,62.7,64.08,2.61,1,0,group_b,1
SYN-01551,16-17,Business,82.48,97.67,4.4,2,0,group_a,1
SYN-01552,16-17,Arts,83.17,79.5,3.23,2,0,group_a,1
SYN-01553,25+,STEM,78.18,67.2,3.69,2,1,not_stated,0
SYN-01554,18-20,STEM,67.41,97.14,3.07,1,1,not_stated,1
SYN-01555,16-17,STEM,50.16,68.52,3.62,1,0,group_a,1
SYN-01556,21-24,STEM,89.79,71.96,2.35,1,0,group_a,1
SYN-01557,18-20,Arts,95.98,63.23,3.7,1,0,group_a,0
SYN-01558,18-20,Arts,56.6,39.46,1.0,2,0,group_b,1
SYN-01559,18-20,Business,79.39,63.13,4.61,2,0,group_b,0
SYN-01560,25+,STEM,82.55,57.16,1.79,1,0,group_a,0
SYN-01561,18-20,STEM,80.71,22.34,3.3,1,0,group_a,1
SYN-01562,21-24,Arts,75.32,60.91,2.21,0,0,group_a,0
SYN-01563,18-20,Health,83.93,79.58,4.16,2,1,group_b,0
SYN-01564,16-17,Arts,81.98,75.31,2.39,2,1,group_a,1
SYN-01565,25+,STEM,69.52,41.78,2.68,0,0,group_a,0
SYN-01566,18-20,Arts,78.95,51.51,2.69,1,1,not_stated,1
SYN-01567,25+,Arts,77.33,63.39,2.82,2,0,group_a,0
SYN-01568,18-20,STEM,75.01,69.99,4.31,1,1,group_b,0
SYN-01569,16-17,Arts,78.41,69.37,3.86,1,0,group_a,0
SYN-01570,18-20,Arts,55.56,49.26,2.66,1,0,group_a,0
SYN-01571,16-17,Health,78.3,77.18,1.82,1,1,group_a,0
SYN-01572,16-17,Arts,76.96,74.65,1.94,1,0,group_b,0
SYN-01573,25+,Health,81.98,53.56,3.22,0,1,group_a,0
SYN-01574,25+,STEM,67.55,48.56,2.29,2,0,not_stated,1
SYN-01575,18-20,Arts,80.46,86.61,3.25,1,0,group_b,0
SYN-01576,21-24,STEM,74.87,92.7,2.91,0,0,not_stated,1
SYN-01577,21-24,STEM,88.16,22.9,3.0,2,0,group_a,1
SYN-01578,18-20,Health,69.41,69.87,3.67,2,0,group_b,0
SYN-01579,16-17,Arts,59.63,43.03,4.2,0,0,group_b,0
SYN-01580,16-17,Business,67.46,59.73,2.58,0,0,group_a,0
SYN-01581,21-24,Health,64.78,68.8,3.32,2,0,group_a,0
SYN-01582,16-17,Health,80.86,77.63,2.19,0,0,group_b,0
SYN-01583,18-20,Arts,56.54,75.27,4.2,1,0,not_stated,0
SYN-01584,16-17,STEM,56.62,50.97,3.49,0,0,not_stated,1
SYN-01585,16-17,STEM,59.3,63.65,2.37,2,0,group_a,0
SYN-01586,21-24,STEM,78.35,46.24,3.65,0,1,group_b,0
SYN-01587,25+,Arts,66.2,49.47,2.68,3,0,group_a,1
SYN-01588,18-20,STEM,76.75,86.06,4.1,0,0,group_b,0
SYN-01589,21-24,STEM,94.53,73.9,2.41,2,0,group_a,0
SYN-01590,21-24,STEM,69.96,72.98,2.82,2,0,group_a,1
SYN-01591,25+,Arts,71.92,66.34,4.13,2,0,group_b,1
SYN-01592,18-20,Health,64.12,43.76,3.55,3,0,group_a,1
SYN-01593,18-20,Business,77.17,73.36,2.96,1,0,group_b,0
SYN-01594,16-17,Health,69.89,92.28,3.62,0,0,group_b,0
SYN-01595,16-17,Health,68.79,48.27,3.33,2,0,group_b,0
SYN-01596,18-20,Business,70.52,77.27,3.87,1,1,group_a,0
SYN-01597,18-20,Business,81.59,51.88,3.73,0,1,group_a,1
SYN-01598,16-17,Health,95.7,71.87,3.65,0,0,group_a,0
SYN-01599,18-20,Health,67.68,64.18,3.02,3,1,group_b,1
SYN-01600,21-24,Health,74.77,65.34,2.37,1,0,group_a,0
SYN-01601,18-20,Arts,72.98,77.01,2.87,1,0,group_a,0
SYN-01602,21-24,Arts,76.21,68.2,3.64,1,0,group_b,0
SYN-01603,18-20,STEM,68.05,67.07,2.66,0,0,group_a,0
SYN-01604,21-24,STEM,84.26,40.17,2.64,1,1,group_a,1
SYN-01605,25+,Business,80.46,64.56,4.82,0,0,group_a,0
SYN-01606,21-24,Arts,71.09,58.46,2.62,3,0,group_a,0
SYN-01607,18-20,Arts,81.3,58.56,2.91,2,0,group_a,1
SYN-01608,18-20,Arts,58.66,63.54,3.17,0,1,group_b,1
SYN-01609,16-17,STEM,68.27,90.88,3.19,2,1,group_a,0
SYN-01610,18-20,Health,84.9,68.25,3.88,2,0,group_b,0
SYN-01611,18-20,Business,81.84,73.13,4.14,1,0,group_b,0
SYN-01612,18-20,Health,73.82,87.55,3.89,0,0,group_b,0
SYN-01613,18-20,Health,70.63,75.8,1.87,1,1,not_stated,0
SYN-01614,16-17,STEM,60.89,38.43,2.98,0,0,group_b,0
SYN-01615,21-24,STEM,62.47,93.69,3.27,0,0,group_b,0
SYN-01616,21-24,Arts,74.59,79.24,2.81,1,0,group_a,0
SYN-01617,18-20,Business,63.13,69.82,2.51,2,0,group_a,1
SYN-01618,25+,Health,72.45,100.0,3.54,2,0,group_a,0
SYN-01619,25+,STEM,76.14,62.84,3.17,0,1,group_b,0
SYN-01620,21-24,Business,68.85,77.09,2.47,1,1,group_a,0
SYN-01621,16-17,Arts,76.33,57.66,3.1,0,0,group_b,1
SYN-01622,18-20,Health,69.55,73.22,1.32,3,1,group_a,1
SYN-01623,16-17,Business,67.71,66.74,4.38,2,0,group_b,0
SYN-01624,21-24,STEM,71.02,43.32,2.64,3,0,group_b,1
SYN-01625,21-24,Arts,89.04,51.57,2.11,2,1,group_a,1
SYN-01626,18-20,Arts,65.49,58.08,3.32,3,0,group_b,0
SYN-01627,18-20,Business,79.09,54.51,3.62,1,0,group_b,0
SYN-01628,16-17,Health,68.44,56.22,2.97,1,0,group_b,0
SYN-01629,16-17,Arts,86.68,65.81,1.87,1,1,group_a,1
SYN-01630,16-17,Arts,53.69,66.33,2.48,0,1,group_b,1
SYN-01631,18-20,Arts,78.67,61.36,2.07,2,0,group_b,1
SYN-01632,18-20,Health,93.76,72.52,3.54,1,0,group_b,0
SYN-01633,21-24,Business,64.26,68.34,1.8,1,0,group_a,1
SYN-01634,18-20,Business,97.26,80.14,1.94,0,0,group_a,0
SYN-01635,16-17,Business,68.24,54.32,2.4,1,0,group_a,1
SYN-01636,21-24,Business,79.39,47.99,3.43,3,0,not_stated,0
SYN-01637,18-20,STEM,56.13,56.62,2.8,4,0,group_b,1
SYN-01638,18-20,Health,58.98,71.02,3.9,0,0,group_b,0
SYN-01639,21-24,Health,68.31,50.01,3.57,3,0,group_a,1
SYN-01640,25+,Arts,78.53,91.52,1.39,1,0,group_b,0
SYN-01641,16-17,Health,88.74,46.12,1.1,0,1,group_b,1
SYN-01642,18-20,STEM,77.62,50.34,3.31,2,0,group_a,0
SYN-01643,18-20,Arts,84.44,73.04,2.34,0,0,not_stated,0
SYN-01644,16-17,Arts,52.3,71.77,4.66,1,0,group_a,0
SYN-01645,18-20,STEM,81.49,62.18,3.24,2,0,group_a,0
SYN-01646,18-20,Health,51.99,67.29,3.87,1,1,group_b,1
SYN-01647,18-20,Health,74.66,56.37,1.92,2,0,group_b,1
SYN-01648,21-24,Health,63.86,52.96,1.31,1,0,group_b,1
SYN-01649,21-24,Business,71.77,55.07,2.89,2,0,group_b,1
SYN-01650,21-24,Health,79.35,57.52,2.81,2,1,group_a,1
SYN-01651,18-20,Business,82.14,51.26,3.01,2,0,group_a,0
SYN-01652,18-20,Arts,73.68,52.16,3.92,0,0,group_a,1
SYN-01653,21-24,Health,70.37,40.74,2.36,1,0,group_b,1
SYN-01654,25+,Health,73.04,50.95,2.38,1,0,group_b,0
SYN-01655,18-20,Business,83.35,85.1,2.03,0,0,group_a,0
SYN-01656,18-20,STEM,92.31,75.54,2.54,0,1,group_b,1
SYN-01657,21-24,Arts,73.07,76.55,3.38,0,0,group_a,0
SYN-01658,18-20,STEM,75.44,72.29,2.22,2,0,group_b,0
SYN-01659,18-20,STEM,82.34,57.5,2.83,1,0,group_b,0
SYN-01660,18-20,Business,65.51,84.77,2.1,1,1,group_b,0
SYN-01661,18-20,Business,71.22,75.54,4.08,0,0,group_b,0
SYN-01662,16-17,STEM,86.6,69.07,3.85,0,0,group_b,0
SYN-01663,16-17,Business,60.6,47.47,1.98,0,0,group_b,1
SYN-01664,18-20,Health,81.19,31.66,4.49,0,0,group_b,0
SYN-01665,16-17,STEM,67.23,46.04,2.97,0,0,group_a,1
SYN-01666,16-17,STEM,76.2,69.32,2.95,2,0,not_stated,0
SYN-01667,18-20,STEM,55.09,37.79,2.56,3,0,group_b,1
SYN-01668,16-17,Business,61.35,70.15,2.74,0,0,group_b,0
SYN-01669,21-24,STEM,72.29,44.11,3.45,2,0,group_a,0
SYN-01670,21-24,Health,62.56,67.22,3.12,0,0,group_b,0
SYN-01671,21-24,Arts,81.26,65.17,3.61,1,0,group_b,0
SYN-01672,25+,STEM,58.77,63.83,3.62,4,0,group_b,1
SYN-01673,21-24,Health,62.62,83.56,3.78,1,0,group_b,0
SYN-01674,18-20,STEM,74.7,37.08,3.79,1,1,group_b,1
SYN-01675,16-17,Health,55.41,75.87,3.08,1,0,group_a,1
SYN-01676,21-24,Business,100.0,68.55,3.43,1,1,group_b,0
SYN-01677,25+,Arts,71.4,61.13,3.37,0,0,group_a,0
SYN-01678,25+,Arts,69.24,57.38,3.29,1,1,group_b,1
SYN-01679,16-17,Arts,77.64,29.87,3.67,0,1,group_a,0
SYN-01680,18-20,Business,72.19,78.02,1.29,0,1,group_b,0
SYN-01681,21-24,STEM,72.54,100.0,2.51,1,0,group_b,1
SYN-01682,16-17,Arts,78.03,56.55,2.63,0,0,group_a,1
SYN-01683,16-17,Health,84.65,77.45,2.5,2,0,group_a,0
SYN-01684,18-20,Health,94.74,66.5,2.95,3,0,group_a,1
SYN-01685,25+,Arts,67.64,75.89,2.21,1,1,group_a,1
SYN-01686,16-17,Health,86.11,26.98,3.4,4,0,group_b,1
SYN-01687,16-17,Business,45.54,59.41,2.2,0,0,group_a,0
SYN-01688,16-17,Business,67.04,39.97,4.23,2,0,group_b,0
SYN-01689,16-17,Arts,71.81,60.52,2.17,1,0,group_b,0
SYN-01690,18-20,Arts,64.94,54.97,3.48,1,1,group_a,1
SYN-01691,25+,Arts,68.06,80.22,2.59,2,0,group_a,0
SYN-01692,21-24,STEM,69.02,56.77,2.81,3,0,group_b,0
SYN-01693,16-17,Arts,83.81,72.86,2.31,3,1,group_a,1
SYN-01694,16-17,Business,79.72,47.45,3.28,1,0,group_a,0
SYN-01695,18-20,STEM,65.79,61.94,3.97,0,0,group_b,0
SYN-01696,25+,Business,78.22,39.05,3.06,0,0,group_a,1
SYN-01697,18-20,STEM,75.63,76.35,1.47,1,0,group_b,0
SYN-01698,25+,Business,54.91,49.7,3.07,2,0,not_stated,1
SYN-01699,25+,STEM,79.03,51.68,3.52,1,0,group_a,1
SYN-01700,16-17,Business,98.12,53.83,2.29,0,0,not_stated,0
SYN-01701,21-24,Health,84.65,53.7,2.06,2,0,group_b,0
SYN-01702,16-17,Business,74.13,63.85,2.03,2,0,not_stated,0
SYN-01703,21-24,Arts,78.93,68.16,4.26,4,0,group_a,0
SYN-01704,16-17,Health,65.68,76.59,2.56,1,0,group_a,0
SYN-01705,16-17,Business,58.28,61.58,3.03,0,1,group_a,0
SYN-01706,25+,Arts,62.75,58.11,2.31,3,0,group_a,1
SYN-01707,18-20,Health,81.5,66.44,2.18,1,1,group_b,1
SYN-01708,18-20,Health,77.84,37.04,3.3,0,0,group_b,0
SYN-01709,25+,Health,74.73,65.07,2.36,2,0,group_a,0
SYN-01710,18-20,Business,93.04,65.1,1.99,2,0,group_a,0
SYN-01711,21-24,STEM,96.53,46.69,2.18,1,0,group_b,1
SYN-01712,18-20,Business,69.7,54.35,3.21,0,1,group_b,0
SYN-01713,18-20,STEM,90.92,85.09,3.29,0,0,group_b,1
SYN-01714,16-17,STEM,86.89,50.41,2.63,1,0,group_b,0
SYN-01715,16-17,Business,74.93,48.88,4.04,1,0,not_stated,0
SYN-01716,21-24,Arts,74.85,67.49,2.31,4,0,group_a,1
SYN-01717,16-17,STEM,85.82,63.72,3.15,3,0,group_b,0
SYN-01718,16-17,Arts,63.11,52.94,4.79,3,0,group_a,1
SYN-01719,16-17,Health,75.28,72.86,2.82,0,0,group_a,1
SYN-01720,18-20,STEM,92.1,41.98,3.76,1,0,group_b,1
SYN-01721,16-17,Arts,73.14,58.1,2.81,0,0,group_a,1
SYN-01722,18-20,Health,72.54,86.16,3.3,0,0,group_a,0
SYN-01723,16-17,Arts,66.49,70.35,2.82,2,0,group_b,1
SYN-01724,25+,Health,68.99,61.6,2.24,1,0,group_b,1
SYN-01725,25+,Arts,74.32,67.65,2.9,2,0,group_a,0
SYN-01726,16-17,STEM,83.6,83.51,3.87,2,0,group_b,0
SYN-01727,25+,Business,83.66,53.27,4.08,1,1,group_a,1
SYN-01728,18-20,Arts,68.82,81.09,2.58,0,0,group_a,0
SYN-01729,18-20,Arts,79.1,57.46,2.82,1,0,group_b,0
SYN-01730,18-20,Health,93.51,60.86,2.32,0,0,group_a,0
SYN-01731,16-17,Arts,77.41,38.72,1.0,0,0,group_b,1
SYN-01732,16-17,Health,77.81,67.9,3.24,2,0,group_b,0
SYN-01733,16-17,Business,77.98,51.61,1.93,2,0,group_a,1
SYN-01734,16-17,Arts,66.7,65.47,3.74,0,1,group_a,0
SYN-01735,16-17,Health,75.73,74.74,2.95,3,0,group_b,0
SYN-01736,18-20,Business,68.95,48.92,3.53,3,0,group_a,0
SYN-01737,16-17,Business,69.6,85.12,2.5,1,1,not_stated,1
SYN-01738,25+,Arts,77.16,62.84,2.86,0,0,group_b,0
SYN-01739,21-24,Arts,98.92,69.51,4.39,0,0,group_b,0
SYN-01740,18-20,Health,74.81,59.56,3.12,0,1,group_a,1
SYN-01741,18-20,STEM,72.89,60.22,3.27,2,1,not_stated,1
SYN-01742,21-24,Health,74.38,46.15,2.73,1,0,group_a,0
SYN-01743,16-17,Arts,65.89,63.69,2.43,1,0,group_a,0
SYN-01744,18-20,Business,62.64,76.51,2.63,0,0,group_a,0
SYN-01745,18-20,Arts,85.62,44.25,2.64,2,0,not_stated,1
SYN-01746,25+,STEM,82.72,63.85,3.49,0,0,group_a,1
SYN-01747,16-17,Health,79.03,64.56,2.27,0,1,group_a,0
SYN-01748,21-24,Arts,87.78,63.18,1.6,1,1,group_b,1
SYN-01749,16-17,Arts,81.39,50.72,2.7,2,0,group_b,0
SYN-01750,25+,STEM,71.85,62.36,2.81,3,0,group_a,1
SYN-01751,25+,Arts,88.53,53.16,1.0,4,0,group_a,1
SYN-01752,18-20,STEM,93.68,31.83,2.85,1,0,group_b,0
SYN-01753,25+,Health,74.15,60.9,3.03,1,0,group_b,1
SYN-01754,25+,Health,64.3,45.94,3.88,1,0,group_a,0
SYN-01755,18-20,Health,86.48,67.33,3.89,1,1,group_b,1
SYN-01756,21-24,Business,74.94,67.59,4.38,3,0,group_b,0
SYN-01757,16-17,Business,83.84,60.28,2.34,1,1,group_b,0
SYN-01758,16-17,STEM,67.7,38.44,3.18,5,0,group_a,0
SYN-01759,16-17,STEM,64.05,83.08,1.92,0,1,group_b,0
SYN-01760,21-24,STEM,80.7,55.53,3.54,1,0,group_a,0
SYN-01761,16-17,Arts,74.77,77.99,3.21,0,1,group_a,1
SYN-01762,21-24,Health,74.66,62.35,2.7,2,0,group_a,0
SYN-01763,21-24,STEM,64.2,66.03,3.86,1,0,group_a,0
SYN-01764,18-20,STEM,68.46,65.16,3.85,1,0,group_a,0
SYN-01765,21-24,STEM,70.88,58.18,3.67,3,1,group_b,1
SYN-01766,18-20,Health,72.99,50.05,2.89,0,0,not_stated,0
SYN-01767,21-24,Arts,81.87,65.4,4.05,0,0,group_b,0
SYN-01768,18-20,Health,84.65,47.53,3.52,1,0,group_b,0
SYN-01769,18-20,Business,60.43,75.25,2.71,2,1,group_a,1
SYN-01770,16-17,STEM,66.15,66.98,3.48,2,0,group_b,1
SYN-01771,18-20,Health,73.01,61.27,3.4,1,0,group_a,0
SYN-01772,25+,Health,84.06,51.76,4.09,1,0,group_b,0
SYN-01773,16-17,Business,68.03,50.48,2.61,1,1,group_a,1
SYN-01774,16-17,Health,84.22,56.09,3.35,3,0,group_a,0
SYN-01775,25+,Business,78.97,60.59,3.62,3,1,group_a,1
SYN-01776,18-20,Health,78.55,86.61,2.38,0,1,group_a,1
SYN-01777,21-24,Arts,54.07,72.12,1.0,0,1,group_b,1
SYN-01778,21-24,Health,73.56,50.83,2.67,2,0,group_b,1
SYN-01779,21-24,Health,92.1,66.89,2.79,4,0,group_b,1
SYN-01780,21-24,Health,70.56,62.13,3.96,0,1,group_a,0
SYN-01781,18-20,STEM,91.98,38.3,3.6,2,0,group_a,1
SYN-01782,18-20,STEM,78.92,49.57,3.42,2,1,group_a,0
SYN-01783,18-20,STEM,63.51,70.55,1.77,1,0,group_b,0
SYN-01784,25+,Health,64.03,82.41,2.58,1,0,group_b,0
SYN-01785,18-20,Business,66.44,66.49,2.99,0,0,group_a,1
SYN-01786,18-20,Business,82.52,54.72,3.11,1,1,group_b,1
SYN-01787,21-24,Business,67.24,100.0,2.14,0,1,group_a,1
SYN-01788,18-20,Arts,65.84,68.59,2.97,1,0,group_b,1
SYN-01789,16-17,STEM,84.89,85.46,3.11,0,0,group_a,0
SYN-01790,21-24,Health,68.75,75.43,3.62,1,0,group_a,1
SYN-01791,18-20,STEM,72.54,60.1,1.33,0,1,group_a,1
SYN-01792,16-17,Arts,73.25,49.84,1.44,0,0,group_b,0
SYN-01793,25+,Health,87.64,63.09,3.61,2,1,group_a,0
SYN-01794,18-20,Health,73.83,53.96,3.76,1,1,group_b,0
SYN-01795,18-20,Business,70.36,43.98,4.22,0,1,group_a,1
SYN-01796,16-17,STEM,83.34,52.08,3.92,1,0,group_b,0
SYN-01797,16-17,Health,77.34,67.83,2.33,3,0,group_a,1
SYN-01798,25+,Arts,83.74,66.13,4.78,1,0,group_b,0
SYN-01799,16-17,Arts,71.57,74.88,3.26,0,0,group_a,0
SYN-01800,18-20,Health,81.86,63.19,2.07,1,0,group_b,1
SYN-01801,18-20,Health,63.79,48.12,3.62,2,0,group_b,1
SYN-01802,16-17,Business,91.45,50.27,2.64,0,0,group_a,0
SYN-01803,25+,Health,78.14,63.81,2.54,1,1,group_a,1
SYN-01804,25+,Health,78.97,62.43,2.87,0,0,group_a,1
SYN-01805,21-24,Arts,83.36,56.3,2.16,0,0,group_b,0
SYN-01806,18-20,Arts,80.29,65.54,2.66,0,0,group_b,0
SYN-01807,18-20,Health,96.66,86.56,3.05,0,0,group_b,0
SYN-01808,21-24,STEM,67.01,56.17,4.41,2,1,group_a,0
SYN-01809,18-20,STEM,71.01,88.43,2.49,1,0,group_a,0
SYN-01810,16-17,STEM,74.22,74.72,2.73,0,0,group_a,0
SYN-01811,25+,STEM,55.72,58.83,3.52,3,0,group_a,0
SYN-01812,18-20,Health,65.02,66.19,3.99,2,1,group_b,1
SYN-01813,16-17,STEM,72.24,78.57,2.98,0,0,group_b,0
SYN-01814,18-20,Arts,50.13,56.48,2.47,0,0,not_stated,1
SYN-01815,18-20,STEM,91.19,67.38,2.74,1,0,group_b,0
SYN-01816,16-17,Business,73.87,60.25,4.21,0,1,group_b,1
SYN-01817,18-20,Arts,77.56,48.97,2.52,1,0,group_b,0
SYN-01818,21-24,Arts,63.18,39.51,3.67,1,0,group_b,1
SYN-01819,21-24,STEM,67.7,46.04,3.62,0,0,group_b,0
SYN-01820,16-17,STEM,66.28,57.38,3.24,2,0,group_b,1
SYN-01821,16-17,STEM,82.12,51.5,3.14,3,0,group_b,0
SYN-01822,25+,STEM,77.42,75.38,1.43,0,0,group_a,0
SYN-01823,25+,Arts,78.98,42.86,3.2,1,0,group_a,0
SYN-01824,18-20,Business,74.84,62.26,2.81,0,0,group_a,0
SYN-01825,25+,Business,85.3,69.13,3.87,1,1,group_a,0
SYN-01826,16-17,Arts,65.3,27.79,2.79,3,0,group_a,1
SYN-01827,18-20,Arts,74.89,70.89,3.03,2,0,group_a,1
SYN-01828,16-17,STEM,73.74,65.25,3.04,0,1,not_stated,0
SYN-01829,18-20,Health,72.64,58.76,2.09,1,0,group_b,0
SYN-01830,16-17,Arts,49.46,61.27,3.24,0,0,not_stated,0
SYN-01831,16-17,Arts,74.05,82.91,1.11,0,0,group_a,1
SYN-01832,16-17,Health,88.03,95.92,2.98,1,0,group_a,0
SYN-01833,21-24,Arts,79.85,57.01,2.64,1,1,group_b,1
SYN-01834,18-20,Arts,70.81,78.14,3.02,2,0,group_b,1
SYN-01835,18-20,Business,61.62,58.15,2.82,1,0,group_a,1
SYN-01836,18-20,Health,86.02,63.28,1.0,0,0,group_b,0
SYN-01837,21-24,STEM,64.03,71.24,3.06,2,0,group_a,1
SYN-01838,21-24,Health,65.68,37.61,3.63,2,0,group_a,0
SYN-01839,18-20,STEM,82.4,80.18,3.55,5,1,group_a,1
SYN-01840,21-24,Business,68.01,50.22,4.51,0,0,group_a,1
SYN-01841,16-17,Health,62.15,44.5,3.42,1,1,group_a,1
SYN-01842,21-24,Business,66.72,56.56,2.15,1,0,group_a,1
SYN-01843,25+,Health,64.97,44.58,5.0,0,0,not_stated,1
SYN-01844,18-20,Health,66.63,61.9,4.7,1,0,group_b,0
SYN-01845,18-20,Health,71.45,72.37,3.21,0,1,group_a,0
SYN-01846,25+,Arts,95.41,74.06,3.71,1,0,group_b,0
SYN-01847,21-24,Health,59.64,63.46,2.55,2,0,group_b,1
SYN-01848,18-20,Business,64.45,73.74,2.34,2,0,group_a,0
SYN-01849,16-17,Arts,74.72,77.42,1.97,0,0,group_a,0
SYN-01850,21-24,Arts,86.18,76.56,1.94,0,1,group_a,0
SYN-01851,18-20,Arts,88.97,59.39,2.47,1,1,group_a,0
SYN-01852,18-20,Business,65.48,58.67,2.94,1,0,group_b,1
SYN-01853,18-20,Health,74.59,64.26,3.8,0,1,group_a,1
SYN-01854,21-24,Business,63.52,63.45,2.09,1,1,group_b,1
SYN-01855,18-20,Business,83.29,50.5,3.84,0,0,group_a,0
SYN-01856,18-20,STEM,67.26,61.2,2.45,0,0,group_a,0
SYN-01857,18-20,Business,76.98,100.0,2.83,2,0,group_b,0
SYN-01858,18-20,STEM,81.04,46.81,2.25,1,1,not_stated,1
SYN-01859,25+,Health,86.68,21.89,1.73,0,1,group_b,1
SYN-01860,18-20,STEM,64.3,51.72,2.51,1,1,group_b,1
SYN-01861,18-20,Business,69.63,49.44,2.6,2,0,group_b,0
SYN-01862,18-20,Business,58.9,55.59,3.33,1,1,group_a,0
SYN-01863,16-17,Business,75.3,44.69,2.82,3,0,group_a,1
SYN-01864,21-24,STEM,71.86,92.56,3.13,4,0,group_b,0
SYN-01865,21-24,Business,68.88,47.51,1.2,1,0,group_b,0
SYN-01866,21-24,Business,88.49,65.56,3.16,0,1,group_a,1
SYN-01867,25+,Health,62.91,69.7,3.24,1,0,group_a,1
SYN-01868,16-17,Health,100.0,42.44,2.03,0,0,group_a,1
SYN-01869,18-20,Health,84.66,44.55,2.84,1,0,not_stated,1
SYN-01870,18-20,Health,87.89,87.04,1.96,3,0,group_a,0
SYN-01871,25+,Health,79.64,43.46,3.01,2,0,group_b,0
SYN-01872,18-20,Arts,78.58,72.25,4.51,0,0,group_a,0
SYN-01873,21-24,STEM,81.45,83.54,1.87,1,0,group_a,0
SYN-01874,21-24,Business,77.54,46.23,2.14,2,0,group_a,0
SYN-01875,16-17,Business,78.65,89.5,3.25,1,0,group_b,0
SYN-01876,18-20,Business,74.79,73.8,2.1,2,1,group_b,1
SYN-01877,18-20,STEM,89.33,70.55,4.43,2,0,group_a,0
SYN-01878,18-20,Business,71.31,39.37,2.0,1,1,group_a,1
SYN-01879,16-17,Business,87.18,53.88,4.4,1,1,group_a,0
SYN-01880,16-17,Health,82.56,40.97,2.44,2,0,group_b,1
SYN-01881,16-17,Arts,76.12,54.17,3.68,1,1,group_b,0
SYN-01882,18-20,STEM,73.92,88.46,3.69,0,0,group_b,0
SYN-01883,25+,Health,84.77,92.75,3.54,0,1,group_b,0
SYN-01884,18-20,Health,72.81,72.11,2.63,1,1,group_b,1
SYN-01885,18-20,Business,71.09,54.7,1.07,0,0,not_stated,1
SYN-01886,21-24,Business,57.69,68.0,3.59,2,0,group_b,1
SYN-01887,16-17,Arts,85.67,67.96,3.78,0,0,group_b,0
SYN-01888,21-24,STEM,72.61,60.52,3.33,2,0,group_a,1
SYN-01889,18-20,Health,88.43,71.07,2.37,2,1,group_b,1
SYN-01890,25+,STEM,99.16,54.33,3.4,3,0,not_stated,0
SYN-01891,18-20,STEM,74.95,66.36,2.83,0,0,group_b,0
SYN-01892,18-20,Business,63.49,73.07,3.06,0,1,not_stated,0
SYN-01893,18-20,Business,82.52,35.1,1.53,0,0,group_a,0
SYN-01894,25+,Arts,82.98,83.1,3.52,0,1,group_b,0
SYN-01895,21-24,Arts,79.91,82.11,1.93,0,1,group_b,0
SYN-01896,21-24,STEM,74.31,62.07,2.77,1,0,group_a,1
SYN-01897,16-17,STEM,80.09,64.41,4.04,1,1,group_a,0
SYN-01898,21-24,Health,69.1,40.32,3.36,3,0,group_a,1
SYN-01899,25+,Arts,87.76,55.61,3.13,1,1,group_a,0
SYN-01900,18-20,Business,83.99,59.94,5.0,0,0,not_stated,0
SYN-01901,16-17,Health,76.63,43.72,3.96,2,0,group_a,0
SYN-01902,21-24,Health,67.73,53.74,2.34,2,1,group_b,0
SYN-01903,21-24,STEM,63.34,57.51,3.11,0,0,group_b,0
SYN-01904,25+,STEM,73.23,24.75,3.3,1,0,group_b,1
SYN-01905,16-17,Arts,64.65,76.19,2.29,1,1,group_b,1
SYN-01906,21-24,Business,66.55,56.56,4.23,2,0,group_b,0
SYN-01907,21-24,STEM,76.29,64.41,4.73,1,0,group_b,0
SYN-01908,16-17,Arts,72.43,53.5,3.27,0,0,not_stated,0
SYN-01909,16-17,STEM,63.15,66.15,1.62,1,0,group_a,1
SYN-01910,25+,STEM,93.63,62.02,3.52,1,0,group_a,0
SYN-01911,16-17,Health,80.87,52.77,2.75,0,0,group_b,1
SYN-01912,16-17,Business,73.77,65.42,3.88,2,0,group_b,1
SYN-01913,21-24,Arts,66.05,78.22,2.67,0,1,group_b,0
SYN-01914,16-17,Business,74.08,79.38,1.0,3,0,group_a,0
SYN-01915,18-20,Business,63.72,85.78,2.87,1,0,group_a,0
SYN-01916,18-20,Health,75.25,57.76,3.68,2,0,group_a,1
SYN-01917,18-20,Business,69.66,50.22,3.42,0,1,group_a,0
SYN-01918,25+,Health,62.61,56.58,4.05,3,0,group_b,0
SYN-01919,18-20,STEM,49.37,38.97,3.05,2,1,group_a,1
SYN-01920,18-20,Health,60.71,42.58,2.23,0,0,group_a,0
SYN-01921,18-20,Arts,83.45,60.37,2.44,2,0,group_a,0
SYN-01922,21-24,Arts,65.12,43.37,5.0,0,0,group_a,0
SYN-01923,21-24,Health,77.59,76.77,2.67,2,1,group_a,0
SYN-01924,25+,Arts,62.16,20.19,1.95,0,0,group_b,1
SYN-01925,18-20,Health,65.9,14.56,2.25,0,0,group_b,1
SYN-01926,25+,Business,71.05,96.2,3.66,1,1,group_b,0
SYN-01927,16-17,Health,83.0,71.7,3.03,2,0,group_a,0
SYN-01928,21-24,Health,61.83,66.96,3.69,2,0,group_a,0
SYN-01929,21-24,STEM,86.98,89.25,2.96,1,0,group_a,0
SYN-01930,18-20,Arts,62.1,80.74,2.88,1,1,group_a,0
SYN-01931,21-24,Business,66.06,57.15,3.54,0,1,group_a,0
SYN-01932,18-20,Business,72.96,51.96,2.96,0,0,group_b,0
SYN-01933,21-24,Business,68.8,75.04,3.7,2,0,group_b,1
SYN-01934,25+,STEM,80.12,55.73,3.78,0,1,group_a,0
SYN-01935,18-20,Business,71.09,72.47,2.97,1,0,group_b,1
SYN-01936,16-17,Business,74.46,66.61,4.1,0,1,group_b,1
SYN-01937,16-17,STEM,61.98,66.47,2.39,0,1,group_b,1
SYN-01938,16-17,Arts,73.25,67.76,2.79,1,0,group_a,1
SYN-01939,18-20,STEM,82.93,92.27,4.8,0,0,group_b,0
SYN-01940,18-20,Health,78.43,67.25,4.07,1,0,group_a,0
SYN-01941,25+,Business,53.77,55.01,4.01,2,0,group_b,1
SYN-01942,18-20,Arts,76.38,59.54,1.8,0,0,group_a,0
SYN-01943,25+,Business,72.31,51.05,2.9,0,0,group_a,0
SYN-01944,25+,Health,48.87,60.68,1.24,0,0,group_a,0
SYN-01945,21-24,Business,72.48,68.09,3.68,2,1,group_b,0
SYN-01946,16-17,Arts,67.49,55.38,2.91,1,0,group_b,1
SYN-01947,16-17,Business,80.23,51.42,2.6,0,1,group_a,0
SYN-01948,25+,Health,81.3,62.85,3.77,1,0,group_a,0
SYN-01949,16-17,Business,69.4,33.16,2.55,2,0,group_b,1
SYN-01950,16-17,Health,76.98,48.48,2.43,2,1,group_a,1
SYN-01951,16-17,STEM,61.11,28.53,2.43,0,1,group_a,1
SYN-01952,16-17,Health,65.05,70.32,2.67,5,0,group_a,1
SYN-01953,21-24,Arts,70.83,88.3,2.26,1,1,group_a,1
SYN-01954,16-17,Arts,74.82,61.5,3.95,3,0,group_a,0
SYN-01955,16-17,STEM,64.95,66.83,3.27,2,1,group_b,1
SYN-01956,25+,STEM,81.98,22.63,3.09,1,0,group_b,1
SYN-01957,18-20,Business,77.36,90.17,3.08,1,1,group_a,0
SYN-01958,16-17,Business,72.52,68.0,2.86,0,0,group_b,1
SYN-01959,18-20,Health,86.23,55.53,2.87,2,0,group_a,1
SYN-01960,25+,Business,88.63,73.14,2.76,2,1,group_b,1
SYN-01961,21-24,Health,63.84,36.7,2.61,0,1,group_a,1
SYN-01962,21-24,Arts,96.74,73.26,2.37,4,0,group_b,1
SYN-01963,18-20,Health,70.39,51.46,4.85,0,0,group_a,1
SYN-01964,25+,Arts,80.36,60.03,2.78,2,0,group_b,1
SYN-01965,21-24,Business,77.31,50.33,2.97,1,0,group_b,0
SYN-01966,21-24,STEM,81.63,42.97,2.5,0,0,group_a,0
SYN-01967,16-17,Business,62.02,53.96,3.93,2,0,group_b,0
SYN-01968,25+,STEM,70.47,91.98,3.7,3,0,group_b,0
SYN-01969,18-20,STEM,57.32,40.26,2.74,2,0,group_a,1
SYN-01970,18-20,STEM,71.89,58.86,3.05,0,1,group_a,1
SYN-01971,16-17,Arts,91.74,76.16,4.03,1,0,group_b,1
SYN-01972,18-20,STEM,61.2,64.35,3.45,1,0,group_b,1
SYN-01973,18-20,Arts,82.36,64.63,3.3,1,0,group_a,0
SYN-01974,18-20,Arts,68.17,46.59,1.84,2,0,group_b,1
SYN-01975,16-17,Health,74.91,60.0,2.62,0,0,group_b,0
SYN-01976,25+,Arts,91.09,53.04,2.6,0,0,group_b,1
SYN-01977,21-24,Business,96.56,81.25,3.57,0,0,group_a,0
SYN-01978,18-20,Health,82.39,40.22,2.84,1,0,group_b,1
SYN-01979,18-20,Business,76.83,42.6,2.21,2,0,not_stated,1
SYN-01980,21-24,STEM,79.98,74.28,3.48,0,0,group_a,1
SYN-01981,21-24,Arts,65.37,44.24,4.56,0,0,group_a,1
SYN-01982,18-20,Arts,85.4,58.35,4.23,0,0,group_a,0
SYN-01983,25+,STEM,70.22,71.96,3.82,0,1,not_stated,1
SYN-01984,18-20,Arts,87.43,53.33,3.52,1,0,group_b,0
SYN-01985,16-17,STEM,82.67,51.84,3.01,1,0,group_b,0
SYN-01986,16-17,Health,76.37,67.76,2.51,0,0,group_a,0
SYN-01987,16-17,Arts,59.51,47.74,3.2,3,1,group_a,1
SYN-01988,21-24,STEM,71.28,42.08,3.62,1,0,group_b,0
SYN-01989,18-20,Health,79.1,62.53,3.63,1,0,group_b,1
SYN-01990,25+,Business,78.46,50.81,2.99,1,0,group_b,1
SYN-01991,18-20,Arts,74.63,57.61,3.27,3,0,group_b,0
SYN-01992,18-20,STEM,71.12,87.22,2.45,1,0,group_b,0
SYN-01993,18-20,Arts,71.75,81.81,2.95,0,0,group_b,0
SYN-01994,21-24,Business,54.33,70.07,2.59,0,1,group_b,1
SYN-01995,21-24,Business,70.16,69.94,2.37,1,0,group_a,1
SYN-01996,25+,Arts,79.43,39.58,3.48,2,0,group_b,0
SYN-01997,16-17,Health,83.3,62.69,2.75,0,0,group_a,0
SYN-01998,16-17,Business,62.17,72.41,3.06,1,1,group_b,0
SYN-01999,16-17,Arts,71.67,73.26,3.42,2,1,group_b,1
SYN-02000,18-20,Business,77.49,69.68,2.66,1,0,group_b,0
SYN-02001,16-17,STEM,73.61,43.11,3.62,3,0,group_a,1
SYN-02002,16-17,STEM,79.81,80.28,1.0,0,1,group_b,0
SYN-02003,18-20,Business,62.5,61.05,2.63,1,1,group_a,0
SYN-02004,18-20,STEM,72.22,78.21,1.67,3,0,group_b,0
SYN-02005,16-17,Arts,58.08,93.12,3.45,1,0,group_b,0
SYN-02006,18-20,Business,77.7,64.07,2.47,2,1,group_a,0
SYN-02007,21-24,Health,73.89,39.25,2.43,1,0,group_a,0
SYN-02008,16-17,Health,74.41,78.56,4.69,0,0,group_a,0
SYN-02009,16-17,Arts,82.16,62.96,2.66,2,1,group_a,1
SYN-02010,25+,STEM,67.63,50.63,2.67,1,0,group_a,1
SYN-02011,18-20,STEM,87.47,64.09,3.86,0,0,not_stated,0
SYN-02012,21-24,Health,76.11,74.21,2.88,0,1,group_a,1
SYN-02013,18-20,STEM,74.17,47.07,2.07,1,0,group_a,1
SYN-02014,18-20,Health,98.74,71.7,2.75,1,1,group_b,1
SYN-02015,18-20,STEM,64.43,71.92,4.14,0,0,group_b,0
SYN-02016,16-17,Arts,63.01,74.25,3.22,0,0,group_b,0
SYN-02017,25+,Arts,78.59,48.71,2.3,1,1,group_b,1
SYN-02018,18-20,Business,67.89,47.8,3.95,1,0,group_b,0
SYN-02019,18-20,Business,75.62,67.18,3.18,0,0,group_b,0
SYN-02020,18-20,Business,70.3,57.58,4.5,0,1,group_b,0
SYN-02021,16-17,Health,67.02,58.41,2.81,2,1,group_a,0
SYN-02022,21-24,STEM,84.29,85.34,2.22,2,1,group_a,0
SYN-02023,18-20,Arts,87.41,83.8,3.1,1,1,group_a,0
SYN-02024,18-20,STEM,73.26,19.04,2.06,0,0,group_a,1
SYN-02025,16-17,STEM,77.81,55.56,3.05,5,1,group_a,0
SYN-02026,18-20,Arts,74.35,57.63,2.17,2,0,group_b,0
SYN-02027,21-24,Health,83.42,79.08,2.8,4,0,group_b,0
SYN-02028,16-17,Health,54.97,52.99,3.31,0,1,group_b,0
SYN-02029,21-24,STEM,77.46,68.48,3.44,1,0,not_stated,0
SYN-02030,21-24,Business,58.98,75.78,2.57,0,0,group_b,0
SYN-02031,16-17,Arts,64.56,63.11,1.78,1,0,group_b,0
SYN-02032,25+,Business,77.58,64.52,4.51,3,0,group_b,0
SYN-02033,16-17,Business,78.25,90.85,4.02,0,0,group_b,0
SYN-02034,16-17,Arts,64.03,66.15,2.68,1,1,group_b,0
SYN-02035,25+,Business,73.96,80.24,3.23,1,1,group_a,1
SYN-02036,25+,Health,79.54,91.95,2.93,2,0,group_b,0
SYN-02037,21-24,Health,69.0,51.99,5.0,0,0,group_a,1
SYN-02038,18-20,Arts,57.8,47.16,2.72,1,0,group_a,1
SYN-02039,21-24,Health,70.03,72.92,1.84,2,0,group_a,0
SYN-02040,21-24,Health,59.87,63.47,1.46,2,0,group_b,0
SYN-02041,18-20,Health,71.51,47.48,3.83,1,1,group_b,1
SYN-02042,25+,Health,65.05,68.96,2.29,1,1,group_a,1
SYN-02043,18-20,Arts,79.36,60.51,2.85,0,1,group_a,1
SYN-02044,21-24,Arts,66.95,77.96,3.02,2,0,group_b,1
SYN-02045,16-17,Arts,78.67,61.47,2.68,2,1,group_a,0
SYN-02046,18-20,Business,59.35,47.81,2.7,0,0,group_b,0
SYN-02047,16-17,Business,68.77,100.0,2.05,0,0,group_a,0
SYN-02048,25+,Arts,74.12,62.52,2.82,0,1,group_a,0
SYN-02049,18-20,Business,75.7,39.03,1.22,0,0,group_b,1
SYN-02050,18-20,STEM,88.25,83.27,4.05,1,1,group_b,0
SYN-02051,18-20,STEM,72.05,45.24,3.07,1,0,group_a,0
SYN-02052,21-24,Arts,84.9,60.4,3.32,1,0,group_b,0
SYN-02053,18-20,Health,72.78,58.95,1.28,1,0,group_b,0
SYN-02054,16-17,Arts,64.06,49.74,3.49,3,1,group_a,1
SYN-02055,16-17,Arts,58.88,67.11,3.13,1,0,group_a,0
SYN-02056,16-17,Business,78.55,78.17,3.61,3,0,group_b,1
SYN-02057,25+,STEM,77.07,61.21,2.79,1,0,not_stated,1
SYN-02058,21-24,Business,71.61,81.92,3.1,5,0,group_a,1
SYN-02059,18-20,Business,78.41,51.6,4.89,1,0,group_a,0
SYN-02060,21-24,Arts,83.56,61.73,2.92,0,0,group_a,0
SYN-02061,16-17,Arts,68.08,50.09,4.43,0,1,group_a,0
SYN-02062,21-24,Business,76.81,72.44,3.65,1,1,group_b,0
SYN-02063,16-17,Arts,86.29,69.32,4.21,1,0,group_a,0
SYN-02064,25+,STEM,70.88,69.8,4.07,1,0,group_a,0
SYN-02065,21-24,STEM,76.83,62.95,1.01,3,0,group_b,0
SYN-02066,21-24,Health,75.81,65.22,3.32,0,0,group_a,0
SYN-02067,18-20,STEM,72.63,70.86,2.25,2,0,group_b,1
SYN-02068,18-20,Business,75.13,60.35,1.35,1,0,group_b,1
SYN-02069,18-20,Business,80.39,53.08,4.3,2,1,group_b,1
SYN-02070,25+,Arts,65.93,99.29,2.17,2,0,group_b,0
SYN-02071,21-24,Health,68.78,82.86,3.25,0,0,group_b,0
SYN-02072,21-24,STEM,58.48,48.4,1.96,1,0,group_a,1
SYN-02073,18-20,Business,76.1,47.95,2.49,2,0,group_a,1
SYN-02074,16-17,Business,89.7,74.12,4.35,2,0,group_a,1
SYN-02075,21-24,Health,70.28,51.49,3.83,0,1,group_b,0
SYN-02076,21-24,Health,90.73,59.2,3.13,4,0,group_b,1
SYN-02077,16-17,Business,66.3,48.89,2.35,0,1,group_b,1
SYN-02078,18-20,Business,70.7,68.41,1.31,2,0,group_a,0
SYN-02079,21-24,Business,43.45,87.63,3.25,2,0,group_b,1
SYN-02080,18-20,STEM,68.8,48.69,3.38,1,0,group_b,1
SYN-02081,18-20,Business,95.0,54.97,2.4,2,0,group_a,0
SYN-02082,21-24,Business,67.33,36.74,1.58,0,1,group_a,0
SYN-02083,21-24,Business,81.66,46.43,1.87,1,0,group_b,0
SYN-02084,16-17,Arts,59.42,68.91,3.5,3,0,group_a,1
SYN-02085,21-24,Arts,68.52,56.64,2.97,0,0,group_a,0
SYN-02086,21-24,Health,74.2,68.18,2.57,2,0,not_stated,0
SYN-02087,18-20,Business,67.89,89.15,3.2,0,0,group_b,0
SYN-02088,21-24,STEM,80.13,78.55,2.91,2,0,group_a,0
SYN-02089,18-20,Health,62.17,41.45,4.0,1,0,group_a,1
SYN-02090,18-20,Arts,81.6,58.72,3.44,0,0,group_b,0
SYN-02091,18-20,STEM,56.33,59.39,3.81,0,0,group_a,1
SYN-02092,18-20,Business,76.52,51.63,1.61,0,0,group_a,0
SYN-02093,16-17,Health,87.43,46.3,4.15,1,0,group_b,0
SYN-02094,16-17,Health,74.37,79.55,2.33,2,1,group_b,1
SYN-02095,18-20,Arts,81.51,54.49,2.07,0,0,group_b,0
SYN-02096,18-20,Health,52.76,30.6,3.38,0,0,group_b,1
SYN-02097,21-24,Health,71.16,89.97,2.9,2,1,group_b,1
SYN-02098,25+,Health,72.9,56.83,1.5,1,0,group_b,1
SYN-02099,21-24,Business,79.51,72.61,3.16,1,1,group_a,0
SYN-02100,18-20,Arts,55.48,75.96,2.61,4,0,group_b,0
SYN-02101,21-24,Business,79.71,53.37,3.77,3,0,group_a,0
SYN-02102,21-24,Health,75.71,67.94,3.49,1,0,group_b,0
SYN-02103,25+,STEM,57.91,46.1,2.05,3,0,group_b,1
SYN-02104,16-17,Arts,79.6,69.56,3.45,2,1,group_a,0
SYN-02105,25+,Health,78.49,86.25,1.11,1,0,group_a,0
SYN-02106,18-20,Health,67.18,48.5,4.44,1,0,group_a,1
SYN-02107,18-20,STEM,78.92,71.27,3.69,1,0,group_b,0
SYN-02108,18-20,STEM,73.14,71.85,3.47,0,1,group_a,0
SYN-02109,18-20,STEM,89.01,78.24,2.52,1,0,group_a,0
SYN-02110,16-17,STEM,97.67,72.53,2.97,3,0,group_a,0
SYN-02111,18-20,STEM,81.47,68.54,2.65,2,0,group_a,1
SYN-02112,25+,Arts,68.66,84.62,3.39,2,1,group_a,0
SYN-02113,18-20,STEM,78.41,48.52,1.65,1,1,group_b,0
SYN-02114,21-24,Health,88.94,72.84,1.56,2,0,group_b,0
SYN-02115,16-17,Arts,78.63,48.44,3.91,2,0,group_a,0
SYN-02116,18-20,STEM,82.34,53.1,2.85,0,0,group_a,1
SYN-02117,21-24,Health,78.76,74.7,1.59,2,0,group_b,0
SYN-02118,21-24,Health,71.98,62.7,3.83,1,0,group_b,0
SYN-02119,18-20,Arts,62.49,57.53,3.16,2,1,not_stated,0
SYN-02120,16-17,Health,88.76,92.54,2.24,1,0,group_a,0
SYN-02121,21-24,STEM,56.46,80.24,3.05,3,1,group_a,1
SYN-02122,18-20,Business,81.65,58.16,3.93,0,1,group_b,0
SYN-02123,21-24,Health,73.75,46.68,2.64,0,0,not_stated,1
SYN-02124,21-24,Health,93.36,69.83,3.25,0,0,group_b,0
SYN-02125,21-24,Arts,73.55,63.9,2.71,2,0,group_b,1
SYN-02126,21-24,Business,70.09,64.59,4.48,0,1,group_b,0
SYN-02127,18-20,STEM,56.48,56.56,4.25,1,0,not_stated,0
SYN-02128,16-17,Arts,75.67,63.8,3.15,1,1,group_b,0
SYN-02129,25+,Business,71.77,75.6,2.44,0,0,group_b,0
SYN-02130,21-24,Business,79.87,88.79,1.0,1,0,group_b,1
SYN-02131,21-24,STEM,83.27,49.34,3.12,3,0,group_b,0
SYN-02132,21-24,STEM,78.68,32.07,3.18,2,0,group_a,0
SYN-02133,18-20,Health,95.92,48.76,3.99,3,0,group_a,0
SYN-02134,18-20,Health,76.74,64.25,2.85,1,0,group_b,1
SYN-02135,18-20,Arts,93.33,76.07,3.24,1,1,group_a,0
SYN-02136,16-17,STEM,93.69,67.0,2.42,1,1,group_b,0
SYN-02137,18-20,Business,51.49,55.34,2.88,2,1,group_a,0
SYN-02138,25+,STEM,85.0,53.25,4.36,2,0,group_b,0
SYN-02139,25+,Arts,78.91,35.76,2.78,1,0,group_a,0
SYN-02140,21-24,Health,80.77,53.12,3.32,2,1,group_a,0
SYN-02141,25+,Health,79.66,48.37,2.77,1,1,group_a,0
SYN-02142,25+,Business,71.31,88.45,2.19,2,0,group_a,0
SYN-02143,25+,Health,81.71,61.94,1.26,2,0,group_a,1
SYN-02144,16-17,Arts,70.03,41.2,4.23,0,0,group_a,0
SYN-02145,18-20,Arts,72.18,61.8,3.47,0,1,group_b,1
SYN-02146,18-20,Business,84.22,91.83,3.3,3,0,group_a,0
SYN-02147,21-24,Arts,65.11,47.6,2.59,0,0,not_stated,1
SYN-02148,16-17,STEM,86.66,43.72,2.91,0,0,group_b,1
SYN-02149,16-17,Business,53.33,52.88,3.59,1,0,group_a,1
SYN-02150,16-17,Business,67.76,55.18,2.23,0,1,group_a,0
SYN-02151,16-17,STEM,85.01,79.62,3.15,2,0,group_b,0
SYN-02152,18-20,Health,59.64,55.65,3.91,0,1,group_b,1
SYN-02153,16-17,STEM,66.13,33.58,1.16,1,0,group_b,1
SYN-02154,21-24,Business,86.59,76.16,1.69,2,0,group_a,1
SYN-02155,21-24,Business,67.6,68.26,3.99,5,0,group_a,0
SYN-02156,18-20,Business,82.22,48.59,2.9,1,0,group_a,0
SYN-02157,16-17,Arts,81.26,66.38,2.28,2,0,group_b,1
SYN-02158,18-20,Health,65.56,57.72,4.03,0,1,group_a,1
SYN-02159,18-20,Arts,68.98,75.58,2.97,0,0,group_b,1
SYN-02160,21-24,Health,66.94,50.5,1.0,2,1,group_a,1
SYN-02161,16-17,Arts,85.29,83.07,1.64,1,1,group_a,0
SYN-02162,16-17,Health,55.57,82.5,1.76,1,0,group_b,1
SYN-02163,16-17,Health,73.13,68.37,2.54,0,0,group_b,0
SYN-02164,21-24,Health,87.53,60.84,3.86,0,0,group_b,0
SYN-02165,16-17,STEM,78.48,84.83,3.12,0,1,group_a,0
SYN-02166,18-20,Health,67.52,79.49,2.55,1,0,group_b,0
SYN-02167,16-17,Health,78.9,58.01,3.22,2,1,group_b,0
SYN-02168,21-24,Arts,78.24,77.79,4.18,0,0,group_b,0
SYN-02169,16-17,Business,76.03,67.17,3.04,3,0,group_a,1
SYN-02170,21-24,Business,72.92,51.05,3.21,0,1,group_b,1
SYN-02171,16-17,STEM,73.0,49.11,3.33,0,0,group_b,0
SYN-02172,21-24,Health,77.26,64.27,2.31,1,0,group_b,1
SYN-02173,16-17,Arts,53.73,58.84,3.87,3,0,group_a,1
SYN-02174,18-20,Arts,69.84,66.9,4.22,0,0,group_a,0
SYN-02175,18-20,Business,79.39,55.77,3.89,1,0,group_a,1
SYN-02176,18-20,Business,76.26,72.48,2.42,1,1,group_b,0
SYN-02177,18-20,Arts,77.12,62.53,2.71,3,0,group_b,1
SYN-02178,16-17,STEM,78.17,53.57,2.69,2,0,group_b,1
SYN-02179,21-24,Arts,83.7,43.22,4.41,0,1,group_a,1
SYN-02180,25+,Arts,56.9,60.21,3.73,1,0,group_a,1
SYN-02181,16-17,STEM,70.39,65.21,3.71,3,0,group_a,1
SYN-02182,21-24,Health,69.7,33.67,2.23,2,0,group_a,1
SYN-02183,18-20,Arts,64.33,67.16,2.87,0,0,group_b,0
SYN-02184,18-20,Arts,63.05,29.09,4.06,0,0,group_b,1
SYN-02185,25+,Health,61.41,54.66,2.24,2,0,group_a,1
SYN-02186,18-20,STEM,74.83,80.61,3.05,3,0,group_a,1
SYN-02187,21-24,STEM,74.02,87.06,4.2,1,1,group_a,0
SYN-02188,18-20,Arts,67.42,57.01,3.07,0,0,group_a,0
SYN-02189,21-24,Health,73.82,40.8,2.72,1,0,group_a,1
SYN-02190,18-20,Arts,75.35,51.93,3.19,4,1,group_a,1
SYN-02191,21-24,Business,83.49,51.96,2.48,1,0,group_a,0
SYN-02192,18-20,Business,67.68,56.76,3.53,2,1,group_b,1
SYN-02193,18-20,Business,72.41,68.59,2.14,2,0,group_a,1
SYN-02194,16-17,Business,64.57,76.69,2.7,0,0,group_b,1
SYN-02195,18-20,Arts,91.54,59.76,3.25,0,0,group_b,0
SYN-02196,16-17,Health,79.37,72.45,3.3,1,0,group_a,1
SYN-02197,18-20,STEM,67.26,39.49,4.17,3,0,not_stated,0
SYN-02198,25+,STEM,63.86,72.07,3.82,0,0,group_b,0
SYN-02199,25+,Business,92.37,76.39,3.76,1,0,group_b,0
SYN-02200,18-20,Business,49.96,67.72,2.19,0,0,group_a,0
SYN-02201,21-24,STEM,76.74,89.87,2.22,2,1,group_b,0
SYN-02202,25+,Arts,69.6,92.16,1.3,1,0,group_b,0
SYN-02203,18-20,Business,80.35,69.9,1.93,2,0,group_a,0
SYN-02204,21-24,Arts,92.77,60.28,2.64,1,0,group_a,0
SYN-02205,21-24,Arts,66.46,54.92,2.61,1,0,group_b,0
SYN-02206,21-24,Health,74.96,59.13,3.51,1,0,group_a,0
SYN-02207,16-17,Business,80.42,59.85,2.02,2,0,group_b,1
SYN-02208,16-17,Arts,73.6,84.52,2.4,0,0,group_a,0
SYN-02209,21-24,Health,78.64,97.16,3.29,3,1,group_b,0
SYN-02210,18-20,STEM,75.44,66.25,3.03,1,1,group_a,0
SYN-02211,21-24,STEM,52.82,73.17,2.81,0,0,group_a,1
SYN-02212,18-20,Arts,72.91,71.14,2.97,0,1,group_a,1
SYN-02213,16-17,Business,67.26,75.9,3.61,1,0,group_a,1
SYN-02214,16-17,Health,89.74,92.37,2.93,1,0,group_b,0
SYN-02215,25+,STEM,51.71,65.97,1.35,2,0,group_a,0
SYN-02216,21-24,Business,74.1,42.59,4.39,1,1,group_b,0
SYN-02217,25+,Health,67.32,57.37,1.37,0,0,group_a,0
SYN-02218,16-17,Arts,79.52,77.61,3.39,1,0,group_a,0
SYN-02219,18-20,Arts,85.33,65.54,2.0,5,0,group_b,0
SYN-02220,18-20,Business,79.44,61.72,2.74,0,1,not_stated,0
SYN-02221,18-20,Arts,92.11,90.64,3.3,0,1,group_a,0
SYN-02222,18-20,STEM,85.39,77.97,1.0,1,0,group_a,1
SYN-02223,18-20,Health,68.21,84.27,3.09,1,1,group_b,1
SYN-02224,21-24,Health,75.25,64.29,2.65,0,0,group_a,0
SYN-02225,21-24,Arts,78.97,82.16,3.98,0,0,group_a,0
SYN-02226,21-24,Business,65.42,57.55,3.57,1,1,group_b,0
SYN-02227,21-24,Arts,78.96,45.21,2.17,2,1,group_a,1
SYN-02228,21-24,Arts,66.87,54.88,2.97,1,1,group_b,1
SYN-02229,21-24,STEM,90.36,57.86,3.84,0,0,group_b,0
SYN-02230,16-17,Arts,67.82,71.97,1.92,1,1,group_b,1
SYN-02231,21-24,Arts,67.57,90.4,2.95,2,0,group_b,1
SYN-02232,21-24,Arts,75.14,54.53,1.81,0,0,group_a,1
SYN-02233,16-17,Arts,75.85,64.76,3.93,1,1,group_a,1
SYN-02234,16-17,STEM,65.03,71.99,3.03,2,0,group_a,1
SYN-02235,18-20,Health,79.09,57.36,3.59,2,0,group_a,0
SYN-02236,21-24,Arts,73.17,87.12,3.54,4,0,group_a,1
SYN-02237,18-20,Business,49.63,90.15,3.65,2,0,group_b,1
SYN-02238,18-20,Business,97.48,55.76,4.53,0,0,group_a,0
SYN-02239,16-17,Health,65.37,53.75,3.03,1,0,group_a,1
SYN-02240,16-17,STEM,59.31,52.47,2.43,1,0,group_a,1
SYN-02241,21-24,Health,79.24,48.93,1.5,1,0,group_a,0
SYN-02242,16-17,STEM,81.71,48.26,2.98,0,1,group_b,1
SYN-02243,16-17,Health,69.33,60.51,2.55,0,0,group_a,1
SYN-02244,16-17,STEM,66.37,92.55,3.78,0,1,group_b,1
SYN-02245,18-20,Arts,68.26,67.96,4.62,0,0,group_b,1
SYN-02246,16-17,Business,80.91,53.34,3.39,1,1,group_a,0
SYN-02247,16-17,Business,67.67,56.5,2.31,1,0,group_a,1
SYN-02248,21-24,Business,87.52,64.86,2.65,1,0,not_stated,0
SYN-02249,21-24,STEM,92.25,80.71,2.43,1,1,group_b,0
SYN-02250,18-20,Arts,71.76,57.29,3.65,1,1,group_a,1
SYN-02251,25+,Arts,52.5,45.33,3.24,1,1,group_a,1
SYN-02252,18-20,STEM,81.68,45.21,2.87,0,0,group_a,0
SYN-02253,18-20,Arts,76.53,77.37,1.49,3,0,group_b,0
SYN-02254,25+,Arts,71.37,78.69,3.52,1,0,group_b,1
SYN-02255,21-24,Arts,62.07,57.53,2.12,1,0,not_stated,0
SYN-02256,18-20,Business,89.99,68.66,2.58,2,0,group_b,1
SYN-02257,18-20,Business,84.24,85.62,3.44,1,0,group_b,0
SYN-02258,25+,STEM,75.03,64.87,2.17,4,0,group_b,0
SYN-02259,25+,Health,83.63,64.51,4.13,4,0,group_a,0
SYN-02260,21-24,STEM,89.89,87.8,3.52,1,1,group_a,0
SYN-02261,18-20,STEM,72.33,74.99,3.01,1,0,group_a,0
SYN-02262,21-24,Arts,76.23,69.68,4.38,1,0,group_b,1
SYN-02263,18-20,Health,74.6,60.64,4.04,0,1,group_a,0
SYN-02264,16-17,STEM,86.87,67.34,3.29,3,0,group_a,0
SYN-02265,21-24,Arts,66.28,57.89,2.05,3,0,group_a,0
SYN-02266,18-20,Health,79.15,39.37,3.98,4,0,group_a,1
SYN-02267,25+,Arts,61.2,66.16,3.79,3,0,group_b,0
SYN-02268,21-24,Health,93.64,78.03,2.47,2,0,group_a,0
SYN-02269,16-17,Arts,65.35,63.43,1.93,4,1,group_a,1
SYN-02270,18-20,Business,83.84,68.39,2.57,0,0,group_b,0
SYN-02271,18-20,Health,88.24,35.02,2.13,1,0,group_b,0
SYN-02272,16-17,Business,75.5,44.54,4.75,3,0,group_b,0
SYN-02273,18-20,Business,76.55,85.94,4.62,0,0,group_b,0
SYN-02274,21-24,Arts,79.0,56.92,2.05,2,0,group_a,0
SYN-02275,18-20,Arts,89.35,82.63,1.35,0,1,group_b,0
SYN-02276,18-20,Business,92.03,68.85,3.3,0,0,group_a,0
SYN-02277,16-17,Arts,48.8,73.45,2.98,1,0,group_b,0
SYN-02278,21-24,STEM,86.09,72.39,2.14,2,0,group_b,1
SYN-02279,21-24,Health,69.78,55.13,2.3,1,0,group_a,1
SYN-02280,16-17,Health,43.52,36.3,3.33,2,1,group_b,1
SYN-02281,21-24,Health,83.32,69.27,3.19,0,0,group_b,0
SYN-02282,18-20,Arts,72.26,52.25,3.84,1,0,group_a,0
SYN-02283,25+,Health,83.09,67.03,2.71,0,0,group_a,0
SYN-02284,18-20,Health,78.13,68.36,2.62,3,0,group_a,1
SYN-02285,18-20,Business,54.83,42.27,3.37,1,0,group_a,1
SYN-02286,16-17,Business,70.02,57.25,2.97,0,0,group_a,1
SYN-02287,18-20,STEM,94.26,40.88,3.58,0,0,group_b,0
SYN-02288,25+,Health,69.28,72.54,3.0,1,0,group_b,1
SYN-02289,18-20,Arts,84.76,44.04,3.71,0,0,group_a,0
SYN-02290,16-17,Arts,73.74,51.72,3.08,0,0,group_b,0
SYN-02291,18-20,STEM,65.3,58.49,3.57,0,0,group_a,0
SYN-02292,21-24,Arts,63.21,72.02,3.94,1,0,group_a,0
SYN-02293,16-17,Arts,64.64,46.75,3.65,0,0,group_b,0
SYN-02294,18-20,Health,69.69,58.4,1.83,2,0,group_a,0
SYN-02295,18-20,STEM,70.67,55.62,3.55,3,0,group_a,1
SYN-02296,25+,Business,69.44,71.2,2.12,1,0,group_a,0
SYN-02297,25+,Health,74.34,56.25,3.48,2,1,group_a,1
SYN-02298,21-24,STEM,77.27,79.96,2.73,0,0,group_a,1
SYN-02299,21-24,STEM,66.07,83.54,1.64,0,0,group_b,1
SYN-02300,16-17,STEM,100.0,62.1,2.42,0,0,not_stated,0
SYN-02301,16-17,Health,92.62,67.28,3.5,0,0,group_b,0
SYN-02302,18-20,Arts,83.47,75.6,4.42,2,0,group_b,0
SYN-02303,16-17,Health,74.77,35.35,3.23,0,0,group_b,0
SYN-02304,16-17,Health,83.2,91.5,1.0,2,0,group_a,0
SYN-02305,21-24,Arts,85.41,57.98,3.54,1,0,group_a,0
SYN-02306,21-24,Arts,66.0,29.25,3.03,1,0,group_a,1
SYN-02307,18-20,STEM,72.03,72.05,4.38,0,0,group_b,0
SYN-02308,16-17,Health,77.43,64.61,1.87,0,0,group_b,1
SYN-02309,16-17,Health,86.97,63.53,3.75,1,0,group_a,0
SYN-02310,16-17,Business,52.44,70.95,2.22,0,1,group_a,1
SYN-02311,21-24,STEM,67.97,63.13,2.84,0,1,group_b,1
SYN-02312,16-17,Health,63.75,60.76,2.33,0,1,group_a,1
SYN-02313,21-24,Health,69.87,64.6,3.5,1,0,not_stated,0
SYN-02314,16-17,STEM,74.4,45.24,3.19,1,0,group_b,0
SYN-02315,16-17,Health,59.67,68.94,3.09,0,0,group_b,1
SYN-02316,25+,Arts,74.42,33.17,2.83,0,0,group_a,0
SYN-02317,21-24,Arts,60.43,51.87,2.85,0,0,group_a,1
SYN-02318,18-20,Business,69.74,55.73,2.22,3,0,group_b,1
SYN-02319,18-20,Health,65.13,30.82,3.37,3,0,group_a,1
SYN-02320,18-20,Arts,94.74,74.18,1.51,0,0,group_b,0
SYN-02321,18-20,Arts,67.77,36.64,4.65,0,0,group_b,0
SYN-02322,18-20,Arts,65.46,55.34,3.45,0,0,group_a,0
SYN-02323,21-24,STEM,76.64,51.0,2.26,0,0,group_a,0
SYN-02324,25+,Health,80.38,66.49,2.28,1,0,group_a,0
SYN-02325,25+,Arts,73.31,47.36,3.01,4,0,group_a,0
SYN-02326,18-20,Arts,60.95,71.06,3.73,1,0,group_a,1
SYN-02327,18-20,STEM,54.49,37.04,2.47,0,0,group_a,1
SYN-02328,21-24,Arts,72.36,67.91,2.18,2,0,group_b,1
SYN-02329,18-20,Arts,61.8,59.66,3.52,0,0,group_a,0
SYN-02330,18-20,STEM,82.24,91.97,2.68,2,1,group_b,1
SYN-02331,16-17,Arts,79.77,69.09,2.18,2,0,group_a,0
SYN-02332,18-20,Health,86.48,65.02,3.25,1,0,group_a,1
SYN-02333,18-20,Health,87.47,81.2,2.66,1,0,group_b,0
SYN-02334,18-20,Business,79.53,68.56,2.74,1,1,group_b,1
SYN-02335,21-24,Health,82.44,28.68,2.82,1,1,group_a,1
SYN-02336,18-20,Health,72.9,85.74,3.13,1,1,group_a,1
SYN-02337,16-17,Arts,76.94,85.84,1.86,0,1,group_a,0
SYN-02338,18-20,Arts,66.82,74.11,4.27,3,1,group_b,1
SYN-02339,18-20,Arts,84.49,70.99,3.2,0,0,group_a,0
SYN-02340,18-20,Business,83.28,71.02,2.31,1,0,group_a,1
SYN-02341,21-24,Health,62.18,64.39,3.99,2,1,group_b,1
SYN-02342,18-20,Business,74.01,54.74,2.71,0,1,group_b,1
SYN-02343,25+,Business,75.48,63.8,2.41,0,0,not_stated,0
SYN-02344,18-20,STEM,78.55,55.81,2.22,1,0,group_a,1
SYN-02345,25+,STEM,78.99,76.15,1.16,0,0,group_b,0
SYN-02346,18-20,Arts,83.67,65.15,2.91,0,1,group_a,0
SYN-02347,21-24,Arts,85.07,86.68,2.73,0,0,group_b,0
SYN-02348,21-24,STEM,74.99,78.07,3.26,0,0,not_stated,1
SYN-02349,18-20,Health,80.64,76.9,2.18,0,1,group_b,0
SYN-02350,18-20,Business,52.2,48.24,3.63,0,0,group_a,1
SYN-02351,16-17,Arts,85.74,68.72,1.75,1,0,group_a,1
SYN-02352,16-17,Business,78.45,41.06,3.81,1,0,group_a,1
SYN-02353,18-20,Arts,70.67,78.98,3.02,1,1,group_a,0
SYN-02354,18-20,STEM,68.23,72.38,3.36,0,0,group_b,1
SYN-02355,18-20,STEM,79.31,65.8,1.16,2,1,group_a,0
SYN-02356,18-20,Arts,55.32,46.43,1.95,0,1,group_a,1
SYN-02357,16-17,Arts,85.88,56.26,1.92,0,0,group_b,0
SYN-02358,21-24,Health,74.62,32.23,2.47,2,0,group_a,1
SYN-02359,18-20,STEM,82.3,59.71,2.42,0,0,group_a,0
SYN-02360,25+,Business,50.13,49.07,3.51,1,0,group_b,1
SYN-02361,25+,STEM,71.36,79.34,3.15,1,0,group_b,1
SYN-02362,16-17,Health,73.63,50.65,2.64,2,0,not_stated,1
SYN-02363,18-20,STEM,82.05,66.18,3.11,0,0,group_b,0
SYN-02364,16-17,Business,53.99,68.71,3.97,2,0,group_b,1
SYN-02365,18-20,Arts,72.71,68.46,1.59,3,0,group_a,1
SYN-02366,18-20,Arts,68.4,79.25,3.08,0,0,group_b,0
SYN-02367,16-17,Health,72.87,57.8,3.17,1,0,group_a,0
SYN-02368,25+,Arts,71.82,55.15,2.41,2,0,group_a,1
SYN-02369,25+,Arts,59.08,58.52,3.37,0,1,group_a,0
SYN-02370,18-20,STEM,64.83,40.85,2.95,3,0,group_b,1
SYN-02371,25+,STEM,62.25,76.55,3.77,0,0,group_a,1
SYN-02372,25+,STEM,54.73,51.36,3.23,1,1,group_b,1
SYN-02373,18-20,Business,66.61,44.07,4.1,0,0,group_b,0
SYN-02374,16-17,Business,75.81,42.15,2.62,1,0,group_b,0
SYN-02375,21-24,Health,63.7,65.7,4.19,0,1,group_a,0
SYN-02376,21-24,Health,70.42,55.64,3.34,1,1,group_a,0
SYN-02377,16-17,Business,75.83,60.35,2.7,1,0,group_a,1
SYN-02378,16-17,Business,76.25,87.5,5.0,1,1,group_a,0
SYN-02379,18-20,Health,75.41,42.22,3.02,0,1,group_b,1
SYN-02380,16-17,Arts,75.73,54.24,2.37,0,0,group_a,0
SYN-02381,25+,Health,55.38,36.7,3.09,0,0,group_a,0
SYN-02382,16-17,Health,83.05,62.23,3.6,0,0,group_b,0
SYN-02383,25+,Health,73.08,86.22,2.93,0,0,group_a,1
SYN-02384,25+,Arts,88.24,83.29,3.16,1,0,group_b,0
SYN-02385,21-24,STEM,62.76,67.28,1.99,3,0,group_b,1
SYN-02386,25+,Health,74.99,68.05,3.93,1,0,group_b,0
SYN-02387,25+,STEM,82.86,80.47,2.85,1,0,group_b,0
SYN-02388,21-24,Arts,71.46,63.05,2.45,1,0,group_a,1
SYN-02389,16-17,Health,81.26,76.01,1.82,2,1,group_b,1
SYN-02390,16-17,Health,83.15,59.5,2.05,1,1,group_b,1
SYN-02391,21-24,Arts,76.78,47.17,3.88,1,1,group_b,1
SYN-02392,21-24,Arts,72.36,25.72,3.66,2,0,group_b,1
SYN-02393,25+,Business,78.33,44.14,2.53,2,0,group_a,1
SYN-02394,25+,Health,58.68,86.0,1.54,4,0,group_a,0
SYN-02395,16-17,Health,75.4,71.22,3.64,0,0,group_a,0
SYN-02396,16-17,Arts,72.5,31.87,3.25,3,1,group_a,0
SYN-02397,18-20,STEM,81.33,81.83,3.84,2,0,group_b,0
SYN-02398,16-17,Business,74.42,53.07,2.99,1,0,group_a,1
SYN-02399,25+,Health,83.8,69.84,3.19,2,0,group_b,0
SYN-02400,21-24,Health,82.13,71.56,3.11,3,1,group_a,1
SYN-02401,16-17,Health,95.18,46.73,3.53,2,0,group_b,0
SYN-02402,18-20,Business,62.69,65.38,2.81,1,0,group_b,0
SYN-02403,21-24,Business,80.11,52.44,3.06,0,0,group_b,1
SYN-02404,18-20,Arts,55.39,46.41,2.88,0,0,group_b,0
SYN-02405,25+,Business,73.58,89.97,3.87,1,0,not_stated,0
SYN-02406,18-20,Arts,81.95,65.21,3.77,1,0,group_b,0
SYN-02407,18-20,Arts,82.31,52.67,3.93,2,1,group_a,0
SYN-02408,18-20,Health,74.72,88.59,2.96,1,0,group_b,1
SYN-02409,18-20,Health,62.11,57.38,2.32,2,0,group_a,1
SYN-02410,16-17,Business,77.37,58.45,2.23,1,0,group_a,1
SYN-02411,25+,STEM,76.79,74.94,2.65,1,0,group_a,0
SYN-02412,21-24,Business,73.38,56.2,3.74,0,0,group_a,1
SYN-02413,16-17,Health,79.05,74.66,2.91,1,0,group_a,0
SYN-02414,21-24,Business,69.85,60.63,2.36,1,1,group_a,1
SYN-02415,25+,Health,78.28,80.36,3.36,1,0,group_b,0
SYN-02416,16-17,STEM,76.59,50.03,1.6,1,0,group_b,1
SYN-02417,16-17,Business,69.28,81.84,3.96,1,0,group_a,0
SYN-02418,18-20,Health,66.99,76.79,4.05,2,1,group_a,0
SYN-02419,21-24,Business,77.97,71.46,2.83,0,0,group_b,0
SYN-02420,16-17,Health,74.98,71.33,3.71,1,0,group_a,0
SYN-02421,16-17,Health,78.27,83.5,3.79,2,0,group_b,0
SYN-02422,18-20,Health,76.97,54.53,1.58,2,0,group_a,1
SYN-02423,16-17,Health,80.33,60.35,1.0,3,0,group_b,0
SYN-02424,21-24,Arts,75.71,67.72,3.22,1,0,group_a,1
SYN-02425,25+,Business,75.98,36.55,4.6,3,0,group_a,0
SYN-02426,18-20,Business,62.02,82.7,2.83,2,0,group_a,1
SYN-02427,18-20,Health,72.56,68.83,2.8,1,0,group_a,1
SYN-02428,18-20,Health,83.37,68.17,3.29,4,0,group_b,0
SYN-02429,21-24,Arts,70.94,70.27,3.85,2,0,group_a,0
SYN-02430,18-20,Business,81.95,100.0,2.53,1,1,group_a,0
SYN-02431,25+,STEM,68.55,87.06,2.3,2,1,not_stated,0
SYN-02432,21-24,Arts,76.46,73.64,3.07,2,1,group_a,0
SYN-02433,21-24,Business,64.66,64.29,4.06,1,0,group_b,0
SYN-02434,21-24,Health,69.56,54.99,2.25,0,0,not_stated,1
SYN-02435,21-24,Health,77.51,82.56,3.5,3,0,group_b,0
SYN-02436,18-20,Arts,86.11,37.34,4.51,3,0,group_a,0
SYN-02437,25+,Health,70.05,87.76,3.2,0,1,group_b,1
SYN-02438,21-24,Business,79.75,67.9,1.71,0,0,group_b,0
SYN-02439,21-24,Business,77.91,69.16,2.4,1,0,group_a,1
SYN-02440,25+,STEM,61.0,65.84,2.23,1,0,group_b,1
SYN-02441,16-17,Arts,86.73,45.29,2.27,1,1,group_a,0
SYN-02442,18-20,Health,87.11,51.66,3.45,0,0,not_stated,0
SYN-02443,16-17,Business,81.52,60.51,2.99,0,1,group_a,0
SYN-02444,16-17,Business,68.85,71.13,2.46,1,1,group_a,1
SYN-02445,18-20,STEM,75.61,52.91,2.83,1,1,group_b,1
SYN-02446,18-20,STEM,79.56,70.91,3.63,1,0,group_a,0
SYN-02447,18-20,Business,60.44,63.95,2.39,1,1,group_b,1
SYN-02448,18-20,Business,90.61,38.74,1.99,1,1,group_a,1
SYN-02449,21-24,STEM,80.18,63.57,1.98,1,0,group_a,0
SYN-02450,21-24,STEM,73.31,65.82,3.5,1,0,group_a,1
SYN-02451,21-24,Health,75.19,65.17,3.24,3,0,group_b,1
SYN-02452,25+,STEM,78.04,91.46,1.93,0,0,group_a,0
SYN-02453,21-24,Business,71.29,53.92,2.53,1,0,group_b,1
SYN-02454,25+,STEM,79.62,79.93,2.75,1,0,group_a,0
SYN-02455,18-20,Arts,82.02,71.09,2.95,2,0,group_a,1
SYN-02456,18-20,Health,68.99,100.0,4.68,1,0,group_a,0
SYN-02457,16-17,Health,71.19,82.32,2.66,0,0,group_a,1
SYN-02458,21-24,Business,92.37,44.17,3.71,1,0,group_a,0
SYN-02459,18-20,Arts,83.55,75.08,1.94,2,0,group_a,0
SYN-02460,18-20,Arts,65.89,29.49,4.66,2,0,group_b,0
SYN-02461,21-24,Business,76.62,70.57,2.31,0,0,group_b,1
SYN-02462,25+,STEM,83.29,96.43,2.17,0,0,group_b,0
SYN-02463,18-20,Arts,70.35,68.26,3.04,1,0,not_stated,1
SYN-02464,21-24,Health,69.97,69.57,2.48,3,0,group_a,1
SYN-02465,16-17,Business,89.22,89.83,1.07,1,0,group_b,1
SYN-02466,21-24,Arts,74.2,58.83,3.32,0,1,not_stated,0
SYN-02467,16-17,Arts,82.1,78.74,3.49,1,0,group_a,1
SYN-02468,16-17,Arts,58.96,100.0,1.23,1,0,group_a,0
SYN-02469,18-20,STEM,68.51,68.37,2.82,1,0,group_a,1
SYN-02470,18-20,Health,66.46,44.52,2.37,1,0,group_a,1
SYN-02471,16-17,Health,55.77,79.54,4.82,0,0,group_b,0
SYN-02472,21-24,Business,68.02,82.31,2.95,1,1,group_a,0
SYN-02473,25+,Business,87.72,65.66,3.43,3,1,group_a,0
SYN-02474,16-17,Health,68.83,78.25,3.1,3,1,group_a,0
SYN-02475,16-17,Business,57.03,46.97,2.0,1,0,group_b,1
SYN-02476,16-17,STEM,71.4,66.59,3.23,0,0,group_a,0
SYN-02477,25+,Business,73.84,74.8,4.51,1,0,group_b,0
SYN-02478,18-20,Health,54.35,71.59,2.08,1,0,group_a,0
SYN-02479,18-20,STEM,73.1,62.95,1.61,0,1,group_a,1
SYN-02480,21-24,Health,64.15,46.76,3.56,1,0,group_a,1
SYN-02481,18-20,Arts,92.03,70.44,2.43,1,0,group_b,1
SYN-02482,25+,STEM,86.04,73.25,1.51,1,0,group_b,0
SYN-02483,16-17,STEM,55.15,67.06,3.27,2,0,not_stated,0
SYN-02484,21-24,Arts,74.33,56.38,2.76,2,1,group_a,0
SYN-02485,21-24,Arts,72.03,44.39,1.82,1,0,group_a,1
SYN-02486,21-24,Health,78.19,38.71,3.52,0,0,group_b,1
SYN-02487,18-20,STEM,75.59,34.21,2.85,1,0,group_a,1
SYN-02488,25+,STEM,70.5,85.84,2.32,0,0,group_a,0
SYN-02489,16-17,Arts,71.25,38.36,2.89,4,0,group_b,1
SYN-02490,18-20,Health,68.69,94.32,4.5,0,0,group_b,0
SYN-02491,21-24,STEM,78.89,52.16,3.46,1,0,group_b,1
SYN-02492,21-24,Business,82.76,63.75,2.43,1,0,not_stated,0
SYN-02493,18-20,Health,66.7,56.61,3.02,2,0,group_a,1
SYN-02494,16-17,Business,51.34,65.36,3.53,2,0,group_a,1
SYN-02495,18-20,Arts,74.29,57.84,2.75,1,0,group_b,0
SYN-02496,18-20,Health,82.96,77.64,3.53,0,0,group_a,0
SYN-02497,18-20,Health,76.7,56.81,3.64,4,0,group_a,0
SYN-02498,21-24,Business,85.53,78.79,2.8,0,0,group_b,0
SYN-02499,18-20,Business,74.22,56.01,3.04,1,0,group_a,0
SYN-02500,18-20,Arts,57.46,77.08,2.93,1,0,group_a,1
SYN-02501,16-17,Arts,74.87,56.67,2.5,1,0,group_b,1
SYN-02502,21-24,Health,78.2,87.02,1.99,2,0,group_a,1
SYN-02503,25+,Arts,83.76,48.02,4.04,3,0,group_a,0
SYN-02504,18-20,STEM,66.91,47.6,3.05,1,1,group_b,0
SYN-02505,16-17,Health,86.01,47.37,2.62,3,0,group_a,1
SYN-02506,18-20,STEM,76.12,58.06,2.59,1,1,group_a,0
SYN-02507,18-20,Arts,77.8,57.35,5.0,2,0,group_a,1
SYN-02508,21-24,Health,79.98,46.09,3.71,2,0,group_a,0
SYN-02509,16-17,STEM,88.01,49.67,3.58,2,0,group_a,1
SYN-02510,25+,STEM,67.05,55.02,1.76,1,1,group_b,0
SYN-02511,16-17,Arts,65.13,48.77,3.62,3,0,group_a,1
SYN-02512,21-24,Arts,78.19,61.76,3.63,0,0,group_a,0
SYN-02513,25+,STEM,75.02,68.12,3.85,0,0,group_a,0
SYN-02514,18-20,Health,67.38,48.93,3.22,1,0,group_b,1
SYN-02515,25+,Health,65.73,76.12,3.62,2,0,group_a,0
SYN-02516,21-24,Arts,64.58,84.0,2.07,0,0,group_b,0
SYN-02517,25+,Business,73.44,67.44,3.36,3,0,group_a,0
SYN-02518,18-20,Arts,87.55,46.11,2.89,0,1,group_b,1
SYN-02519,25+,Health,81.27,75.58,2.45,0,0,group_b,0
SYN-02520,16-17,Health,77.29,68.62,3.37,1,0,group_a,0
SYN-02521,25+,Health,74.19,71.95,4.52,1,0,not_stated,0
SYN-02522,18-20,STEM,84.34,59.51,1.94,1,0,group_a,1
SYN-02523,21-24,STEM,70.66,68.44,3.18,2,0,group_b,0
SYN-02524,21-24,Arts,79.57,43.63,3.61,0,0,group_a,0
SYN-02525,18-20,Arts,75.21,62.5,2.65,0,0,group_a,0
SYN-02526,18-20,Arts,81.15,86.59,3.62,0,0,group_a,1
SYN-02527,16-17,Health,87.76,88.04,2.87,1,0,group_b,1
SYN-02528,18-20,Business,91.05,74.12,2.65,0,0,group_a,0
SYN-02529,16-17,Arts,65.35,43.86,4.35,2,1,not_stated,1
SYN-02530,16-17,Business,64.88,80.22,4.02,0,0,group_b,0
SYN-02531,21-24,STEM,59.98,62.36,3.75,1,0,group_a,0
SYN-02532,21-24,Business,86.16,51.7,2.39,1,1,group_a,1
SYN-02533,16-17,Business,94.18,61.9,2.75,0,0,group_a,0
SYN-02534,25+,Arts,68.36,68.1,2.24,1,0,group_b,0
SYN-02535,18-20,Health,73.68,81.13,2.87,2,1,group_b,1
SYN-02536,18-20,Health,68.15,82.44,1.29,2,0,group_a,1
SYN-02537,18-20,Business,84.03,56.77,1.83,2,0,group_b,0
SYN-02538,25+,STEM,77.83,47.17,1.34,2,0,group_a,1
SYN-02539,18-20,Arts,77.09,62.56,2.71,3,1,group_b,1
SYN-02540,25+,Arts,67.09,69.96,2.7,0,0,group_b,0
SYN-02541,25+,STEM,77.05,64.18,3.73,1,0,group_a,1
SYN-02542,16-17,STEM,62.04,68.72,2.94,5,0,group_b,1
SYN-02543,21-24,STEM,86.14,66.62,2.71,0,1,group_b,1
SYN-02544,16-17,STEM,100.0,64.67,4.12,1,1,group_b,0
SYN-02545,25+,Health,56.67,55.89,3.3,0,0,group_a,0
SYN-02546,16-17,Arts,75.18,57.96,2.99,1,0,group_a,1
SYN-02547,16-17,Arts,72.7,86.53,2.95,1,0,group_b,1
SYN-02548,16-17,Arts,75.17,44.02,3.1,0,0,group_a,0
SYN-02549,16-17,Business,60.05,65.85,2.28,2,1,not_stated,0
SYN-02550,21-24,STEM,58.07,67.37,2.34,0,1,group_a,0
SYN-02551,21-24,STEM,71.52,40.23,4.07,1,0,group_a,1
SYN-02552,18-20,Arts,64.46,76.99,2.69,1,0,group_b,0
SYN-02553,18-20,Arts,66.76,43.19,2.6,1,1,not_stated,1
SYN-02554,18-20,Business,69.04,52.95,1.81,2,1,group_b,1
SYN-02555,21-24,Health,80.38,87.09,3.3,3,0,group_b,0
SYN-02556,18-20,STEM,73.61,73.27,3.51,2,0,group_b,0
SYN-02557,16-17,STEM,67.96,50.46,3.28,0,0,group_b,0
SYN-02558,18-20,Arts,69.76,45.15,2.95,1,0,group_b,0
SYN-02559,18-20,Business,74.13,65.39,3.75,1,0,group_b,1
SYN-02560,18-20,Arts,96.13,83.73,2.56,1,0,group_b,0
SYN-02561,16-17,Health,66.17,58.07,2.24,0,1,group_b,1
SYN-02562,16-17,Health,68.73,71.1,3.78,1,1,group_a,1
SYN-02563,16-17,Business,65.7,64.87,1.69,0,1,group_a,0
SYN-02564,25+,Health,75.05,59.48,2.94,2,0,group_a,0
SYN-02565,16-17,Arts,62.22,64.85,3.85,0,0,group_b,0
SYN-02566,21-24,Business,70.21,82.25,2.57,3,0,group_b,0
SYN-02567,25+,Business,51.05,59.38,1.95,2,0,group_b,1
SYN-02568,16-17,Arts,71.21,55.85,2.79,2,0,group_a,1
SYN-02569,21-24,Business,84.04,73.26,2.32,0,1,not_stated,0
SYN-02570,25+,Health,78.35,71.33,1.78,1,1,not_stated,1
SYN-02571,18-20,Business,69.71,70.76,3.91,0,0,group_b,0
SYN-02572,16-17,STEM,71.59,85.11,2.48,1,1,group_b,0
SYN-02573,21-24,Health,73.54,84.99,2.25,2,0,group_b,0
SYN-02574,16-17,Business,80.16,59.02,3.56,3,1,group_b,1
SYN-02575,21-24,Business,62.79,45.51,2.77,1,0,group_a,0
SYN-02576,21-24,Health,60.98,78.21,2.1,1,1,group_a,1
SYN-02577,21-24,Health,53.85,43.79,3.43,0,1,group_b,0
SYN-02578,18-20,Arts,83.41,69.37,4.65,1,1,group_b,0
SYN-02579,25+,Business,71.51,48.44,3.88,2,0,group_a,0
SYN-02580,18-20,STEM,56.25,65.97,2.6,1,1,group_b,1
SYN-02581,21-24,Business,75.62,61.39,3.72,1,1,group_a,0
SYN-02582,21-24,Business,61.15,51.33,3.63,2,0,group_a,0
SYN-02583,18-20,STEM,77.07,39.88,3.67,1,0,group_a,0
SYN-02584,25+,Arts,83.92,84.63,3.38,1,0,group_b,0
SYN-02585,16-17,Business,69.38,48.35,1.72,1,1,not_stated,1
SYN-02586,25+,STEM,79.19,49.84,2.87,0,0,group_b,0
SYN-02587,16-17,Arts,94.85,31.8,2.68,0,0,group_a,0
SYN-02588,21-24,STEM,63.53,59.01,3.14,0,0,group_b,0
SYN-02589,18-20,Business,78.3,99.76,1.95,3,0,not_stated,1
SYN-02590,18-20,STEM,100.0,54.89,2.78,3,1,group_b,1
SYN-02591,25+,STEM,71.29,39.91,2.99,0,1,group_a,0
SYN-02592,18-20,Arts,79.73,52.61,3.47,1,1,group_a,1
SYN-02593,18-20,Arts,75.38,60.46,4.06,2,1,group_b,1
SYN-02594,25+,Business,80.93,53.88,4.72,3,0,group_a,0
SYN-02595,16-17,Arts,70.31,71.06,4.28,3,1,group_b,1
SYN-02596,16-17,Business,55.98,48.21,3.5,1,1,group_a,1
SYN-02597,16-17,STEM,70.33,48.67,3.44,2,0,group_a,1
SYN-02598,18-20,Arts,74.04,63.64,2.79,1,0,group_b,0
SYN-02599,18-20,Business,53.7,67.63,3.22,1,0,not_stated,0
SYN-02600,21-24,Health,68.69,64.47,2.95,2,0,not_stated,1
SYN-02601,16-17,Health,87.02,77.42,1.8,1,0,group_b,1
SYN-02602,25+,Arts,75.69,62.12,3.33,2,1,group_a,0
SYN-02603,21-24,Business,70.36,86.96,2.56,1,0,group_a,1
SYN-02604,18-20,Business,72.78,52.03,1.49,2,0,group_a,1
SYN-02605,16-17,Arts,60.73,76.43,4.09,2,0,group_b,0
SYN-02606,16-17,Arts,69.18,72.48,3.48,0,0,group_b,1
SYN-02607,16-17,Business,77.55,62.24,4.5,4,0,group_a,0
SYN-02608,16-17,Health,72.43,58.45,3.89,4,0,group_b,0
SYN-02609,16-17,Arts,61.07,44.7,3.73,0,1,group_a,1
SYN-02610,21-24,STEM,81.86,74.87,3.39,1,0,group_a,0
SYN-02611,16-17,Business,75.8,61.1,2.97,2,0,group_b,1
SYN-02612,25+,Health,88.23,43.81,1.98,0,0,group_a,0
SYN-02613,18-20,Business,66.49,63.23,3.49,1,0,group_b,0
SYN-02614,21-24,Business,67.9,56.39,3.77,1,0,group_b,1
SYN-02615,16-17,Business,62.81,46.09,2.39,2,1,group_b,1
SYN-02616,18-20,Business,100.0,77.51,2.74,1,1,group_a,0
SYN-02617,18-20,Arts,87.56,50.35,4.1,2,0,group_a,0
SYN-02618,25+,STEM,74.3,65.48,3.33,0,0,group_b,0
SYN-02619,18-20,Business,61.82,55.45,2.48,2,0,group_b,0
SYN-02620,21-24,Arts,67.89,67.7,3.59,1,0,group_a,0
SYN-02621,21-24,Health,75.43,76.61,2.83,2,0,group_a,1
SYN-02622,16-17,Business,84.01,59.75,2.76,1,0,group_b,0
SYN-02623,18-20,STEM,64.81,44.69,3.36,2,1,group_b,0
SYN-02624,16-17,STEM,61.71,68.05,2.23,2,0,group_a,1
SYN-02625,18-20,Arts,81.19,68.9,2.74,1,0,group_b,0
SYN-02626,25+,Business,82.62,72.86,2.72,3,1,group_b,1
SYN-02627,21-24,Health,84.73,44.56,3.62,1,0,group_b,0
SYN-02628,21-24,Business,82.65,80.14,4.42,2,0,group_a,0
SYN-02629,25+,Arts,76.03,59.38,3.85,0,1,group_a,0
SYN-02630,21-24,Health,77.08,79.54,3.04,0,0,group_a,0
SYN-02631,25+,STEM,89.03,64.44,1.75,3,1,group_b,0
SYN-02632,21-24,Health,69.57,41.67,2.44,0,0,group_b,1
SYN-02633,25+,Health,76.89,39.67,2.63,0,1,group_a,1
SYN-02634,25+,STEM,82.12,67.24,2.34,2,1,group_a,1
SYN-02635,21-24,Health,84.46,68.05,2.7,0,0,group_b,0
SYN-02636,16-17,Arts,79.05,58.48,2.82,1,0,group_b,0
SYN-02637,16-17,Health,74.91,48.19,3.85,1,0,group_a,0
SYN-02638,16-17,Health,76.55,68.05,4.57,0,1,group_a,1
SYN-02639,18-20,Arts,82.62,66.85,3.46,2,0,group_a,0
SYN-02640,16-17,Arts,61.87,62.46,3.95,1,0,group_b,0
SYN-02641,18-20,Arts,40.81,43.22,2.79,1,0,group_a,1
SYN-02642,25+,Health,86.51,68.48,3.94,1,0,group_a,0
SYN-02643,25+,STEM,80.77,56.76,3.6,2,0,group_b,0
SYN-02644,21-24,Arts,79.96,48.29,2.79,1,1,group_a,0
SYN-02645,18-20,STEM,80.65,67.61,3.19,2,0,group_b,0
SYN-02646,18-20,Health,69.32,84.97,4.22,0,1,group_b,0
SYN-02647,18-20,Arts,61.96,54.86,3.57,2,0,not_stated,0
SYN-02648,18-20,Health,90.55,65.13,1.76,1,0,group_a,0
SYN-02649,18-20,Business,66.19,72.98,2.57,4,1,group_a,0
SYN-02650,16-17,Health,77.0,54.34,2.84,0,0,group_b,0
SYN-02651,18-20,STEM,78.35,50.59,3.32,1,1,group_a,0
SYN-02652,21-24,Health,73.78,60.02,3.13,1,0,group_b,1
SYN-02653,16-17,Arts,67.25,36.21,3.2,0,0,group_a,1
SYN-02654,16-17,STEM,59.37,74.3,2.87,2,0,group_a,1
SYN-02655,25+,Arts,65.78,47.74,2.94,2,0,group_a,1
SYN-02656,21-24,Health,83.39,90.57,3.54,0,0,not_stated,0
SYN-02657,25+,STEM,88.92,95.17,2.56,1,0,group_a,0
SYN-02658,25+,STEM,76.82,48.42,1.66,1,0,group_b,0
SYN-02659,18-20,Business,72.36,90.43,4.24,2,0,group_a,0
SYN-02660,18-20,Business,82.61,85.53,2.7,1,1,group_a,0
SYN-02661,18-20,Arts,71.32,62.89,2.05,1,1,group_b,0
SYN-02662,21-24,Health,86.16,45.06,3.96,1,0,group_b,0
SYN-02663,18-20,STEM,63.72,56.73,3.6,0,0,not_stated,0
SYN-02664,16-17,STEM,78.52,88.98,2.76,1,0,group_b,1
SYN-02665,25+,Arts,70.84,38.81,2.24,3,0,group_a,1
SYN-02666,16-17,STEM,78.67,58.17,2.83,0,1,group_a,0
SYN-02667,21-24,Arts,83.13,63.93,1.87,0,0,group_a,0
SYN-02668,16-17,STEM,76.23,82.32,2.71,1,0,group_a,0
SYN-02669,18-20,Health,95.59,61.66,1.86,3,0,not_stated,0
SYN-02670,21-24,Health,90.78,52.22,1.68,0,1,group_b,1
SYN-02671,21-24,Business,82.75,63.93,2.07,2,0,not_stated,0
SYN-02672,25+,STEM,63.15,35.36,4.01,4,0,group_a,1
SYN-02673,16-17,STEM,55.91,89.4,2.35,0,0,group_a,0
SYN-02674,25+,STEM,79.63,83.09,3.53,1,0,group_a,1
SYN-02675,16-17,Business,80.01,44.15,3.18,1,0,group_a,1
SYN-02676,21-24,Arts,72.05,44.17,2.11,0,0,group_a,1
SYN-02677,18-20,Health,75.34,73.24,1.7,1,0,group_b,0
SYN-02678,18-20,Health,96.06,59.49,4.31,2,0,group_a,0
SYN-02679,21-24,Arts,62.85,55.34,2.77,0,0,group_b,0
SYN-02680,18-20,STEM,72.52,55.83,2.66,0,1,group_a,1
SYN-02681,21-24,STEM,58.71,93.13,2.54,4,0,group_b,1
SYN-02682,18-20,Arts,65.73,86.68,2.08,2,0,group_b,0
SYN-02683,16-17,Health,74.38,68.48,3.7,1,0,group_a,0
SYN-02684,21-24,Health,79.81,77.58,2.63,1,0,group_a,0
SYN-02685,16-17,STEM,69.59,56.76,2.86,1,1,group_a,1
SYN-02686,16-17,Business,66.8,76.25,1.95,1,0,group_a,0
SYN-02687,25+,Arts,57.54,81.29,3.08,1,0,group_a,0
SYN-02688,18-20,Health,74.35,60.54,3.98,4,0,group_b,0
SYN-02689,16-17,STEM,70.63,73.34,4.64,0,0,group_a,0
SYN-02690,16-17,Health,88.93,97.85,2.48,0,1,group_a,0
SYN-02691,25+,STEM,80.13,42.37,1.87,0,0,group_b,1
SYN-02692,25+,Health,96.48,63.9,4.46,1,0,group_a,0
SYN-02693,21-24,Health,82.28,64.36,1.83,0,1,group_b,0
SYN-02694,18-20,STEM,74.27,66.92,3.12,2,0,group_b,0
SYN-02695,18-20,Arts,62.24,60.5,3.31,4,0,not_stated,1
SYN-02696,21-24,Health,54.25,69.11,3.3,0,1,group_b,0
SYN-02697,25+,Business,67.94,88.36,3.03,2,0,group_a,0
SYN-02698,18-20,Business,90.98,92.5,4.5,0,1,group_a,1
SYN-02699,18-20,Business,77.02,76.72,2.61,3,0,group_b,0
SYN-02700,16-17,Business,71.81,47.41,3.18,1,0,group_a,0
SYN-02701,21-24,STEM,86.53,49.65,4.28,0,1,group_a,0
SYN-02702,18-20,STEM,90.06,65.16,3.54,2,1,group_b,1
SYN-02703,25+,Arts,79.44,66.4,3.57,2,0,group_a,0
SYN-02704,18-20,STEM,70.44,40.23,2.69,3,0,group_b,1
SYN-02705,18-20,STEM,52.27,66.37,3.3,2,1,group_b,1
SYN-02706,16-17,Arts,88.11,87.24,2.19,1,0,not_stated,0
SYN-02707,18-20,Health,83.47,97.7,4.07,1,1,group_a,0
SYN-02708,18-20,Arts,84.79,31.88,2.41,4,1,group_a,1
SYN-02709,21-24,Arts,61.7,61.79,3.19,1,0,group_b,1
SYN-02710,18-20,Health,78.28,53.51,1.0,1,0,group_b,1
SYN-02711,21-24,Arts,84.2,58.21,3.34,3,0,group_b,0
SYN-02712,18-20,Business,66.27,71.96,2.86,2,1,group_b,1
SYN-02713,16-17,STEM,62.28,61.13,2.91,1,0,group_a,1
SYN-02714,21-24,Health,84.83,61.0,1.55,2,0,group_a,0
SYN-02715,25+,Health,64.64,64.92,2.99,2,0,group_a,0
SYN-02716,21-24,Business,58.39,56.54,2.03,0,0,group_a,0
SYN-02717,16-17,Business,69.4,65.86,3.44,0,0,group_b,0
SYN-02718,18-20,Arts,68.37,65.9,3.9,1,0,group_b,1
SYN-02719,16-17,Health,72.79,53.98,4.61,0,0,group_a,0
SYN-02720,18-20,Business,60.07,54.16,3.82,2,1,group_a,1
SYN-02721,18-20,STEM,81.31,54.27,4.58,2,0,group_b,1
SYN-02722,18-20,Business,84.0,61.05,4.09,2,1,group_a,0
SYN-02723,18-20,STEM,72.24,54.43,2.01,2,0,group_b,1
SYN-02724,18-20,STEM,65.65,51.23,2.81,0,0,group_a,0
SYN-02725,18-20,STEM,62.15,73.96,3.38,4,1,group_a,1
SYN-02726,18-20,Health,80.08,49.34,3.6,1,0,group_b,0
SYN-02727,16-17,STEM,100.0,62.45,2.26,1,0,not_stated,0
SYN-02728,25+,STEM,75.04,57.86,2.69,2,0,group_b,1
SYN-02729,21-24,Health,75.97,65.0,2.1,1,0,group_b,1
SYN-02730,25+,STEM,88.94,61.11,2.99,1,0,group_b,0
SYN-02731,21-24,Business,64.54,50.14,3.81,0,0,group_a,0
SYN-02732,18-20,Arts,63.14,54.23,3.15,0,0,group_b,1
SYN-02733,16-17,Business,74.81,64.98,3.19,0,0,group_a,1
SYN-02734,16-17,Business,71.5,57.8,3.93,0,0,group_b,0
SYN-02735,16-17,STEM,89.37,90.17,2.6,2,0,group_a,0
SYN-02736,21-24,Arts,72.66,75.91,3.17,1,1,group_b,1
SYN-02737,18-20,STEM,87.08,68.99,2.46,0,0,group_b,1
SYN-02738,25+,Health,71.72,51.79,2.77,1,0,not_stated,0
SYN-02739,16-17,Arts,64.27,75.43,2.66,0,0,group_a,1
SYN-02740,16-17,Business,78.4,34.7,1.85,1,1,group_a,1
SYN-02741,16-17,Arts,82.31,52.06,3.84,1,0,group_a,0
SYN-02742,21-24,STEM,66.2,92.32,5.0,2,1,group_b,0
SYN-02743,18-20,Health,72.49,64.35,3.13,1,0,group_a,0
SYN-02744,16-17,Arts,76.13,29.22,3.69,2,1,group_b,1
SYN-02745,25+,Health,66.23,72.13,2.72,1,1,group_a,1
SYN-02746,21-24,Business,82.22,81.05,2.2,3,0,group_a,1
SYN-02747,21-24,Arts,69.7,48.42,3.19,0,0,group_b,0
SYN-02748,18-20,STEM,77.29,53.91,3.11,0,0,group_a,1
SYN-02749,16-17,Arts,68.1,82.13,2.34,0,1,group_a,0
SYN-02750,18-20,STEM,74.01,58.91,2.98,3,1,group_b,1
SYN-02751,18-20,Health,93.71,29.82,3.56,4,1,group_b,0
SYN-02752,18-20,STEM,72.29,46.79,2.05,1,0,group_b,0
SYN-02753,21-24,STEM,68.66,43.02,3.08,1,1,group_a,1
SYN-02754,16-17,STEM,71.16,63.05,4.46,2,0,group_b,0
SYN-02755,21-24,Health,63.45,84.89,2.53,1,1,group_b,0
SYN-02756,16-17,STEM,62.45,70.99,2.88,2,0,group_b,0
SYN-02757,18-20,Business,65.05,52.29,3.62,1,0,group_b,0
SYN-02758,16-17,STEM,74.71,60.6,1.9,0,0,group_a,1
SYN-02759,18-20,STEM,88.8,61.53,2.78,1,0,group_a,1
SYN-02760,18-20,Arts,83.49,59.31,4.37,1,0,group_b,0
SYN-02761,21-24,Business,74.09,62.5,3.06,4,0,group_b,1
SYN-02762,18-20,Business,86.62,50.23,3.46,0,0,group_b,0
SYN-02763,21-24,Health,65.28,60.01,3.84,1,0,group_a,0
SYN-02764,21-24,STEM,75.04,61.55,3.59,0,1,group_a,0
SYN-02765,16-17,Health,67.08,77.58,3.8,3,0,group_b,1
SYN-02766,18-20,Arts,63.68,47.92,1.73,0,0,group_b,1
SYN-02767,18-20,Arts,72.95,47.93,4.21,3,1,group_a,0
SYN-02768,16-17,Health,69.82,49.29,3.26,2,0,group_a,0
SYN-02769,16-17,Arts,64.16,64.58,3.87,0,0,group_b,0
SYN-02770,21-24,Business,63.69,85.76,3.45,1,0,group_a,0
SYN-02771,18-20,Business,69.19,82.7,1.31,0,0,group_a,1
SYN-02772,18-20,Arts,66.77,71.31,3.28,0,0,group_b,1
SYN-02773,21-24,STEM,71.75,86.5,4.41,0,0,group_a,0
SYN-02774,18-20,STEM,74.08,34.74,1.97,1,0,group_a,1
SYN-02775,18-20,STEM,66.1,68.19,3.79,1,0,group_a,1
SYN-02776,18-20,STEM,58.22,74.91,3.71,0,0,group_b,0
SYN-02777,25+,STEM,65.23,52.56,3.12,1,1,group_b,0
SYN-02778,21-24,Health,79.35,61.63,2.21,2,0,group_a,1
SYN-02779,21-24,Arts,75.4,64.52,3.17,0,0,group_a,0
SYN-02780,16-17,Business,75.19,75.64,3.14,1,0,group_a,0
SYN-02781,16-17,Health,61.81,41.15,3.71,3,0,group_a,1
SYN-02782,18-20,Business,73.17,53.28,3.1,0,0,group_b,1
SYN-02783,25+,Business,77.18,86.27,2.73,0,0,group_b,0
SYN-02784,16-17,STEM,72.18,69.34,2.95,2,1,group_b,0
SYN-02785,18-20,Health,86.76,67.65,2.59,2,0,group_a,1
SYN-02786,16-17,STEM,59.25,85.2,3.43,6,0,group_a,1
SYN-02787,18-20,Business,95.98,84.15,1.71,3,1,group_a,0
SYN-02788,21-24,Arts,71.0,39.33,1.67,0,0,group_a,1
SYN-02789,18-20,Health,73.53,48.19,4.7,1,0,group_b,0
SYN-02790,25+,STEM,68.7,71.99,3.46,0,0,group_b,1
SYN-02791,18-20,Arts,71.82,61.74,3.61,2,1,group_a,0
SYN-02792,16-17,Health,76.57,42.06,3.57,0,1,group_a,0
SYN-02793,21-24,Business,81.63,86.14,3.5,1,0,group_a,0
SYN-02794,18-20,Business,77.46,30.08,2.99,2,0,group_a,1
SYN-02795,16-17,Business,67.26,72.84,2.9,0,0,group_a,0
SYN-02796,21-24,STEM,73.6,50.87,3.72,1,0,group_b,1
SYN-02797,18-20,Business,63.77,49.75,3.33,2,0,group_b,0
SYN-02798,21-24,Arts,91.56,59.26,2.78,2,0,group_b,0
SYN-02799,18-20,Health,63.12,34.08,3.2,1,0,group_a,0
SYN-02800,16-17,STEM,60.44,62.35,3.58,2,0,group_b,0
SYN-02801,18-20,Business,80.73,72.36,2.5,2,0,group_a,0
SYN-02802,25+,Health,65.15,54.95,2.28,2,0,group_b,0
SYN-02803,25+,Arts,82.14,50.15,4.44,3,0,group_a,1
SYN-02804,21-24,Arts,81.67,68.52,1.23,1,0,group_a,1
SYN-02805,16-17,Arts,86.98,89.52,2.79,1,0,group_a,0
SYN-02806,18-20,STEM,76.0,69.11,1.85,0,0,group_a,1
SYN-02807,18-20,STEM,64.76,48.87,3.72,1,0,group_a,1
SYN-02808,18-20,STEM,67.69,57.53,1.98,1,0,group_a,0
SYN-02809,16-17,Business,88.51,70.77,2.95,1,0,group_b,0
SYN-02810,18-20,Arts,76.57,68.6,3.57,0,0,group_b,0
SYN-02811,25+,STEM,60.45,63.12,3.49,0,0,group_b,1
SYN-02812,25+,Business,57.48,64.69,4.13,0,0,group_a,0
SYN-02813,21-24,Business,72.39,49.52,2.27,2,0,group_b,1
SYN-02814,16-17,Business,70.1,70.93,3.42,2,0,group_b,1
SYN-02815,25+,Arts,60.68,79.16,3.28,1,0,group_a,0
SYN-02816,16-17,Arts,73.58,53.87,4.42,0,0,not_stated,1
SYN-02817,25+,Health,61.07,60.64,2.88,2,0,group_b,1
SYN-02818,21-24,STEM,74.46,68.16,2.52,1,0,group_a,0
SYN-02819,25+,Arts,83.97,56.41,3.21,2,0,group_a,0
SYN-02820,21-24,Business,72.96,57.25,3.44,1,0,group_b,1
SYN-02821,18-20,Arts,80.51,71.6,1.77,0,1,group_a,0
SYN-02822,21-24,STEM,77.53,71.72,2.73,0,0,group_a,1
SYN-02823,21-24,Health,75.01,41.05,2.5,2,1,group_b,1
SYN-02824,16-17,Arts,76.26,73.09,3.59,0,1,not_stated,0
SYN-02825,21-24,STEM,71.61,58.48,4.14,1,0,group_a,1
SYN-02826,21-24,STEM,59.23,52.76,3.3,0,1,group_b,1
SYN-02827,18-20,Business,60.67,97.47,4.08,2,0,group_b,1
SYN-02828,18-20,STEM,97.6,49.97,4.23,2,0,group_a,0
SYN-02829,21-24,Arts,76.62,84.19,3.66,1,1,group_b,0
SYN-02830,18-20,Arts,68.01,66.85,3.55,6,0,group_b,1
SYN-02831,21-24,Arts,83.67,73.04,3.46,0,1,group_a,0
SYN-02832,25+,Health,82.38,75.09,2.16,0,0,group_b,0
SYN-02833,18-20,Business,59.77,72.71,3.22,3,0,group_b,1
SYN-02834,16-17,Health,67.06,89.63,2.75,0,1,group_a,0
SYN-02835,16-17,Health,80.02,43.66,3.31,4,0,group_a,1
SYN-02836,18-20,Health,75.18,45.69,2.47,1,1,group_b,1
SYN-02837,21-24,Business,75.45,38.39,2.93,1,0,not_stated,0
SYN-02838,25+,Health,77.21,83.61,3.0,1,0,group_a,0
SYN-02839,18-20,Business,76.96,61.04,3.38,2,1,not_stated,1
SYN-02840,16-17,Arts,67.64,95.87,2.97,1,1,group_b,0
SYN-02841,21-24,Health,89.77,71.92,3.73,1,0,group_b,0
SYN-02842,18-20,Health,79.24,46.89,3.25,0,0,group_a,1
SYN-02843,21-24,Arts,64.34,58.5,2.89,0,0,group_a,1
SYN-02844,16-17,STEM,68.68,59.75,3.67,2,0,group_b,1
SYN-02845,25+,Arts,60.19,26.75,2.47,0,1,group_a,1
SYN-02846,21-24,STEM,64.74,45.71,3.45,2,1,group_a,0
SYN-02847,25+,Health,88.03,74.83,2.63,2,1,group_b,0
SYN-02848,21-24,Health,67.53,60.9,1.64,1,1,group_a,1
SYN-02849,21-24,STEM,73.12,38.41,1.95,2,0,not_stated,1
SYN-02850,18-20,Business,66.72,65.67,3.41,1,0,group_a,0
SYN-02851,21-24,Arts,64.21,68.69,3.77,1,0,group_a,0
SYN-02852,21-24,Health,56.52,67.88,2.99,2,0,group_b,1
SYN-02853,16-17,Arts,71.91,78.62,2.5,3,0,group_b,1
SYN-02854,18-20,Health,71.24,64.03,1.25,1,0,group_b,0
SYN-02855,21-24,Business,81.67,64.08,2.97,1,0,group_a,0
SYN-02856,18-20,STEM,65.78,82.92,2.32,1,1,group_a,1
SYN-02857,18-20,Business,76.25,56.4,3.32,1,0,group_b,0
SYN-02858,21-24,Arts,76.67,69.15,3.74,0,1,group_b,0
SYN-02859,21-24,Arts,74.01,61.41,2.57,0,0,group_a,0
SYN-02860,16-17,STEM,60.11,53.58,4.14,2,0,group_b,0
SYN-02861,18-20,Business,70.14,76.2,3.64,0,0,not_stated,0
SYN-02862,16-17,Arts,84.36,62.6,2.28,2,1,group_b,0
SYN-02863,16-17,STEM,84.16,81.5,4.73,1,0,group_b,0
SYN-02864,18-20,STEM,82.69,69.57,3.14,1,1,group_a,0
SYN-02865,25+,Arts,73.15,60.85,3.73,0,1,group_b,0
SYN-02866,18-20,STEM,46.85,61.48,3.85,3,0,group_b,0
SYN-02867,18-20,Health,78.45,64.5,3.92,2,0,group_a,1
SYN-02868,25+,Arts,90.57,53.67,2.49,4,0,group_b,1
SYN-02869,21-24,Business,80.46,72.34,3.36,1,0,group_b,0
SYN-02870,21-24,STEM,84.94,69.63,4.69,1,1,group_a,0
SYN-02871,18-20,Arts,71.74,68.02,3.58,1,0,group_b,0
SYN-02872,18-20,Arts,73.04,66.68,3.65,0,0,group_b,0
SYN-02873,18-20,Arts,79.74,57.99,3.28,0,0,group_b,0
SYN-02874,16-17,Business,68.94,48.91,3.69,1,0,group_b,0
SYN-02875,18-20,STEM,60.94,61.64,1.54,1,0,group_a,1
SYN-02876,18-20,Business,83.33,59.42,3.41,2,0,group_a,1
SYN-02877,25+,Health,70.35,52.74,3.58,1,0,group_a,0
SYN-02878,21-24,Health,59.47,75.73,3.81,2,0,group_b,1
SYN-02879,16-17,STEM,69.03,71.23,2.85,3,0,group_a,1
SYN-02880,25+,Arts,60.73,60.3,2.64,3,0,group_b,0
SYN-02881,16-17,Health,55.72,57.63,2.04,0,0,group_b,1
SYN-02882,25+,Arts,62.58,72.22,2.04,1,0,group_a,0
SYN-02883,18-20,STEM,81.97,55.62,2.64,2,0,group_a,0
SYN-02884,18-20,Health,63.95,25.31,2.26,0,0,group_a,0
SYN-02885,18-20,Health,87.6,88.32,2.83,2,0,group_a,0
SYN-02886,21-24,Arts,71.98,52.65,2.2,1,0,group_a,1
SYN-02887,21-24,Arts,53.77,75.66,3.02,1,0,not_stated,0
SYN-02888,21-24,Health,80.61,96.32,2.08,0,0,group_b,0
SYN-02889,16-17,Health,66.33,76.49,2.35,0,0,group_b,0
SYN-02890,18-20,Arts,71.72,66.38,2.7,2,0,group_b,1
SYN-02891,18-20,Health,81.6,55.36,3.39,1,0,group_a,0
SYN-02892,16-17,Business,78.64,70.03,3.22,0,0,group_b,0
SYN-02893,16-17,STEM,81.63,84.71,2.84,2,0,group_a,0
SYN-02894,21-24,Arts,79.07,75.85,3.11,1,1,group_b,0
SYN-02895,16-17,Business,69.94,70.53,2.49,2,1,group_a,1
SYN-02896,21-24,Arts,77.79,68.55,4.19,4,0,group_b,0
SYN-02897,21-24,Business,76.17,63.07,1.97,1,0,group_b,0
SYN-02898,16-17,Health,81.13,59.76,3.5,2,0,group_b,0
SYN-02899,18-20,STEM,83.91,56.2,3.1,1,0,group_b,0
SYN-02900,18-20,STEM,62.84,61.48,3.82,0,0,group_b,1
SYN-02901,16-17,STEM,71.96,62.03,2.93,2,0,group_b,0
SYN-02902,25+,Health,69.33,61.05,3.74,1,0,group_b,1
SYN-02903,18-20,Health,79.08,61.92,3.24,1,0,group_b,0
SYN-02904,21-24,STEM,77.77,69.09,2.82,1,1,group_a,0
SYN-02905,18-20,Arts,56.15,61.86,2.15,1,1,group_b,1
SYN-02906,18-20,Business,67.91,67.04,1.61,3,1,group_a,1
SYN-02907,25+,Health,50.73,57.61,3.65,0,0,group_a,1
SYN-02908,16-17,STEM,72.84,62.58,3.71,1,0,group_b,0
SYN-02909,25+,Business,71.83,64.3,2.89,1,0,group_b,0
SYN-02910,25+,Business,71.95,65.66,3.37,0,1,group_a,1
SYN-02911,18-20,STEM,63.81,62.32,3.12,2,0,group_b,1
SYN-02912,18-20,Health,78.95,58.58,2.03,1,1,group_a,0
SYN-02913,25+,Business,73.23,59.44,3.03,2,0,group_a,0
SYN-02914,18-20,STEM,63.65,50.37,2.9,0,0,group_b,0
SYN-02915,16-17,Business,85.86,80.53,3.15,2,0,group_b,0
SYN-02916,18-20,STEM,57.78,54.66,2.75,2,0,group_b,1
SYN-02917,16-17,Business,77.19,39.94,2.64,1,1,group_b,1
SYN-02918,16-17,Business,61.85,51.01,2.67,1,0,group_b,1
SYN-02919,16-17,Business,52.0,44.03,1.58,2,1,group_a,1
SYN-02920,16-17,Business,82.59,43.91,2.64,1,0,group_a,0
SYN-02921,25+,Health,61.14,75.66,3.21,0,0,group_a,1
SYN-02922,25+,STEM,77.45,73.07,3.1,2,1,group_b,1
SYN-02923,18-20,STEM,71.71,90.76,3.64,3,0,group_b,0
SYN-02924,25+,Health,83.78,84.21,3.13,0,0,group_b,0
SYN-02925,16-17,Arts,73.45,59.36,3.56,1,0,group_a,0
SYN-02926,18-20,STEM,52.9,47.87,3.62,1,1,group_b,1
SYN-02927,18-20,STEM,87.97,77.05,3.03,0,0,group_b,0
SYN-02928,25+,Arts,88.44,75.18,3.99,1,0,group_b,1
SYN-02929,25+,Business,83.98,65.71,3.52,0,1,not_stated,0
SYN-02930,21-24,STEM,80.49,87.21,4.24,0,1,group_b,0
SYN-02931,18-20,Arts,65.28,47.17,3.83,1,1,group_a,1
SYN-02932,21-24,Health,62.2,72.6,2.42,0,0,group_a,1
SYN-02933,18-20,Business,63.41,89.33,2.91,0,1,group_a,0
SYN-02934,18-20,Business,83.1,88.67,3.89,1,0,group_b,0
SYN-02935,18-20,STEM,62.27,68.98,2.09,2,0,group_b,0
SYN-02936,16-17,Arts,68.38,44.41,3.26,0,0,group_a,1
SYN-02937,18-20,Health,67.72,60.1,2.99,0,1,group_a,0
SYN-02938,25+,Arts,68.02,62.88,2.66,3,0,group_a,1
SYN-02939,18-20,Health,66.77,33.14,3.52,1,0,group_a,0
SYN-02940,16-17,Arts,86.81,52.5,3.09,4,1,group_a,0
SYN-02941,21-24,Health,84.94,65.82,2.19,0,0,group_b,0
SYN-02942,25+,STEM,76.02,71.92,2.21,0,0,group_b,0
SYN-02943,21-24,Business,73.22,55.3,2.09,0,1,group_b,1
SYN-02944,21-24,STEM,74.83,99.2,3.42,0,0,group_a,0
SYN-02945,16-17,Arts,67.19,57.13,2.87,1,0,group_a,0
SYN-02946,18-20,Business,78.44,64.32,2.39,2,0,group_b,0
SYN-02947,21-24,Arts,71.08,77.04,2.51,1,0,group_a,0
SYN-02948,18-20,Health,73.62,68.8,4.39,4,1,group_a,0
SYN-02949,16-17,Arts,68.36,68.54,2.51,0,0,group_b,1
SYN-02950,21-24,Business,68.31,80.83,2.25,0,0,group_b,0
SYN-02951,25+,Arts,55.04,88.99,3.01,0,0,group_b,1
SYN-02952,21-24,STEM,69.15,51.53,2.32,1,0,group_a,1
SYN-02953,16-17,Health,60.89,89.91,4.59,2,0,not_stated,0
SYN-02954,16-17,Business,65.29,52.59,2.38,1,0,group_a,0
SYN-02955,21-24,Health,60.17,66.6,1.48,1,0,group_a,1
SYN-02956,18-20,Health,66.27,42.73,1.96,1,0,group_b,0
SYN-02957,25+,Arts,72.82,37.44,1.77,2,1,group_a,1
SYN-02958,18-20,Arts,82.51,62.2,3.2,1,0,group_b,0
SYN-02959,21-24,Health,82.43,73.83,3.07,3,0,group_a,0
SYN-02960,16-17,STEM,67.73,62.8,2.7,1,0,group_a,0
SYN-02961,16-17,STEM,69.47,76.01,2.17,1,0,group_a,0
SYN-02962,18-20,Arts,80.32,50.36,3.39,1,0,group_a,0
SYN-02963,18-20,STEM,81.4,57.32,3.24,3,0,group_b,1
SYN-02964,18-20,STEM,58.12,19.76,2.43,0,0,group_b,1
SYN-02965,21-24,Business,90.57,67.96,4.61,0,0,group_b,0
SYN-02966,18-20,Health,80.15,68.34,4.15,0,0,group_a,0
SYN-02967,16-17,Arts,76.19,60.52,4.07,2,0,group_a,0
SYN-02968,21-24,Health,84.25,49.51,3.7,2,0,group_a,0
SYN-02969,16-17,STEM,81.89,92.18,3.94,2,0,group_a,0
SYN-02970,18-20,STEM,73.71,74.4,3.57,0,1,group_a,1
SYN-02971,25+,Health,62.94,56.94,2.39,0,0,group_a,1
SYN-02972,21-24,Arts,62.02,40.82,3.88,3,1,group_a,0
SYN-02973,21-24,Arts,55.04,39.19,3.14,1,0,group_b,1
SYN-02974,16-17,Health,67.17,49.1,1.63,0,1,group_b,1
SYN-02975,16-17,Health,77.93,48.56,2.11,1,0,group_a,0
SYN-02976,21-24,Arts,70.05,55.15,1.52,1,0,group_b,1
SYN-02977,18-20,Health,41.81,52.03,2.29,1,0,group_a,1
SYN-02978,18-20,Arts,90.44,48.6,3.61,2,0,group_a,0
SYN-02979,18-20,STEM,63.83,74.27,1.71,0,0,group_b,1
SYN-02980,21-24,Health,83.13,82.32,3.51,0,0,group_a,0
SYN-02981,21-24,STEM,59.33,69.95,1.1,0,0,group_a,1
SYN-02982,18-20,Business,89.78,71.71,3.54,0,0,group_b,0
SYN-02983,16-17,Business,86.31,33.72,2.11,1,1,group_b,1
SYN-02984,18-20,Health,66.86,54.5,1.45,1,0,group_b,1
SYN-02985,16-17,Business,79.5,40.16,3.93,1,1,group_a,0
SYN-02986,18-20,STEM,81.16,33.82,3.94,0,0,group_b,0
SYN-02987,25+,Health,68.54,56.55,3.61,2,1,group_a,1
SYN-02988,16-17,Business,81.72,77.91,2.9,1,0,group_a,0
SYN-02989,16-17,STEM,68.95,50.58,3.3,3,0,group_a,0
SYN-02990,21-24,Business,100.0,66.03,2.69,3,0,group_b,0
SYN-02991,21-24,Arts,85.25,63.46,2.34,1,1,group_b,1
SYN-02992,21-24,STEM,77.92,16.18,3.83,1,0,group_b,1
SYN-02993,18-20,Health,75.24,71.76,2.36,1,0,group_b,0
SYN-02994,18-20,Business,73.94,78.93,4.24,1,0,group_a,0
SYN-02995,18-20,STEM,67.96,72.4,3.54,0,0,group_b,0
SYN-02996,16-17,Arts,74.03,72.64,1.52,1,1,group_a,0
SYN-02997,21-24,Arts,80.28,67.12,3.11,2,0,group_a,0
SYN-02998,16-17,Business,86.13,79.19,3.13,1,0,group_a,1
SYN-02999,16-17,Business,66.46,71.84,3.56,1,0,group_a,1
SYN-03000,21-24,Health,83.21,77.52,1.83,1,1,group_a,1
SYN-03001,18-20,Business,66.93,59.19,2.79,0,0,group_b,1
SYN-03002,16-17,Arts,62.0,80.91,2.03,2,1,group_a,1
SYN-03003,18-20,Arts,77.89,70.79,2.38,1,0,group_a,0
SYN-03004,16-17,STEM,98.22,66.0,2.72,1,0,group_b,0
SYN-03005,18-20,STEM,63.48,62.93,4.51,1,0,group_a,0
SYN-03006,16-17,Arts,88.99,56.57,2.81,1,1,group_b,0
SYN-03007,21-24,Health,70.83,77.62,2.46,1,0,group_b,1
SYN-03008,21-24,Health,79.94,64.86,2.13,1,0,group_a,1
SYN-03009,25+,Health,74.22,81.94,3.61,2,0,group_b,0
SYN-03010,25+,Arts,75.62,58.18,2.79,1,0,group_a,1
SYN-03011,21-24,Arts,72.96,90.12,2.73,0,0,group_b,0
SYN-03012,25+,STEM,57.89,52.82,1.24,1,0,group_a,1
SYN-03013,21-24,STEM,67.96,48.65,1.6,1,1,group_a,1
SYN-03014,18-20,Business,74.33,76.52,2.3,1,1,group_a,1
SYN-03015,21-24,Business,95.81,43.11,3.47,2,0,group_a,0
SYN-03016,25+,Arts,72.53,66.22,2.62,2,0,group_a,1
SYN-03017,18-20,Business,73.28,53.9,2.84,0,0,group_a,1
SYN-03018,21-24,Health,76.83,64.38,2.33,1,1,group_b,1
SYN-03019,18-20,STEM,72.42,60.41,4.51,2,1,group_b,0
SYN-03020,25+,Business,88.67,67.81,4.22,2,0,group_b,0
SYN-03021,18-20,Business,83.33,67.45,3.35,2,0,group_b,1
SYN-03022,16-17,Arts,74.05,74.04,2.84,1,0,group_b,0
SYN-03023,25+,STEM,90.61,64.92,2.93,1,0,group_a,1
SYN-03024,16-17,Business,92.14,61.72,1.76,1,0,group_a,1
SYN-03025,21-24,Arts,73.98,63.17,4.65,1,0,group_b,0
SYN-03026,16-17,Arts,68.41,43.06,4.05,0,0,group_a,0
SYN-03027,25+,Health,62.95,63.3,4.24,1,0,group_a,0
SYN-03028,18-20,Business,89.31,44.28,1.0,0,0,group_a,1
SYN-03029,18-20,STEM,93.39,74.23,2.68,0,0,group_a,0
SYN-03030,21-24,Arts,91.92,62.25,2.28,1,0,group_b,0
SYN-03031,18-20,Health,75.69,62.49,1.82,1,1,group_b,0
SYN-03032,18-20,Health,89.29,91.1,3.38,0,0,group_b,0
SYN-03033,25+,Arts,67.94,31.87,2.53,1,0,group_a,0
SYN-03034,18-20,Arts,57.53,65.88,3.33,1,1,group_a,1
SYN-03035,18-20,Business,87.71,37.87,3.22,2,0,group_b,0
SYN-03036,16-17,Arts,66.38,100.0,1.22,1,1,group_a,1
SYN-03037,18-20,Business,68.79,41.91,3.31,3,1,group_a,0
SYN-03038,18-20,Business,86.61,52.5,2.2,0,0,group_b,1
SYN-03039,18-20,Health,75.66,56.67,1.78,0,0,group_b,0
SYN-03040,16-17,Health,76.43,71.29,4.1,1,1,group_a,0
SYN-03041,25+,STEM,66.48,50.03,1.97,1,0,group_b,1
SYN-03042,18-20,STEM,78.04,23.18,3.25,1,0,not_stated,0
SYN-03043,18-20,STEM,77.34,49.03,3.88,1,0,group_b,1
SYN-03044,18-20,Arts,71.16,63.45,1.74,1,0,group_b,0
SYN-03045,18-20,STEM,82.92,71.61,2.55,2,1,group_a,0
SYN-03046,18-20,Health,65.71,37.98,2.79,0,0,group_a,0
SYN-03047,25+,Arts,66.01,57.54,3.35,0,0,not_stated,0
SYN-03048,18-20,Arts,58.64,48.26,2.48,1,1,group_a,1
SYN-03049,21-24,Health,88.61,70.31,2.93,0,1,group_a,1
SYN-03050,21-24,STEM,54.67,87.8,2.82,2,1,group_a,0
SYN-03051,25+,Business,83.58,47.52,2.9,0,0,group_b,1
SYN-03052,21-24,Arts,66.94,49.61,3.24,2,0,group_a,0
SYN-03053,18-20,Business,73.21,68.45,4.17,1,1,group_a,0
SYN-03054,18-20,Business,64.27,48.18,3.58,0,0,not_stated,0
SYN-03055,25+,STEM,77.04,83.35,3.43,0,1,group_b,1
SYN-03056,25+,STEM,77.2,78.03,2.89,1,1,group_a,1
SYN-03057,25+,Health,96.81,55.41,2.74,1,0,group_b,0
SYN-03058,21-24,Business,87.19,53.03,3.5,0,1,group_a,0
SYN-03059,18-20,Arts,70.55,60.86,1.95,2,0,group_b,0
SYN-03060,16-17,Arts,75.13,62.58,2.96,1,0,group_a,0
SYN-03061,18-20,Health,68.52,58.06,3.42,2,0,group_b,0
SYN-03062,16-17,Health,65.91,70.0,1.52,1,0,group_a,0
SYN-03063,16-17,STEM,76.37,50.55,2.57,0,0,group_a,0
SYN-03064,18-20,Business,55.58,78.71,2.81,0,0,group_a,1
SYN-03065,16-17,Health,67.5,75.61,3.2,1,0,group_b,1
SYN-03066,18-20,Business,86.76,65.03,3.84,2,0,group_a,0
SYN-03067,21-24,Health,79.06,56.73,2.35,0,0,group_b,1
SYN-03068,16-17,STEM,76.23,61.76,3.85,2,0,group_b,1
SYN-03069,25+,Business,64.03,35.02,4.87,1,1,group_b,0
SYN-03070,21-24,Health,77.24,86.59,2.73,1,0,group_b,0
SYN-03071,18-20,Business,64.28,86.53,3.97,0,0,group_a,1
SYN-03072,21-24,Business,64.26,50.64,1.83,0,0,group_b,0
SYN-03073,18-20,STEM,80.62,81.58,3.21,2,0,group_a,0
SYN-03074,25+,Business,70.27,50.71,1.97,1,1,group_a,1
SYN-03075,16-17,Business,49.28,60.08,1.77,3,0,group_a,1
SYN-03076,16-17,Business,71.39,67.14,2.43,1,1,group_b,1
SYN-03077,18-20,Arts,81.25,77.46,3.33,1,0,group_a,0
SYN-03078,25+,Business,85.57,98.72,2.84,0,1,group_b,1
SYN-03079,16-17,Health,65.38,56.33,2.34,1,0,not_stated,1
SYN-03080,21-24,Health,67.68,56.28,3.41,2,0,not_stated,1
SYN-03081,16-17,Business,67.41,71.8,2.87,2,1,group_a,0
SYN-03082,21-24,Health,67.57,60.28,4.67,1,0,group_a,0
SYN-03083,25+,Health,73.73,32.15,2.78,1,0,group_a,1
SYN-03084,18-20,Health,78.37,60.45,3.88,0,0,group_b,0
SYN-03085,18-20,STEM,75.68,90.84,4.41,3,0,group_b,0
SYN-03086,18-20,Business,77.78,63.76,1.45,1,0,group_a,1
SYN-03087,16-17,Health,83.56,55.7,3.06,0,0,group_b,0
SYN-03088,25+,Health,74.95,74.87,3.1,1,0,group_a,1
SYN-03089,18-20,STEM,72.86,67.01,2.77,2,0,not_stated,0
SYN-03090,18-20,Health,86.51,43.52,3.89,1,1,group_b,0
SYN-03091,21-24,Arts,70.09,56.68,4.2,2,0,group_b,0
SYN-03092,16-17,Business,92.42,91.17,3.56,1,0,group_b,0
SYN-03093,21-24,Business,74.87,54.9,3.02,1,0,group_b,0
SYN-03094,21-24,Arts,80.81,62.8,2.18,1,1,group_a,1
SYN-03095,18-20,Health,77.0,53.41,4.43,1,0,group_a,0
SYN-03096,18-20,Health,68.58,76.66,3.26,0,0,group_a,0
SYN-03097,18-20,STEM,66.18,81.68,2.07,1,0,group_a,1
SYN-03098,16-17,Health,94.1,65.43,3.85,1,0,group_b,0
SYN-03099,18-20,Health,80.83,54.22,2.94,0,0,group_b,1
SYN-03100,16-17,Business,72.1,69.04,3.38,2,0,group_b,0
SYN-03101,18-20,Business,52.81,93.16,2.67,1,0,group_a,0
SYN-03102,16-17,Arts,66.48,54.87,3.25,0,1,group_a,0
SYN-03103,18-20,Health,70.95,71.58,3.44,1,1,group_b,1
SYN-03104,25+,Health,59.44,35.65,3.46,1,0,group_b,1
SYN-03105,18-20,Business,72.03,76.88,3.39,1,0,group_b,1
SYN-03106,16-17,Arts,63.88,43.1,4.23,2,1,group_a,1
SYN-03107,18-20,STEM,73.23,96.61,4.12,0,0,group_a,0
SYN-03108,25+,Arts,73.36,71.34,2.72,0,0,group_a,0
SYN-03109,18-20,Business,76.09,61.19,4.0,5,0,group_b,0
SYN-03110,21-24,Health,84.38,67.49,1.99,2,0,group_a,0
SYN-03111,16-17,STEM,72.92,68.97,3.92,0,0,group_b,0
SYN-03112,21-24,Business,47.29,55.54,3.21,0,0,group_b,1
SYN-03113,21-24,Arts,70.57,52.35,2.4,2,0,group_a,1
SYN-03114,16-17,Arts,83.17,75.45,1.99,0,0,group_a,0
SYN-03115,16-17,Arts,76.32,63.21,2.03,2,0,group_a,0
SYN-03116,16-17,Health,75.27,72.59,4.38,3,0,group_a,1
SYN-03117,16-17,Arts,54.52,77.89,3.36,1,1,not_stated,0
SYN-03118,25+,Arts,77.9,62.49,2.94,2,0,group_a,0
SYN-03119,18-20,STEM,78.52,59.79,4.53,0,0,not_stated,0
SYN-03120,21-24,Arts,62.08,64.72,4.36,1,0,group_a,0
SYN-03121,16-17,Business,51.69,73.58,1.88,2,0,group_a,1
SYN-03122,18-20,Health,79.16,58.82,2.83,0,1,group_a,1
SYN-03123,18-20,Health,93.35,35.38,3.49,1,0,group_a,0
SYN-03124,18-20,Business,79.17,60.36,4.25,1,1,group_b,0
SYN-03125,21-24,Health,69.58,46.99,4.64,1,0,group_a,1
SYN-03126,18-20,STEM,63.36,48.43,2.36,0,1,group_a,1
SYN-03127,18-20,Business,86.94,51.45,2.79,1,0,group_a,0
SYN-03128,16-17,Health,89.93,69.98,2.19,2,0,group_b,0
SYN-03129,18-20,STEM,61.74,83.66,2.97,2,0,group_b,1
SYN-03130,18-20,Business,78.74,48.27,2.16,2,0,group_a,1
SYN-03131,25+,Arts,77.5,47.3,3.72,1,1,group_b,0
SYN-03132,18-20,Business,77.62,58.59,2.81,0,0,group_a,0
SYN-03133,21-24,STEM,41.23,30.02,3.66,0,0,group_a,1
SYN-03134,21-24,STEM,61.25,43.35,3.2,2,1,group_a,1
SYN-03135,16-17,STEM,92.67,67.14,3.31,3,0,group_a,0
SYN-03136,21-24,STEM,78.14,66.62,1.97,1,1,group_a,0
SYN-03137,16-17,Health,70.51,52.56,1.92,1,0,group_b,0
SYN-03138,18-20,STEM,68.42,83.02,2.79,3,1,not_stated,0
SYN-03139,21-24,STEM,74.95,76.15,3.55,1,0,group_b,0
SYN-03140,25+,Business,69.0,45.35,3.18,2,0,group_b,0
SYN-03141,18-20,Business,77.78,48.72,4.14,2,0,group_a,0
SYN-03142,25+,Health,73.37,59.71,2.39,0,0,group_b,1
SYN-03143,16-17,STEM,64.01,52.96,2.19,2,0,group_b,1
SYN-03144,25+,Business,78.99,46.75,1.36,2,0,group_b,1
SYN-03145,18-20,Business,74.85,41.48,4.15,3,0,group_a,1
SYN-03146,18-20,Health,62.47,65.07,3.35,3,0,group_b,1
SYN-03147,18-20,Health,72.24,60.73,3.13,1,0,group_a,1
SYN-03148,21-24,Health,67.25,26.86,3.31,0,0,group_b,1
SYN-03149,21-24,Business,73.84,52.95,2.43,3,0,group_b,1
SYN-03150,18-20,Arts,64.86,66.71,3.62,1,0,group_b,0
SYN-03151,25+,STEM,64.41,59.09,3.2,2,0,group_a,0
SYN-03152,21-24,Health,84.37,26.31,2.55,4,0,group_a,1
SYN-03153,21-24,STEM,79.63,59.0,1.74,1,0,not_stated,1
SYN-03154,18-20,Arts,89.96,78.45,1.89,0,0,group_a,0
SYN-03155,21-24,Arts,85.9,47.52,2.55,0,0,group_b,0
SYN-03156,21-24,Business,78.7,75.39,1.73,0,1,group_a,1
SYN-03157,21-24,Health,75.73,66.47,1.86,3,0,group_b,1
SYN-03158,18-20,Arts,53.97,41.37,2.04,2,0,group_b,1
SYN-03159,18-20,Health,68.52,91.01,3.26,2,0,group_b,0
SYN-03160,16-17,STEM,77.97,79.19,3.42,0,0,group_b,0
SYN-03161,16-17,Business,69.67,66.47,4.21,1,1,not_stated,0
SYN-03162,16-17,Arts,75.56,64.99,2.98,1,1,group_b,1
SYN-03163,16-17,Health,63.73,45.71,2.54,1,0,group_b,1
SYN-03164,21-24,Business,55.89,70.72,4.03,0,0,group_b,0
SYN-03165,21-24,Health,89.96,65.25,2.39,0,0,group_b,0
SYN-03166,18-20,Health,78.84,62.51,3.33,2,1,not_stated,1
SYN-03167,16-17,STEM,80.96,39.95,3.41,1,0,group_b,0
SYN-03168,25+,STEM,73.62,62.93,3.6,2,0,group_a,0
SYN-03169,18-20,Business,67.74,59.07,3.11,1,0,group_b,0
SYN-03170,18-20,Business,71.18,54.51,4.4,1,1,group_a,0
SYN-03171,18-20,Arts,80.39,32.66,3.18,1,0,group_b,1
SYN-03172,21-24,STEM,78.94,77.22,4.2,1,0,not_stated,0
SYN-03173,16-17,Arts,77.53,44.2,2.98,2,1,group_a,1
SYN-03174,16-17,Health,66.96,26.86,3.96,1,0,group_b,1
SYN-03175,21-24,STEM,73.6,44.69,3.66,2,0,group_b,0
SYN-03176,25+,Business,63.55,71.48,1.99,1,1,not_stated,1
SYN-03177,18-20,STEM,68.12,75.18,4.44,5,0,group_a,1
SYN-03178,18-20,Business,81.26,73.69,2.36,2,1,group_a,0
SYN-03179,16-17,Business,71.0,57.83,2.33,3,0,group_a,1
SYN-03180,21-24,Arts,77.11,47.91,3.07,0,0,group_b,1
SYN-03181,18-20,Arts,82.32,66.61,3.31,0,0,group_b,0
SYN-03182,21-24,Business,64.86,51.74,3.25,4,0,group_a,1
SYN-03183,16-17,Arts,74.43,25.89,3.38,2,0,group_b,1
SYN-03184,16-17,Arts,76.97,79.96,2.74,0,0,group_b,0
SYN-03185,16-17,STEM,92.67,75.67,2.49,2,0,group_a,0
SYN-03186,21-24,Health,86.36,53.66,2.61,1,0,group_b,0
SYN-03187,18-20,STEM,75.14,81.43,3.67,0,1,group_a,1
SYN-03188,16-17,Health,83.49,67.83,3.27,1,0,group_a,0
SYN-03189,21-24,STEM,75.97,50.83,2.2,0,0,not_stated,0
SYN-03190,18-20,Arts,63.18,80.16,1.46,3,1,group_a,1
SYN-03191,18-20,Health,78.75,43.42,1.89,3,1,group_a,1
SYN-03192,18-20,STEM,94.91,54.77,3.86,1,0,not_stated,0
SYN-03193,16-17,Health,85.68,65.78,2.53,2,0,group_a,1
SYN-03194,16-17,Health,92.66,62.33,3.03,1,0,group_b,0
SYN-03195,18-20,STEM,73.86,84.84,2.22,1,0,group_b,1
SYN-03196,21-24,Arts,69.57,33.87,4.14,1,1,group_b,1
SYN-03197,21-24,STEM,80.21,71.29,3.87,0,1,group_b,1
SYN-03198,25+,Business,78.12,60.89,3.19,0,0,group_a,0
SYN-03199,18-20,Health,80.93,77.6,2.6,0,0,group_b,0
SYN-03200,25+,Arts,60.3,87.95,3.34,2,0,group_a,0
SYN-03201,18-20,Arts,70.98,48.42,3.48,3,0,group_b,1
SYN-03202,18-20,Health,66.05,71.67,2.33,2,0,group_b,0
SYN-03203,18-20,Arts,60.78,62.89,1.53,2,0,group_a,1
SYN-03204,18-20,Health,88.7,58.37,4.02,2,0,group_b,0
SYN-03205,18-20,Health,77.71,91.04,3.85,1,0,group_b,0
SYN-03206,21-24,Health,66.3,55.69,2.26,2,0,group_b,1
SYN-03207,16-17,Arts,68.04,72.73,3.23,1,0,group_a,1
SYN-03208,18-20,STEM,66.23,80.06,1.5,0,0,group_a,0
SYN-03209,18-20,Business,83.07,83.05,1.0,2,0,group_b,0
SYN-03210,16-17,Business,75.01,50.9,2.55,1,0,group_b,0
SYN-03211,25+,Arts,58.63,55.94,2.9,0,0,group_a,1
SYN-03212,18-20,Business,76.13,43.87,2.45,0,0,group_b,0
SYN-03213,18-20,Health,74.9,71.36,4.06,1,0,group_a,0
SYN-03214,16-17,Health,68.77,45.57,4.13,2,0,group_b,1
SYN-03215,16-17,Business,75.75,33.34,4.56,1,1,group_b,0
SYN-03216,16-17,Health,70.62,82.01,3.45,3,0,group_a,1
SYN-03217,18-20,Business,74.96,41.18,2.45,0,0,group_a,1
SYN-03218,18-20,STEM,75.81,76.4,3.4,1,0,group_b,0
SYN-03219,25+,Health,67.78,38.39,2.01,1,1,group_a,1
SYN-03220,16-17,Health,69.52,68.15,2.45,2,0,group_a,1
SYN-03221,21-24,Arts,72.69,67.12,2.74,2,1,group_a,0
SYN-03222,25+,Business,74.84,65.25,3.24,2,0,group_b,0
SYN-03223,16-17,Arts,65.32,62.95,2.7,2,0,group_a,1
SYN-03224,21-24,Business,64.96,47.89,3.08,1,0,group_a,0
SYN-03225,21-24,Health,87.72,62.04,2.72,0,0,group_b,0
SYN-03226,16-17,STEM,57.94,83.94,2.04,1,0,group_a,1
SYN-03227,18-20,Health,83.87,55.82,2.37,1,1,group_a,1
SYN-03228,16-17,Arts,71.41,90.81,2.06,1,0,group_a,0
SYN-03229,18-20,STEM,84.35,73.61,2.42,0,0,group_b,0
SYN-03230,18-20,STEM,73.77,50.87,2.76,2,0,group_a,1
SYN-03231,18-20,STEM,74.61,49.97,3.16,1,0,not_stated,1
SYN-03232,16-17,STEM,60.41,54.26,2.09,0,1,group_b,1
SYN-03233,16-17,Business,70.48,51.94,3.39,2,0,group_b,1
SYN-03234,18-20,Health,62.41,60.23,3.71,0,0,group_b,1
SYN-03235,21-24,STEM,52.77,63.69,2.33,0,0,group_b,1
SYN-03236,21-24,Health,60.78,40.46,3.54,1,0,not_stated,0
SYN-03237,16-17,Business,72.33,38.22,2.8,2,1,group_b,1
SYN-03238,16-17,Health,57.08,60.62,1.97,0,1,group_b,0
SYN-03239,16-17,Arts,72.44,81.09,2.9,0,1,group_b,0
SYN-03240,21-24,STEM,72.38,50.88,4.34,0,0,not_stated,0
SYN-03241,18-20,Arts,70.08,66.17,1.88,2,1,group_b,1
SYN-03242,21-24,STEM,76.01,46.85,2.07,1,0,group_a,1
SYN-03243,25+,Arts,66.75,79.84,3.32,1,0,group_a,1
SYN-03244,18-20,Health,63.75,48.13,3.47,1,0,group_a,1
SYN-03245,16-17,STEM,47.74,52.64,2.01,0,0,group_b,1
SYN-03246,18-20,STEM,73.93,55.22,3.81,0,0,group_a,0
SYN-03247,25+,Arts,80.39,52.58,2.15,4,1,group_a,1
SYN-03248,25+,Health,69.78,74.74,2.89,0,1,group_a,1
SYN-03249,16-17,STEM,76.1,74.82,2.9,1,0,group_b,0
SYN-03250,16-17,Health,86.14,70.03,2.94,0,0,group_a,1
SYN-03251,25+,STEM,67.55,50.19,2.96,1,1,group_b,1
SYN-03252,16-17,Business,73.27,72.96,1.85,1,0,group_b,1
SYN-03253,21-24,Business,88.49,56.39,1.51,0,0,group_a,0
SYN-03254,21-24,Arts,72.59,72.88,3.2,1,0,group_a,0
SYN-03255,18-20,Business,69.27,46.41,1.93,1,0,not_stated,1
SYN-03256,21-24,Arts,66.93,72.42,3.15,2,0,group_a,0
SYN-03257,21-24,Business,89.14,63.95,2.23,1,0,group_a,1
SYN-03258,18-20,Health,74.27,98.15,4.35,0,1,group_b,0
SYN-03259,21-24,Arts,52.15,53.0,2.78,0,0,not_stated,0
SYN-03260,18-20,Arts,82.27,54.49,2.69,2,1,group_a,1
SYN-03261,18-20,Arts,64.63,64.08,2.38,2,0,group_a,1
SYN-03262,21-24,Business,74.51,66.7,1.42,0,0,group_a,1
SYN-03263,21-24,Health,71.35,76.62,3.27,1,1,group_b,0
SYN-03264,25+,Arts,76.47,69.57,2.58,2,0,group_b,0
SYN-03265,21-24,Health,50.96,62.34,2.16,1,1,group_b,1
SYN-03266,18-20,Health,81.45,45.41,2.32,0,0,group_b,0
SYN-03267,25+,STEM,66.58,72.39,3.04,0,0,group_a,0
SYN-03268,18-20,STEM,84.9,59.27,2.62,1,0,group_b,1
SYN-03269,18-20,Business,73.53,76.27,4.33,0,0,group_b,1
SYN-03270,18-20,STEM,74.23,69.75,3.73,2,0,group_b,0
SYN-03271,16-17,Arts,86.23,67.34,4.99,2,0,group_a,0
SYN-03272,18-20,Health,70.92,44.76,2.3,3,0,group_a,1
SYN-03273,16-17,Health,68.15,85.64,3.64,3,0,group_b,0
SYN-03274,16-17,Arts,79.57,54.28,2.51,2,0,group_a,0
SYN-03275,21-24,Health,84.23,85.7,1.88,0,0,group_a,0
SYN-03276,18-20,Business,83.11,60.47,2.95,0,1,group_a,0
SYN-03277,18-20,Arts,68.31,55.9,3.25,1,0,group_a,1
SYN-03278,18-20,Arts,52.77,48.1,1.49,1,0,group_a,0
SYN-03279,18-20,STEM,70.05,50.25,1.69,1,0,group_b,0
SYN-03280,18-20,Arts,82.03,75.35,4.57,0,1,group_a,1
SYN-03281,18-20,Health,71.48,48.98,3.82,0,1,group_b,0
SYN-03282,16-17,Business,74.75,71.61,2.58,0,1,not_stated,1
SYN-03283,16-17,Health,64.36,57.42,4.5,3,0,group_b,1
SYN-03284,21-24,Health,71.36,43.4,4.23,0,1,group_b,1
SYN-03285,18-20,Arts,74.1,52.93,2.44,0,0,group_b,1
SYN-03286,21-24,Health,95.3,82.16,3.12,1,0,not_stated,0
SYN-03287,25+,STEM,83.01,78.7,3.05,2,1,group_a,1
SYN-03288,18-20,Health,92.57,73.68,3.38,3,0,group_a,0
SYN-03289,21-24,Health,82.38,70.06,3.03,1,1,group_b,1
SYN-03290,21-24,STEM,60.22,63.41,2.36,1,0,group_a,0
SYN-03291,21-24,Health,76.21,75.27,2.99,2,0,group_b,0
SYN-03292,18-20,STEM,66.2,56.77,3.04,0,1,group_a,0
SYN-03293,16-17,STEM,59.26,46.08,3.34,2,0,group_b,0
SYN-03294,16-17,Arts,79.81,91.9,1.13,2,0,group_b,0
SYN-03295,18-20,Health,76.01,61.24,2.76,0,1,group_a,1
SYN-03296,16-17,Business,79.6,83.83,2.86,2,0,group_b,0
SYN-03297,25+,STEM,76.95,73.85,3.34,4,1,group_a,0
SYN-03298,18-20,STEM,46.64,82.35,2.28,2,1,group_a,1
SYN-03299,25+,STEM,83.48,58.22,3.32,1,0,group_a,0
SYN-03300,18-20,STEM,68.81,63.31,3.59,5,0,group_a,1
SYN-03301,21-24,STEM,66.42,67.87,3.8,1,0,group_a,0
SYN-03302,18-20,Arts,58.07,63.2,3.28,3,0,group_a,0
SYN-03303,18-20,Business,75.83,53.99,4.02,3,0,not_stated,0
SYN-03304,18-20,Business,77.45,62.92,3.43,0,0,group_a,1
SYN-03305,16-17,Arts,66.2,56.95,1.0,0,1,group_b,1
SYN-03306,21-24,Health,65.24,77.49,3.76,3,0,group_a,1
SYN-03307,16-17,Health,79.33,65.46,2.76,0,0,group_a,0
SYN-03308,21-24,STEM,85.93,62.25,1.0,0,0,group_a,0
SYN-03309,21-24,Health,74.02,25.98,3.32,0,1,group_b,1
SYN-03310,16-17,Business,59.23,74.03,1.69,2,0,group_b,1
SYN-03311,21-24,Business,70.76,53.99,1.44,1,0,group_a,0
SYN-03312,25+,Health,75.0,75.29,1.25,1,0,group_b,0
SYN-03313,18-20,Arts,69.69,46.1,2.49,2,0,group_b,1
SYN-03314,18-20,Arts,73.96,68.1,2.52,1,0,group_a,0
SYN-03315,16-17,STEM,69.67,30.95,2.29,3,1,group_a,1
SYN-03316,16-17,STEM,75.75,68.34,3.85,0,0,group_a,0
SYN-03317,25+,Business,66.22,45.68,2.71,1,0,group_a,0
SYN-03318,16-17,Business,77.08,62.18,4.3,1,0,group_b,0
SYN-03319,21-24,STEM,73.75,73.78,1.84,0,1,group_a,0
SYN-03320,18-20,Arts,73.97,79.9,2.96,1,0,group_b,0
SYN-03321,18-20,Business,73.35,80.5,2.5,0,0,group_b,0
SYN-03322,16-17,Health,70.77,57.96,2.53,1,1,group_a,0
SYN-03323,21-24,Arts,86.63,83.03,3.06,2,0,group_b,0
SYN-03324,18-20,Health,69.68,53.81,3.95,0,1,group_a,1
SYN-03325,18-20,Health,83.12,58.31,3.23,1,1,not_stated,1
SYN-03326,16-17,STEM,75.44,70.08,2.7,0,1,group_a,0
SYN-03327,16-17,STEM,52.96,66.04,3.3,1,0,group_b,1
SYN-03328,16-17,Health,78.7,79.09,2.93,1,1,group_a,0
SYN-03329,16-17,Business,77.28,60.31,3.22,1,0,group_b,0
SYN-03330,16-17,STEM,63.39,72.5,2.13,1,0,group_b,0
SYN-03331,25+,Arts,65.39,69.36,2.01,1,0,group_b,0
SYN-03332,16-17,STEM,60.74,29.97,5.0,2,0,group_b,0
SYN-03333,25+,Health,80.14,52.12,1.86,1,1,group_b,1
SYN-03334,18-20,Health,73.09,71.62,2.56,2,0,group_b,1
SYN-03335,21-24,STEM,72.21,60.17,1.59,3,1,group_b,1
SYN-03336,16-17,Health,67.54,65.8,2.08,1,1,group_a,1
SYN-03337,18-20,Business,77.33,46.65,2.66,1,1,group_a,1
SYN-03338,18-20,Health,83.45,66.33,2.5,3,0,group_b,1
SYN-03339,16-17,Arts,82.77,86.27,3.74,2,0,group_a,0
SYN-03340,21-24,Business,91.02,65.96,2.23,0,1,not_stated,0
SYN-03341,16-17,Health,83.9,50.52,2.21,1,0,group_a,0
SYN-03342,18-20,STEM,60.37,63.72,2.98,0,0,group_a,1
SYN-03343,21-24,Arts,66.06,53.96,4.71,2,0,group_a,0
SYN-03344,16-17,Business,62.92,73.7,4.84,2,1,group_a,1
SYN-03345,18-20,Business,72.55,80.85,2.62,1,0,group_b,1
SYN-03346,21-24,Business,79.84,53.36,3.14,2,1,group_a,1
SYN-03347,16-17,Arts,80.17,80.28,2.05,2,1,group_a,0
SYN-03348,21-24,Business,73.47,91.7,3.94,2,0,group_b,0
SYN-03349,16-17,STEM,75.81,45.29,3.72,1,0,group_b,0
SYN-03350,16-17,Arts,75.45,27.01,2.57,0,1,group_a,1
SYN-03351,16-17,Arts,83.96,63.69,3.24,5,0,group_b,0
SYN-03352,25+,Arts,72.04,59.12,3.35,1,0,group_b,1
SYN-03353,21-24,Health,75.81,41.74,2.65,0,0,not_stated,1
SYN-03354,25+,Health,67.51,14.63,3.37,0,0,group_b,0
SYN-03355,16-17,STEM,75.66,29.94,2.47,0,0,group_a,0
SYN-03356,18-20,Business,65.58,94.37,2.77,4,0,group_b,0
SYN-03357,18-20,Business,64.43,71.93,2.05,0,0,group_b,0
SYN-03358,16-17,Health,74.36,55.43,1.23,0,1,group_b,1
SYN-03359,16-17,Business,91.59,60.81,3.69,1,1,group_b,1
SYN-03360,16-17,Arts,79.04,73.42,1.61,0,0,group_a,1
SYN-03361,18-20,Health,56.18,44.31,2.45,2,0,group_b,1
SYN-03362,18-20,Health,81.9,73.72,1.97,1,0,group_b,1
SYN-03363,18-20,Arts,75.47,66.39,4.52,0,1,group_a,0
SYN-03364,21-24,Business,91.48,60.02,1.52,2,0,group_b,1
SYN-03365,18-20,STEM,59.89,60.94,2.54,1,1,not_stated,1
SYN-03366,18-20,STEM,74.78,45.77,3.65,0,0,group_a,1
SYN-03367,16-17,STEM,73.08,48.94,3.08,1,0,group_a,0
SYN-03368,16-17,Arts,59.69,36.02,2.95,3,1,group_b,1
SYN-03369,16-17,Arts,66.41,62.44,3.75,2,0,group_a,1
SYN-03370,16-17,Arts,80.71,53.55,2.88,1,0,group_b,1
SYN-03371,18-20,Business,59.99,75.77,4.62,0,0,group_b,1
SYN-03372,18-20,STEM,87.71,59.18,1.8,0,0,group_a,0
SYN-03373,25+,STEM,82.18,78.41,3.76,1,0,group_a,1
SYN-03374,18-20,Health,84.28,60.05,3.15,1,0,group_a,0
SYN-03375,18-20,Arts,85.52,72.59,2.69,2,0,group_a,1
SYN-03376,25+,Health,79.74,74.98,3.6,1,0,group_a,0
SYN-03377,21-24,STEM,81.77,37.08,2.32,1,0,group_a,1
SYN-03378,21-24,Health,62.82,64.44,2.66,2,0,group_b,1
SYN-03379,18-20,Arts,84.32,64.89,1.92,0,0,group_a,1
SYN-03380,25+,Health,99.75,62.26,3.02,2,0,group_a,0
SYN-03381,21-24,Business,75.46,79.94,2.66,0,0,group_b,1
SYN-03382,18-20,STEM,75.32,54.2,1.98,1,0,group_b,0
SYN-03383,16-17,STEM,70.95,29.65,2.22,1,0,group_a,1
SYN-03384,18-20,Arts,85.62,54.18,2.84,1,0,group_a,0
SYN-03385,25+,STEM,73.02,67.38,3.19,1,0,group_a,1
SYN-03386,25+,Business,71.69,62.61,3.23,1,1,group_a,1
SYN-03387,16-17,Business,68.21,43.72,3.93,1,0,group_a,0
SYN-03388,16-17,STEM,61.78,54.5,3.29,2,0,group_b,1
SYN-03389,18-20,STEM,73.37,47.38,3.78,1,0,group_b,0
SYN-03390,18-20,Business,80.26,44.38,3.73,0,0,group_a,0
SYN-03391,18-20,Health,67.84,72.87,3.47,1,0,group_b,0
SYN-03392,16-17,Arts,86.04,75.26,3.32,1,0,group_b,0
SYN-03393,21-24,STEM,83.04,64.06,2.56,1,0,group_a,1
SYN-03394,21-24,Business,62.65,55.32,2.52,0,1,group_a,0
SYN-03395,21-24,Business,89.68,87.4,3.99,2,0,group_a,0
SYN-03396,16-17,STEM,77.43,68.05,3.38,1,1,group_a,1
SYN-03397,16-17,Business,69.62,41.32,4.14,1,0,group_b,0
SYN-03398,18-20,STEM,55.76,66.0,1.78,0,0,group_a,1
SYN-03399,16-17,Business,83.5,52.09,3.44,0,0,group_b,1
SYN-03400,25+,Business,67.0,63.14,2.91,1,1,group_b,1
SYN-03401,18-20,Business,60.51,63.22,4.02,0,1,group_b,1
SYN-03402,16-17,STEM,75.31,87.53,1.91,0,0,group_b,0
SYN-03403,25+,Arts,61.23,60.36,4.22,3,1,group_b,1
SYN-03404,21-24,Health,67.36,63.46,2.75,1,0,group_a,1
SYN-03405,18-20,Health,87.77,59.82,2.97,2,1,group_a,0
SYN-03406,16-17,STEM,67.61,71.07,3.25,2,0,group_b,0
SYN-03407,16-17,Business,84.58,48.64,3.2,0,0,group_b,0
SYN-03408,18-20,Health,61.54,70.6,2.56,2,0,group_a,1
SYN-03409,21-24,Arts,73.41,65.47,2.61,4,0,group_a,0
SYN-03410,18-20,Business,73.43,88.63,2.77,2,0,group_a,1
SYN-03411,16-17,Business,87.52,96.21,3.16,0,0,group_b,0
SYN-03412,25+,Arts,76.41,80.2,2.29,0,0,group_a,0
SYN-03413,18-20,Health,84.69,93.65,2.85,0,0,group_a,0
SYN-03414,21-24,STEM,73.45,43.46,4.86,1,1,group_a,1
SYN-03415,18-20,Arts,85.63,67.76,3.44,2,1,group_a,1
SYN-03416,18-20,Health,62.72,74.17,2.3,1,0,group_a,1
SYN-03417,25+,Arts,79.96,46.19,3.59,1,1,group_a,1
SYN-03418,18-20,Business,66.08,48.3,3.26,1,0,not_stated,1
SYN-03419,16-17,Health,69.34,6.34,4.19,0,0,group_a,1
SYN-03420,21-24,Arts,75.26,69.4,4.52,0,0,group_a,0
SYN-03421,18-20,Business,85.19,78.42,2.69,0,0,group_a,0
SYN-03422,16-17,STEM,68.23,89.83,1.52,3,0,group_a,0
SYN-03423,16-17,Business,67.83,44.12,4.4,3,1,group_a,1
SYN-03424,21-24,Arts,69.51,51.85,3.0,1,1,group_b,1
SYN-03425,16-17,Health,63.17,61.48,3.06,1,0,group_b,1
SYN-03426,21-24,Health,69.54,71.34,4.0,2,1,group_a,1
SYN-03427,25+,Arts,55.06,72.19,2.9,1,1,group_a,0
SYN-03428,21-24,Health,95.48,75.29,3.27,0,0,group_a,0
SYN-03429,18-20,Business,71.68,41.77,3.5,1,0,group_b,1
SYN-03430,18-20,Health,91.47,55.79,3.52,1,0,group_a,0
SYN-03431,16-17,STEM,76.93,58.12,2.05,1,0,group_b,0
SYN-03432,25+,Health,67.0,65.82,3.39,1,0,group_a,0
SYN-03433,16-17,Arts,86.54,41.99,3.51,2,0,group_a,1
SYN-03434,25+,Arts,73.83,59.32,1.93,2,0,group_b,0
SYN-03435,18-20,Arts,90.11,59.65,3.49,2,1,group_a,0
SYN-03436,21-24,Health,71.7,57.58,4.58,2,0,group_b,0
SYN-03437,18-20,Arts,77.19,48.02,2.73,2,1,group_a,0
SYN-03438,18-20,Arts,70.23,52.97,3.4,2,0,group_b,0
SYN-03439,21-24,Arts,85.87,73.94,4.54,2,1,group_a,1
SYN-03440,16-17,Business,66.3,55.94,2.75,2,0,group_a,1
SYN-03441,16-17,Health,57.84,62.7,4.38,1,1,group_a,1
SYN-03442,21-24,Arts,69.54,41.87,2.01,1,0,group_b,1
SYN-03443,21-24,Health,89.85,91.36,2.82,0,0,group_a,0
SYN-03444,18-20,Arts,64.41,62.92,2.79,0,0,group_a,1
SYN-03445,21-24,STEM,70.81,79.79,2.09,0,0,group_a,0
SYN-03446,16-17,Arts,62.81,84.03,2.65,1,0,group_a,0
SYN-03447,25+,Business,71.73,90.15,4.81,0,0,group_b,0
SYN-03448,16-17,STEM,83.41,54.9,3.85,5,1,group_a,0
SYN-03449,18-20,Arts,84.99,39.44,3.85,2,0,group_b,0
SYN-03450,16-17,Health,62.8,72.72,2.46,2,0,group_b,1
SYN-03451,16-17,Business,88.0,49.24,3.25,2,1,group_a,0
SYN-03452,18-20,STEM,62.25,47.54,2.59,2,1,not_stated,1
SYN-03453,18-20,Arts,81.01,66.51,2.11,2,0,not_stated,0
SYN-03454,21-24,Business,74.05,37.2,2.78,0,0,group_a,1
SYN-03455,21-24,Business,82.31,67.17,3.6,4,0,group_a,0
SYN-03456,16-17,STEM,66.12,33.08,2.87,0,0,not_stated,1
SYN-03457,21-24,Business,61.52,45.51,3.65,1,0,group_a,0
SYN-03458,18-20,Business,79.65,49.98,4.6,2,0,group_a,0
SYN-03459,16-17,STEM,67.08,71.32,3.44,1,0,group_b,0
SYN-03460,16-17,STEM,70.85,65.45,2.47,2,0,group_b,1
SYN-03461,25+,STEM,78.8,62.52,3.28,2,0,group_b,0
SYN-03462,21-24,Health,60.4,59.19,2.84,0,0,group_b,0
SYN-03463,25+,Business,85.33,58.0,3.08,0,0,group_b,0
SYN-03464,25+,STEM,85.94,60.89,2.91,2,0,group_a,0
SYN-03465,21-24,Health,87.16,51.92,2.42,0,0,group_b,0
SYN-03466,18-20,Health,72.54,70.39,2.17,1,0,group_b,0
SYN-03467,18-20,Arts,65.63,48.82,3.24,3,0,group_b,0
SYN-03468,16-17,STEM,57.02,48.63,2.26,0,0,group_b,1
SYN-03469,18-20,Arts,86.59,65.69,2.81,2,0,not_stated,1
SYN-03470,21-24,Health,64.63,92.57,2.27,0,1,group_b,0
SYN-03471,18-20,Arts,71.45,63.68,3.4,2,0,group_b,1
SYN-03472,25+,Business,77.98,66.69,2.65,0,0,group_b,0
SYN-03473,16-17,Health,74.53,49.27,2.65,0,0,group_b,0
SYN-03474,21-24,Health,74.44,64.47,3.66,5,0,group_a,0
SYN-03475,18-20,Health,84.17,86.08,3.53,2,1,group_b,0
SYN-03476,21-24,STEM,77.98,51.24,2.55,2,1,group_a,1
SYN-03477,16-17,Arts,82.94,52.27,4.28,1,0,group_b,0
SYN-03478,21-24,Health,88.78,60.39,4.0,0,1,group_b,0
SYN-03479,21-24,STEM,81.6,57.84,3.45,2,0,group_a,0
SYN-03480,16-17,Health,81.85,60.68,2.89,5,0,group_b,1
SYN-03481,21-24,Business,82.27,52.33,2.2,2,0,group_b,0
SYN-03482,18-20,Arts,70.22,71.52,4.24,0,0,group_b,1
SYN-03483,18-20,Health,91.35,56.4,2.17,0,0,group_b,0
SYN-03484,21-24,Arts,66.15,79.56,3.02,3,0,group_b,0
SYN-03485,18-20,STEM,60.44,85.01,2.4,3,0,group_b,0
SYN-03486,21-24,STEM,76.32,65.55,1.36,0,1,group_b,1
SYN-03487,16-17,Health,81.3,55.66,2.68,3,0,group_a,0
SYN-03488,25+,Business,79.59,76.8,3.07,3,1,group_a,1
SYN-03489,18-20,STEM,74.04,72.46,1.4,1,0,group_a,1
SYN-03490,21-24,Business,83.56,45.59,1.85,2,0,group_a,0
SYN-03491,21-24,Health,88.62,52.88,3.48,2,1,group_a,1
SYN-03492,18-20,Business,76.99,57.37,3.23,2,0,group_b,0
SYN-03493,18-20,STEM,77.89,61.49,3.12,0,0,group_a,1
SYN-03494,18-20,Arts,65.96,67.67,3.38,2,0,group_a,1
SYN-03495,21-24,Business,77.4,62.09,4.28,1,0,group_a,0
SYN-03496,16-17,Health,71.57,46.62,4.36,2,0,group_b,0
SYN-03497,16-17,Health,64.05,71.96,1.64,3,1,group_b,1
SYN-03498,21-24,Business,70.51,55.87,1.87,0,0,group_b,1
SYN-03499,18-20,STEM,69.31,64.04,3.27,1,0,group_b,1
SYN-03500,21-24,Health,62.65,50.53,4.19,1,0,group_b,0
SYN-03501,21-24,Business,61.39,64.02,2.93,1,1,group_b,0
SYN-03502,16-17,Health,86.44,69.16,2.9,2,0,group_a,0
SYN-03503,16-17,Business,88.04,51.47,3.78,1,0,group_a,0
SYN-03504,16-17,Health,62.55,62.58,2.8,2,0,group_b,1
SYN-03505,25+,Arts,75.6,53.98,3.39,1,1,group_b,0
SYN-03506,16-17,Business,84.18,62.22,2.4,0,0,group_a,0
SYN-03507,18-20,STEM,56.24,93.43,2.22,1,1,group_b,0
SYN-03508,16-17,Arts,87.87,44.25,4.25,1,0,group_a,0
SYN-03509,16-17,Business,96.51,68.5,2.28,0,0,group_a,0
SYN-03510,18-20,Business,81.67,73.71,3.51,1,1,group_a,0
SYN-03511,25+,Health,73.34,89.48,1.9,2,1,group_a,1
SYN-03512,16-17,Arts,63.04,59.84,2.87,2,1,group_a,1
SYN-03513,16-17,STEM,78.53,41.03,4.36,3,0,group_b,0
SYN-03514,18-20,Arts,73.59,90.7,3.81,2,1,group_a,1
SYN-03515,18-20,Health,95.78,67.95,1.88,2,0,group_a,1
SYN-03516,21-24,Health,91.1,80.18,1.98,4,0,group_b,0
SYN-03517,21-24,Business,83.25,83.02,2.37,4,0,group_a,0
SYN-03518,25+,Health,81.34,76.75,2.44,1,0,group_b,0
SYN-03519,16-17,Business,69.65,64.35,4.84,1,1,group_a,0
SYN-03520,21-24,Arts,70.85,100.0,1.73,1,1,group_a,1
SYN-03521,16-17,Business,77.11,66.24,1.11,1,0,group_b,0
SYN-03522,25+,Health,69.31,68.76,3.64,2,0,group_a,0
SYN-03523,25+,STEM,88.48,28.47,2.87,2,0,group_a,0
SYN-03524,18-20,Health,49.78,61.49,3.24,3,0,group_a,1
SYN-03525,18-20,Business,74.6,61.62,1.95,1,0,group_b,1
SYN-03526,16-17,Business,71.9,35.51,2.43,0,0,group_b,1
SYN-03527,16-17,Business,85.48,52.16,3.55,1,0,group_b,1
SYN-03528,21-24,STEM,70.73,78.29,3.43,0,1,group_b,0
SYN-03529,16-17,Arts,64.27,52.29,2.58,1,0,group_a,1
SYN-03530,18-20,STEM,60.02,44.91,1.84,3,0,group_a,1
SYN-03531,18-20,Business,71.27,53.17,4.21,2,1,group_a,1
SYN-03532,18-20,Business,59.5,58.95,2.34,0,0,group_a,0
SYN-03533,16-17,Arts,64.86,75.78,3.39,2,0,group_a,1
SYN-03534,25+,STEM,65.72,71.11,2.32,0,0,group_a,0
SYN-03535,18-20,Arts,74.55,78.26,1.99,1,0,group_a,1
SYN-03536,16-17,Arts,65.71,86.22,2.7,0,0,group_b,1
SYN-03537,18-20,STEM,76.14,58.79,2.88,1,0,group_a,0
SYN-03538,21-24,STEM,77.1,35.7,2.2,3,1,group_b,1
SYN-03539,16-17,Business,60.77,30.29,4.02,2,0,group_a,1
SYN-03540,18-20,STEM,81.61,86.88,1.84,0,0,group_a,0
SYN-03541,18-20,Arts,72.57,76.56,3.04,0,0,group_b,0
SYN-03542,16-17,Arts,75.65,38.82,3.02,1,0,group_a,0
SYN-03543,21-24,Arts,96.73,82.65,4.4,0,0,group_a,0
SYN-03544,18-20,Business,70.21,77.07,3.67,1,0,group_b,0
SYN-03545,21-24,STEM,80.63,62.51,5.0,3,1,group_b,1
SYN-03546,16-17,Health,83.24,68.63,3.27,0,0,group_b,0
SYN-03547,16-17,Arts,64.72,66.4,2.65,2,0,group_b,1
SYN-03548,18-20,STEM,78.11,82.68,2.73,1,0,group_a,1
SYN-03549,21-24,Arts,78.51,51.55,2.6,0,0,group_a,0
SYN-03550,18-20,Arts,59.71,70.74,2.8,2,1,group_b,1
SYN-03551,18-20,Arts,63.4,70.49,2.7,1,0,group_b,0
SYN-03552,21-24,Business,73.37,84.36,3.16,1,0,group_a,0
SYN-03553,18-20,Arts,74.45,74.99,2.46,2,1,group_a,0
SYN-03554,21-24,STEM,63.14,75.59,2.17,1,0,group_a,0
SYN-03555,18-20,Arts,71.42,59.23,2.14,1,0,group_a,0
SYN-03556,21-24,Health,53.69,58.14,2.47,1,0,group_b,0
SYN-03557,18-20,Arts,65.93,82.14,2.8,0,0,group_a,0
SYN-03558,16-17,Health,96.35,70.55,2.87,1,1,group_a,0
SYN-03559,21-24,STEM,82.21,79.34,3.25,1,1,group_b,1
SYN-03560,18-20,STEM,74.37,64.78,3.13,1,0,group_a,0
SYN-03561,16-17,Business,59.03,53.28,3.25,0,0,group_a,1
SYN-03562,16-17,Health,83.19,69.07,3.37,2,1,group_a,0
SYN-03563,18-20,Arts,79.66,62.04,2.02,0,1,group_a,1
SYN-03564,16-17,Arts,71.12,79.31,3.0,3,1,group_a,0
SYN-03565,21-24,Arts,73.68,79.86,2.25,1,0,group_b,0
SYN-03566,25+,Business,78.27,29.31,3.95,1,0,group_a,0
SYN-03567,25+,STEM,75.03,66.53,2.94,0,0,group_b,0
SYN-03568,18-20,Arts,71.53,57.14,1.43,1,1,group_a,1
SYN-03569,18-20,Arts,79.74,79.06,1.66,2,0,group_b,1
SYN-03570,21-24,Business,46.79,59.18,3.3,1,0,group_a,1
SYN-03571,16-17,STEM,81.38,56.7,2.44,0,1,group_a,1
SYN-03572,21-24,Arts,58.11,67.49,2.24,2,0,group_b,0
SYN-03573,16-17,Business,88.99,82.08,4.14,2,0,group_a,0
SYN-03574,25+,Health,76.58,47.5,2.83,1,0,group_b,1
SYN-03575,18-20,STEM,65.73,63.84,2.87,2,0,not_stated,1
SYN-03576,16-17,STEM,87.53,88.46,2.17,0,1,group_b,0
SYN-03577,18-20,STEM,76.16,71.16,3.85,0,1,group_b,0
SYN-03578,21-24,Business,79.84,46.64,2.9,1,1,group_b,1
SYN-03579,18-20,Arts,70.42,54.87,3.62,3,0,group_a,1
SYN-03580,18-20,STEM,77.08,65.61,1.91,1,0,group_b,1
SYN-03581,21-24,Arts,78.7,57.06,3.81,2,0,group_b,0
SYN-03582,18-20,Business,64.36,69.76,3.94,1,0,group_a,0
SYN-03583,21-24,Arts,78.78,58.15,3.07,1,0,group_a,1
SYN-03584,21-24,Arts,73.69,62.94,3.46,1,0,group_a,0
SYN-03585,16-17,STEM,58.51,64.68,2.36,1,0,group_b,0
SYN-03586,25+,Arts,82.47,74.52,3.63,1,0,group_a,0
SYN-03587,16-17,Business,73.52,72.11,3.1,2,0,group_b,1
SYN-03588,25+,Business,72.95,60.37,3.71,2,1,group_b,0
SYN-03589,21-24,Business,81.03,90.37,2.08,1,0,group_a,0
SYN-03590,18-20,Arts,67.71,83.08,3.23,0,0,group_a,0
SYN-03591,21-24,Health,78.16,49.59,1.4,2,0,group_b,1
SYN-03592,25+,Arts,67.78,75.41,3.57,3,0,group_a,1
SYN-03593,16-17,STEM,71.02,69.54,3.92,1,0,group_b,1
SYN-03594,18-20,Arts,53.13,55.76,3.93,0,0,group_a,1
SYN-03595,18-20,Arts,71.96,33.88,2.25,2,0,group_a,0
SYN-03596,21-24,STEM,68.34,51.49,2.97,0,0,group_b,0
SYN-03597,18-20,STEM,84.56,57.3,3.27,1,0,group_b,0
SYN-03598,25+,Health,80.68,46.3,3.64,1,0,group_b,0
SYN-03599,25+,STEM,75.92,72.47,1.09,5,1,group_a,0
SYN-03600,25+,Business,57.39,57.73,2.51,0,0,group_b,1
SYN-03601,16-17,STEM,61.24,54.97,3.39,2,0,group_b,0
SYN-03602,21-24,STEM,46.1,35.71,3.92,1,1,group_a,1
SYN-03603,16-17,Business,82.49,49.7,2.38,3,0,group_a,0
SYN-03604,16-17,Health,78.6,57.6,3.12,2,0,group_a,1
SYN-03605,21-24,STEM,73.42,41.63,2.86,1,0,group_b,0
SYN-03606,18-20,Health,68.5,72.4,2.49,2,0,group_b,1
SYN-03607,16-17,Health,71.71,36.04,2.82,0,1,group_a,0
SYN-03608,18-20,Health,70.63,69.52,3.26,0,0,group_b,0
SYN-03609,16-17,Business,99.74,59.09,2.64,0,0,group_a,0
SYN-03610,18-20,STEM,62.67,53.69,3.44,1,0,group_a,0
SYN-03611,18-20,Business,73.62,72.72,3.64,0,0,group_a,0
SYN-03612,16-17,Business,72.42,90.8,2.91,2,1,group_a,0
SYN-03613,25+,Business,61.15,68.03,2.34,0,0,group_a,1
SYN-03614,18-20,STEM,79.74,78.42,3.34,1,1,group_a,0
SYN-03615,21-24,Business,85.52,74.61,2.85,0,0,group_a,0
SYN-03616,21-24,STEM,50.77,35.49,1.61,2,0,group_b,1
SYN-03617,16-17,Business,68.66,46.86,4.42,4,1,not_stated,0
SYN-03618,25+,Business,76.28,45.85,2.4,1,0,group_a,0
SYN-03619,18-20,Health,74.59,72.1,2.55,0,1,group_b,0
SYN-03620,18-20,STEM,64.46,61.4,4.41,0,1,group_b,1
SYN-03621,25+,STEM,57.8,97.59,3.32,2,0,group_a,0
SYN-03622,18-20,Health,84.18,75.92,3.85,1,0,group_a,0
SYN-03623,21-24,Health,71.54,76.72,3.03,1,0,group_a,1
SYN-03624,18-20,Health,63.15,34.7,2.44,0,0,group_a,1
SYN-03625,25+,Arts,65.97,70.07,3.09,1,0,group_b,0
SYN-03626,25+,STEM,76.11,73.31,2.37,2,0,group_b,0
SYN-03627,16-17,Arts,65.72,12.33,2.05,1,0,group_b,1
SYN-03628,18-20,Health,72.26,82.54,1.37,3,1,group_a,1
SYN-03629,18-20,Arts,62.97,85.4,1.86,2,1,group_b,0
SYN-03630,25+,STEM,90.28,52.81,2.77,1,0,group_a,1
SYN-03631,16-17,Arts,70.63,59.73,3.13,0,0,group_a,1
SYN-03632,21-24,Health,79.22,62.16,3.38,0,1,group_b,0
SYN-03633,16-17,Business,86.58,63.24,3.23,1,0,group_b,0
SYN-03634,21-24,Health,71.56,48.43,2.2,1,0,group_b,0
SYN-03635,16-17,Arts,82.09,64.3,3.18,1,0,group_b,1
SYN-03636,16-17,Arts,80.42,63.85,2.86,2,0,group_b,0
SYN-03637,18-20,Health,69.69,52.37,3.0,0,0,group_b,0
SYN-03638,25+,Arts,77.12,77.71,2.88,2,0,group_b,0
SYN-03639,18-20,Health,79.25,63.11,2.63,1,1,group_b,1
SYN-03640,21-24,Business,70.1,56.97,1.77,1,1,group_a,1
SYN-03641,21-24,STEM,57.44,56.53,3.04,2,0,group_a,0
SYN-03642,18-20,Arts,80.24,78.29,2.3,3,1,group_a,1
SYN-03643,18-20,STEM,82.48,87.08,3.67,0,0,group_a,0
SYN-03644,16-17,Business,71.39,67.4,3.38,3,0,group_b,1
SYN-03645,21-24,STEM,70.66,58.44,3.19,1,0,group_b,1
SYN-03646,16-17,Business,88.43,72.29,1.69,0,0,group_b,0
SYN-03647,18-20,Health,64.56,70.0,3.07,0,1,group_b,1
SYN-03648,16-17,STEM,74.25,64.64,2.72,0,0,group_a,1
SYN-03649,18-20,Arts,68.35,85.91,3.36,1,0,group_a,0
SYN-03650,21-24,STEM,72.02,48.89,2.7,0,0,group_b,0
SYN-03651,18-20,Arts,73.12,46.6,2.98,4,0,group_a,1
SYN-03652,16-17,Health,74.71,82.38,3.19,1,0,not_stated,1
SYN-03653,25+,STEM,60.77,54.13,3.59,1,0,not_stated,1
SYN-03654,21-24,Business,75.67,58.2,2.94,0,0,group_b,0
SYN-03655,18-20,Arts,73.86,90.52,3.9,5,0,group_a,1
SYN-03656,21-24,Arts,52.63,86.98,2.49,1,0,group_b,1
SYN-03657,18-20,Arts,70.78,33.36,5.0,6,0,group_a,1
SYN-03658,16-17,STEM,60.0,76.31,2.1,0,0,group_a,0
SYN-03659,25+,Arts,74.71,55.79,3.08,1,0,group_b,0
SYN-03660,25+,Health,79.54,100.0,1.4,0,1,group_b,0
SYN-03661,16-17,Health,78.39,73.36,3.57,2,0,group_b,1
SYN-03662,25+,Business,66.98,44.62,2.94,1,0,group_b,0
SYN-03663,21-24,Health,100.0,51.98,3.79,3,0,group_a,0
SYN-03664,18-20,STEM,65.04,66.1,2.2,2,0,group_a,0
SYN-03665,16-17,Arts,91.81,64.66,2.66,1,0,group_a,0
SYN-03666,18-20,Business,58.56,42.14,1.06,3,1,group_a,1
SYN-03667,18-20,Arts,59.08,57.04,2.98,1,0,group_b,0
SYN-03668,16-17,Health,77.88,63.83,4.12,1,0,group_a,0
SYN-03669,18-20,STEM,66.77,57.59,3.22,0,0,group_b,1
SYN-03670,18-20,Business,64.37,39.84,3.21,4,0,group_a,1
SYN-03671,25+,Business,91.47,63.35,2.0,1,0,group_b,0
SYN-03672,18-20,Arts,91.61,53.33,3.39,2,0,group_b,0
SYN-03673,16-17,Arts,62.59,54.66,3.3,1,0,group_a,1
SYN-03674,18-20,STEM,71.17,47.09,3.03,1,0,group_b,0
SYN-03675,18-20,Arts,71.28,69.63,1.01,1,0,group_a,0
SYN-03676,16-17,Business,75.12,53.06,2.71,0,1,group_a,0
SYN-03677,18-20,Health,70.32,92.17,3.23,3,1,group_a,1
SYN-03678,21-24,Health,73.87,48.12,2.89,1,0,group_b,0
SYN-03679,21-24,STEM,75.27,75.87,2.73,1,1,group_a,0
SYN-03680,16-17,Business,64.88,31.5,3.32,1,0,group_a,1
SYN-03681,18-20,Health,69.48,64.85,2.41,0,0,group_b,0
SYN-03682,18-20,Business,79.45,96.45,2.59,0,0,group_a,0
SYN-03683,16-17,Business,57.59,86.69,2.8,1,0,group_b,1
SYN-03684,16-17,Health,76.25,64.42,1.63,2,0,group_b,1
SYN-03685,25+,Health,68.15,68.89,1.36,0,1,group_a,0
SYN-03686,18-20,Health,54.07,55.99,1.5,0,0,not_stated,1
SYN-03687,18-20,STEM,77.22,91.6,4.17,2,0,group_b,0
SYN-03688,25+,Arts,85.28,66.61,2.25,2,0,group_a,0
SYN-03689,25+,Health,73.95,42.83,1.91,1,0,group_a,0
SYN-03690,18-20,Business,62.7,84.24,3.21,0,1,group_a,0
SYN-03691,25+,Arts,72.93,63.3,3.46,0,1,group_a,1
SYN-03692,18-20,STEM,75.74,49.66,4.15,1,0,group_a,0
SYN-03693,16-17,STEM,49.57,64.45,2.6,0,0,group_a,1
SYN-03694,21-24,Arts,74.61,64.98,3.0,0,0,group_a,0
SYN-03695,16-17,Health,62.34,35.25,2.96,0,0,group_a,1
SYN-03696,18-20,Business,79.95,60.25,1.8,2,0,group_b,0
SYN-03697,18-20,STEM,80.2,67.49,4.2,2,1,group_b,0
SYN-03698,18-20,Health,75.93,50.95,1.28,3,0,group_b,1
SYN-03699,18-20,Arts,59.57,70.34,3.84,1,0,group_a,1
SYN-03700,18-20,Arts,67.45,68.59,3.25,0,1,group_b,1
SYN-03701,16-17,STEM,63.54,61.4,3.96,1,0,group_a,0
SYN-03702,16-17,Arts,64.21,76.4,1.68,1,0,group_b,1
SYN-03703,21-24,Health,68.84,84.4,2.34,2,0,not_stated,1
SYN-03704,16-17,Health,76.49,54.34,2.24,0,1,group_b,1
SYN-03705,18-20,Business,64.71,39.88,3.89,0,0,group_b,1
SYN-03706,18-20,STEM,85.2,58.66,3.84,2,0,group_a,0
SYN-03707,18-20,STEM,71.76,33.59,3.89,1,0,group_a,1
SYN-03708,21-24,Health,70.53,92.71,3.63,1,0,group_a,0
SYN-03709,21-24,Health,61.83,49.92,2.31,0,0,group_a,1
SYN-03710,21-24,Health,59.1,43.05,3.64,2,0,group_a,1
SYN-03711,18-20,Business,59.64,95.36,2.58,2,1,group_b,1
SYN-03712,25+,Health,71.89,44.02,2.7,1,0,group_a,0
SYN-03713,16-17,Health,84.03,46.33,3.22,0,1,group_b,1
SYN-03714,25+,Health,87.26,71.73,2.71,3,0,not_stated,0
SYN-03715,25+,Health,66.37,61.81,2.28,0,0,group_b,1
SYN-03716,18-20,Business,62.74,59.19,4.11,0,0,group_a,0
SYN-03717,16-17,STEM,66.02,72.55,3.08,0,1,group_b,1
SYN-03718,21-24,Health,90.28,72.89,2.59,4,0,group_b,0
SYN-03719,18-20,Business,75.01,29.21,2.03,0,0,group_a,0
SYN-03720,21-24,Business,76.98,68.84,2.18,1,0,group_a,1
SYN-03721,16-17,Arts,84.24,60.48,3.74,0,0,group_a,1
SYN-03722,25+,Business,87.01,85.36,4.28,1,0,not_stated,0
SYN-03723,25+,Health,56.87,46.88,3.37,0,0,group_b,1
SYN-03724,16-17,Arts,75.83,58.3,3.33,0,0,group_a,0
SYN-03725,16-17,Business,66.5,66.65,3.48,1,1,group_a,1
SYN-03726,25+,Business,90.79,41.86,3.08,1,1,group_b,0
SYN-03727,18-20,Arts,75.84,64.46,2.39,0,0,group_a,1
SYN-03728,21-24,Arts,81.17,54.38,2.59,1,0,group_a,1
SYN-03729,21-24,STEM,72.27,48.95,2.88,2,0,group_a,1
SYN-03730,21-24,Business,87.54,63.37,2.74,4,0,group_a,0
SYN-03731,16-17,STEM,86.0,92.33,2.83,2,0,group_b,0
SYN-03732,18-20,Arts,65.26,75.86,3.98,1,0,group_a,0
SYN-03733,18-20,Business,87.43,41.4,3.66,0,0,group_a,0
SYN-03734,21-24,Health,70.52,63.83,3.92,0,0,group_b,0
SYN-03735,18-20,Business,63.73,61.85,2.62,1,0,group_b,1
SYN-03736,21-24,Business,79.69,91.95,3.37,3,0,group_b,0
SYN-03737,18-20,Health,57.33,59.72,3.95,1,1,group_b,0
SYN-03738,21-24,Health,66.17,71.01,3.87,2,0,group_b,0
SYN-03739,18-20,Arts,79.65,58.29,2.2,0,0,group_b,0
SYN-03740,18-20,STEM,73.61,79.29,3.05,0,0,group_b,0
SYN-03741,21-24,Arts,66.78,69.16,3.69,0,0,group_a,0
SYN-03742,18-20,Health,68.99,81.18,3.53,1,1,group_a,0
SYN-03743,18-20,STEM,77.76,83.23,3.24,1,0,group_b,0
SYN-03744,21-24,Health,62.73,61.8,1.75,1,0,group_b,1
SYN-03745,25+,Health,80.74,73.19,1.82,0,0,group_a,0
SYN-03746,21-24,Arts,70.62,86.12,1.87,3,0,group_b,0
SYN-03747,18-20,Arts,81.49,69.82,2.35,2,0,group_b,0
SYN-03748,21-24,Business,84.76,58.62,2.17,2,0,group_a,1
SYN-03749,21-24,Arts,59.94,53.72,3.24,5,1,group_b,1
SYN-03750,18-20,Arts,87.74,69.35,2.81,2,0,group_b,0
SYN-03751,16-17,Health,65.07,99.47,3.37,1,1,group_a,1
SYN-03752,25+,Health,93.85,47.78,3.76,3,1,group_b,1
SYN-03753,18-20,Health,52.56,93.81,3.54,2,0,group_a,0
SYN-03754,18-20,Health,80.28,77.31,2.21,1,0,group_a,1
SYN-03755,25+,STEM,65.02,57.99,4.32,0,1,group_a,0
SYN-03756,18-20,Arts,77.02,54.02,3.13,0,1,group_b,0
SYN-03757,18-20,STEM,78.19,70.18,2.77,2,0,group_a,0
SYN-03758,21-24,STEM,74.29,56.78,3.1,1,0,group_a,0
SYN-03759,25+,Arts,66.24,58.41,3.02,1,0,group_b,0
SYN-03760,21-24,Health,94.17,47.75,3.08,1,0,group_b,0
SYN-03761,25+,Business,78.05,60.75,2.84,2,1,group_a,0
SYN-03762,18-20,Arts,71.32,70.21,2.34,1,1,group_b,0
SYN-03763,18-20,Business,78.95,60.97,2.52,1,0,group_b,0
SYN-03764,16-17,STEM,71.45,46.27,3.67,1,1,group_a,1
SYN-03765,25+,Business,80.59,58.85,3.47,0,1,group_a,1
SYN-03766,25+,STEM,78.76,42.98,4.01,5,1,group_b,1
SYN-03767,18-20,Business,86.7,74.95,3.37,0,0,group_b,0
SYN-03768,18-20,Arts,62.98,56.27,2.55,0,1,group_a,1
SYN-03769,16-17,Health,72.65,59.52,1.08,3,1,group_b,1
SYN-03770,16-17,Arts,89.53,49.4,4.02,1,0,group_a,0
SYN-03771,21-24,Arts,58.34,20.44,2.76,0,0,group_a,1
SYN-03772,18-20,Health,87.21,64.79,2.45,2,1,group_a,0
SYN-03773,21-24,Health,75.02,46.93,3.61,2,0,group_b,1
SYN-03774,21-24,Health,73.67,60.05,2.57,4,0,group_b,1
SYN-03775,21-24,Business,66.24,72.04,2.06,1,0,group_b,1
SYN-03776,18-20,Arts,92.0,47.94,5.0,0,0,group_a,0
SYN-03777,18-20,Arts,56.35,76.05,3.93,0,0,group_b,1
SYN-03778,18-20,Health,61.82,63.14,3.02,0,0,group_a,0
SYN-03779,21-24,Business,88.87,49.92,3.06,0,0,group_b,0
SYN-03780,18-20,STEM,81.3,83.63,2.76,0,0,group_a,0
SYN-03781,25+,STEM,60.5,66.75,2.57,0,1,group_b,0
SYN-03782,18-20,Arts,58.5,64.3,2.15,0,0,group_b,1
SYN-03783,16-17,STEM,83.75,71.99,1.92,0,0,group_a,1
SYN-03784,18-20,Arts,75.75,64.14,2.4,0,0,group_b,1
SYN-03785,16-17,Business,61.0,50.12,2.48,2,0,group_a,1
SYN-03786,21-24,Arts,67.43,78.33,4.25,0,0,group_a,1
SYN-03787,16-17,STEM,73.18,68.47,1.21,2,0,group_b,0
SYN-03788,25+,STEM,76.1,49.94,2.37,0,0,group_a,0
SYN-03789,18-20,STEM,77.77,67.38,2.56,0,0,group_b,1
SYN-03790,18-20,Business,78.61,70.77,2.54,2,0,group_b,0
SYN-03791,21-24,Business,93.58,55.92,2.77,0,0,group_a,1
SYN-03792,18-20,STEM,99.73,58.29,2.36,0,0,group_a,0
SYN-03793,21-24,Business,78.86,61.15,2.37,3,0,group_a,0
SYN-03794,21-24,Business,84.78,79.67,2.45,1,0,group_b,1
SYN-03795,21-24,STEM,75.23,65.59,3.35,0,0,group_b,0
SYN-03796,16-17,Arts,88.39,51.3,3.96,4,0,group_b,0
SYN-03797,25+,Health,66.0,49.73,4.15,0,0,group_b,0
SYN-03798,18-20,STEM,71.32,58.1,2.86,0,0,group_b,0
SYN-03799,18-20,Health,56.47,92.0,2.26,0,0,group_b,1
SYN-03800,21-24,Arts,41.18,78.54,2.43,0,0,group_b,1
SYN-03801,18-20,STEM,79.03,33.64,1.0,0,1,group_a,1
SYN-03802,21-24,Business,74.85,49.75,2.71,2,0,group_a,1
SYN-03803,18-20,Health,96.53,69.64,3.78,1,0,group_a,0
SYN-03804,25+,Health,60.62,43.42,2.59,0,0,group_b,1
SYN-03805,18-20,Health,84.21,60.92,2.48,0,1,group_b,1
SYN-03806,18-20,STEM,67.91,72.72,2.0,0,0,group_b,0
SYN-03807,18-20,Arts,91.88,67.78,2.96,1,0,group_a,0
SYN-03808,25+,Health,84.68,57.46,2.26,0,0,group_b,1
SYN-03809,25+,Arts,59.33,61.21,4.61,3,1,group_b,1
SYN-03810,25+,Arts,71.19,41.07,2.35,0,0,group_a,1
SYN-03811,16-17,Health,73.31,79.88,1.24,1,0,group_a,1
SYN-03812,18-20,Business,79.53,61.58,2.81,0,0,group_b,1
SYN-03813,21-24,Health,70.76,87.8,4.05,2,0,group_b,0
SYN-03814,25+,STEM,68.84,68.11,3.62,1,0,group_b,1
SYN-03815,18-20,Business,83.83,62.07,3.19,0,0,group_b,1
SYN-03816,21-24,Business,79.98,75.76,2.55,0,0,group_a,0
SYN-03817,16-17,STEM,70.94,48.53,4.31,2,0,group_b,0
SYN-03818,18-20,Arts,55.56,44.02,3.87,2,1,group_a,1
SYN-03819,21-24,Business,76.02,53.47,2.24,3,0,group_a,1
SYN-03820,16-17,Business,75.07,72.93,2.83,0,0,group_a,0
SYN-03821,16-17,Business,66.56,54.72,2.52,2,0,group_a,0
SYN-03822,21-24,Arts,90.51,67.89,2.88,1,0,group_b,0
SYN-03823,21-24,Health,67.96,60.48,3.22,3,0,group_a,0
SYN-03824,25+,STEM,73.38,48.92,3.98,2,0,group_a,1
SYN-03825,16-17,STEM,78.7,100.0,2.98,0,0,group_a,0
SYN-03826,16-17,Arts,75.33,64.24,2.16,1,0,group_b,0
SYN-03827,18-20,STEM,64.24,65.18,3.78,0,1,not_stated,1
SYN-03828,18-20,Arts,77.73,52.7,4.44,2,0,not_stated,0
SYN-03829,18-20,STEM,77.33,60.15,3.65,0,1,group_a,1
SYN-03830,16-17,Arts,70.54,64.01,2.91,3,1,group_a,0
SYN-03831,18-20,Arts,66.49,43.82,4.36,2,0,group_a,1
SYN-03832,16-17,Health,68.32,63.39,2.1,1,0,group_a,0
SYN-03833,21-24,Arts,76.16,75.53,3.65,0,0,group_a,0
SYN-03834,21-24,Arts,83.2,58.91,3.75,2,0,group_a,0
SYN-03835,16-17,Business,74.34,50.0,2.16,3,0,group_a,1
SYN-03836,16-17,STEM,72.05,58.92,1.97,0,0,group_b,0
SYN-03837,16-17,Health,73.24,32.98,2.82,1,1,group_a,0
SYN-03838,18-20,STEM,80.82,80.73,3.31,4,1,group_a,1
SYN-03839,25+,Arts,74.16,77.36,4.9,1,0,not_stated,0
SYN-03840,18-20,STEM,82.67,69.91,2.29,1,0,group_a,0
SYN-03841,21-24,Business,90.62,74.92,4.0,1,0,group_b,0
SYN-03842,21-24,STEM,69.72,49.38,1.75,2,0,group_a,1
SYN-03843,16-17,Arts,55.76,41.41,1.0,0,1,group_b,1
SYN-03844,18-20,STEM,65.11,64.25,4.74,3,0,group_b,0
SYN-03845,25+,Health,58.1,58.87,3.27,1,0,group_b,1
SYN-03846,16-17,Business,66.0,52.66,2.5,1,1,group_a,1
SYN-03847,16-17,Business,67.39,43.44,2.76,1,0,group_a,0
SYN-03848,18-20,Business,69.53,44.69,2.95,0,0,group_b,0
SYN-03849,21-24,Health,64.34,87.81,3.02,0,1,not_stated,0
SYN-03850,21-24,Business,81.58,55.47,2.9,0,0,group_b,0
SYN-03851,16-17,Arts,84.03,64.37,3.04,2,0,group_b,1
SYN-03852,18-20,STEM,75.75,52.44,2.42,1,0,group_b,1
SYN-03853,16-17,Health,88.0,74.48,3.42,2,0,group_a,0
SYN-03854,21-24,Arts,78.13,33.09,2.84,2,0,group_b,1
SYN-03855,16-17,Arts,70.6,76.5,3.24,0,0,group_a,0
SYN-03856,18-20,Health,78.93,63.0,3.19,0,0,group_a,0
SYN-03857,16-17,STEM,80.71,63.08,4.01,0,1,group_a,0
SYN-03858,16-17,Business,68.66,56.53,4.88,0,1,group_b,0
SYN-03859,18-20,Health,86.83,56.28,2.5,1,0,group_b,0
SYN-03860,18-20,Health,81.35,67.68,5.0,2,0,group_b,0
SYN-03861,18-20,Health,87.85,48.09,1.87,3,0,group_b,0
SYN-03862,16-17,STEM,84.16,49.96,3.79,1,0,group_b,0
SYN-03863,18-20,Arts,83.48,35.87,3.03,0,1,group_a,1
SYN-03864,18-20,STEM,72.77,55.63,3.87,1,0,group_b,0
SYN-03865,25+,Business,68.15,50.06,1.06,2,0,group_a,0
SYN-03866,18-20,Health,87.73,69.27,3.24,1,0,group_b,0
SYN-03867,21-24,Business,80.94,80.83,3.82,1,0,group_b,0
SYN-03868,18-20,STEM,81.42,88.31,3.76,0,0,group_b,0
SYN-03869,18-20,Business,57.68,43.21,2.84,2,0,group_a,1
SYN-03870,18-20,STEM,72.8,70.51,3.62,2,0,group_a,0
SYN-03871,25+,STEM,85.44,69.13,1.78,2,0,group_a,1
SYN-03872,16-17,Health,92.61,88.88,2.63,2,0,group_b,0
SYN-03873,25+,Health,69.73,58.99,4.43,3,0,group_a,0
SYN-03874,16-17,Health,63.55,32.38,1.34,0,0,group_a,1
SYN-03875,21-24,Arts,86.09,53.8,1.76,2,0,not_stated,0
SYN-03876,16-17,Health,57.69,62.52,3.54,0,1,group_a,1
SYN-03877,18-20,Arts,79.05,40.42,3.44,4,0,group_b,0
SYN-03878,16-17,Health,72.6,52.45,3.52,1,0,group_b,1
SYN-03879,16-17,Business,59.43,55.54,3.89,0,0,group_b,0
SYN-03880,25+,Arts,78.92,61.04,1.74,2,0,group_a,0
SYN-03881,18-20,Business,73.13,100.0,3.01,5,0,group_a,0
SYN-03882,16-17,Health,58.17,65.92,4.04,1,0,group_b,0
SYN-03883,18-20,Business,77.52,76.0,4.32,1,0,not_stated,0
SYN-03884,21-24,Business,63.27,52.42,1.45,3,0,group_b,1
SYN-03885,21-24,STEM,65.54,66.27,2.89,2,0,group_a,1
SYN-03886,18-20,Arts,62.01,62.92,3.0,4,0,group_b,1
SYN-03887,18-20,Business,82.86,51.12,3.31,3,0,group_b,1
SYN-03888,21-24,STEM,75.53,70.57,1.07,1,1,group_a,0
SYN-03889,21-24,STEM,64.27,79.5,2.2,2,0,group_b,0
SYN-03890,16-17,Arts,68.69,54.66,3.56,1,0,group_b,0
SYN-03891,18-20,Arts,65.98,72.58,3.17,1,0,group_a,0
SYN-03892,18-20,Health,87.41,66.16,3.65,3,0,group_a,1
SYN-03893,21-24,Health,79.02,72.27,2.77,1,1,group_a,1
SYN-03894,18-20,Health,82.29,82.62,3.9,2,0,group_a,0
SYN-03895,21-24,Arts,72.28,70.8,2.42,1,0,group_b,0
SYN-03896,16-17,STEM,57.64,56.72,2.36,0,0,group_a,1
SYN-03897,21-24,Arts,89.52,52.67,2.39,3,0,group_b,1
SYN-03898,16-17,Health,87.83,76.12,2.59,2,0,group_b,0
SYN-03899,18-20,Health,81.36,79.13,3.38,1,0,group_b,0
SYN-03900,16-17,STEM,67.91,68.35,3.45,1,1,group_a,0
SYN-03901,21-24,STEM,72.18,92.7,4.31,2,0,group_a,1
SYN-03902,18-20,STEM,67.83,58.71,3.19,1,0,group_a,0
SYN-03903,25+,STEM,66.84,32.34,3.03,1,1,group_b,1
SYN-03904,16-17,Business,81.08,41.08,4.07,0,0,group_b,0
SYN-03905,18-20,Arts,79.3,40.07,1.61,0,0,group_a,1
SYN-03906,18-20,Arts,82.32,71.89,1.83,1,0,group_b,0
SYN-03907,18-20,STEM,75.7,40.19,3.98,2,0,group_b,0
SYN-03908,18-20,STEM,76.07,79.29,2.83,1,0,group_b,0
SYN-03909,25+,Business,89.7,56.72,3.46,0,1,group_b,0
SYN-03910,18-20,Arts,69.03,60.04,1.76,0,0,group_a,1
SYN-03911,16-17,Business,64.08,73.06,1.79,0,1,group_b,0
SYN-03912,18-20,Arts,83.85,36.97,1.98,0,1,not_stated,0
SYN-03913,21-24,STEM,74.55,64.62,3.24,0,0,group_a,0
SYN-03914,18-20,STEM,90.89,46.97,2.8,2,1,group_a,0
SYN-03915,25+,Arts,59.17,81.59,1.65,1,0,group_a,1
SYN-03916,18-20,Business,73.72,70.31,1.88,0,0,not_stated,1
SYN-03917,25+,Business,73.6,33.42,3.29,1,0,group_a,1
SYN-03918,16-17,Health,83.8,39.64,4.57,3,0,group_b,1
SYN-03919,21-24,STEM,73.3,72.05,3.97,2,0,group_a,1
SYN-03920,18-20,Arts,69.35,63.16,1.93,1,0,group_b,1
SYN-03921,16-17,Health,61.51,40.22,2.59,1,0,group_a,0
SYN-03922,18-20,Health,56.93,51.19,2.06,1,1,group_b,1
SYN-03923,18-20,Health,93.57,55.73,1.87,0,0,not_stated,1
SYN-03924,18-20,STEM,70.48,51.97,2.7,1,0,group_a,1
SYN-03925,25+,STEM,74.38,71.48,3.92,0,0,group_a,0
SYN-03926,25+,Arts,81.16,39.4,2.85,2,1,group_a,1
SYN-03927,18-20,STEM,65.42,49.99,3.36,1,0,group_b,0
SYN-03928,21-24,Business,70.43,47.31,3.47,2,0,not_stated,0
SYN-03929,21-24,Business,74.74,68.65,3.0,1,0,group_a,0
SYN-03930,16-17,STEM,78.74,45.76,3.98,0,1,group_a,1
SYN-03931,16-17,STEM,85.35,70.63,3.54,3,1,group_a,1
SYN-03932,18-20,Business,78.97,47.83,3.38,0,1,group_a,1
SYN-03933,16-17,Arts,70.79,69.45,2.17,0,1,group_a,0
SYN-03934,18-20,Business,71.24,58.3,3.0,0,0,group_b,1
SYN-03935,25+,Arts,65.13,70.7,3.58,3,0,not_stated,0
SYN-03936,25+,Arts,66.69,85.69,3.13,1,0,group_b,0
SYN-03937,18-20,Health,70.21,65.58,2.14,0,1,group_a,0
SYN-03938,25+,Arts,76.63,55.71,2.68,1,0,group_a,0
SYN-03939,18-20,Business,77.0,54.12,2.95,2,0,group_b,1
SYN-03940,18-20,STEM,85.08,57.09,2.06,1,0,group_b,1
SYN-03941,18-20,Health,75.73,69.97,3.4,1,0,group_b,0
SYN-03942,18-20,Health,73.6,55.62,2.13,1,1,group_a,1
SYN-03943,25+,Arts,84.96,40.37,3.01,3,1,group_b,1
SYN-03944,25+,Health,71.36,65.04,3.8,1,0,group_b,0
SYN-03945,21-24,STEM,67.69,34.23,3.09,0,0,not_stated,0
SYN-03946,16-17,STEM,77.11,12.77,2.73,1,0,group_b,1
SYN-03947,18-20,STEM,91.35,64.7,3.08,1,0,group_b,1
SYN-03948,16-17,Arts,74.74,75.62,3.5,1,0,group_b,1
SYN-03949,18-20,STEM,78.43,69.95,1.39,0,1,group_b,0
SYN-03950,21-24,Arts,70.23,45.46,2.72,0,0,group_b,0
SYN-03951,21-24,Arts,78.21,66.21,2.39,0,0,group_b,0
SYN-03952,25+,STEM,61.95,55.4,1.48,1,0,group_b,1
SYN-03953,21-24,Health,69.01,80.38,1.16,1,1,group_b,1
SYN-03954,21-24,Business,78.95,73.6,4.48,1,0,group_b,0
SYN-03955,18-20,Business,77.44,56.34,2.72,3,0,group_b,0
SYN-03956,16-17,STEM,80.62,53.49,2.88,2,0,group_b,1
SYN-03957,21-24,Arts,85.81,56.89,3.32,0,0,group_b,0
SYN-03958,16-17,Arts,81.31,74.7,3.27,1,1,group_a,0
SYN-03959,18-20,Health,78.48,52.62,1.22,0,0,group_a,0
SYN-03960,18-20,STEM,84.37,72.4,2.72,0,0,not_stated,0
SYN-03961,21-24,STEM,67.08,70.55,2.52,1,1,group_a,1
SYN-03962,16-17,Business,79.72,72.09,3.71,3,0,group_a,0
SYN-03963,25+,Arts,57.16,65.37,2.21,1,0,not_stated,1
SYN-03964,18-20,Health,93.59,66.73,2.89,2,1,not_stated,0
SYN-03965,16-17,Business,85.88,74.42,3.71,1,0,not_stated,0
SYN-03966,25+,Arts,82.88,62.8,3.31,6,0,group_b,1
SYN-03967,18-20,STEM,64.52,70.54,2.41,1,0,group_a,1
SYN-03968,18-20,Health,68.5,55.71,3.64,0,0,group_b,1
SYN-03969,18-20,Arts,85.1,59.07,2.07,0,0,group_a,1
SYN-03970,21-24,Health,74.49,58.96,4.15,1,0,group_a,1
SYN-03971,18-20,Health,92.04,81.08,2.3,2,0,group_a,1
SYN-03972,18-20,STEM,78.91,60.89,3.47,0,1,group_a,0
SYN-03973,18-20,STEM,74.76,74.01,3.82,2,0,not_stated,0
SYN-03974,16-17,Arts,86.78,62.15,1.8,1,0,group_a,1
SYN-03975,18-20,Business,67.23,79.78,2.57,1,0,group_b,1
SYN-03976,25+,STEM,75.87,55.64,2.76,3,0,group_b,1
SYN-03977,18-20,Health,75.52,32.7,3.66,0,1,group_b,0
SYN-03978,18-20,Health,83.18,43.84,2.21,0,0,group_b,0
SYN-03979,21-24,Health,55.6,62.27,2.39,1,0,group_a,0
SYN-03980,18-20,Health,76.14,28.62,2.8,1,0,group_a,1
SYN-03981,21-24,Health,84.09,63.33,2.65,0,1,group_a,0
SYN-03982,21-24,Arts,68.81,60.28,2.51,0,0,group_a,0
SYN-03983,16-17,STEM,50.43,33.7,3.45,2,0,group_a,1
SYN-03984,21-24,Arts,73.03,53.6,3.58,1,0,group_a,1
SYN-03985,18-20,Health,70.23,69.77,2.62,1,0,group_a,0
SYN-03986,16-17,Business,75.6,64.21,3.57,0,0,group_b,1
SYN-03987,16-17,Arts,64.71,72.8,2.39,1,0,group_b,1
SYN-03988,25+,STEM,75.85,71.4,1.35,2,0,group_b,0
SYN-03989,21-24,Health,62.23,40.43,2.82,1,0,group_b,1
SYN-03990,18-20,Business,76.45,76.76,3.13,0,0,group_a,0
SYN-03991,16-17,Arts,91.15,47.08,2.05,0,0,group_b,1
SYN-03992,16-17,Arts,60.81,90.61,2.35,2,0,group_a,1
SYN-03993,18-20,Arts,79.96,73.01,5.0,1,0,group_b,0
SYN-03994,16-17,Health,75.4,60.02,3.57,1,0,group_a,1
SYN-03995,25+,Health,65.65,77.42,3.66,0,0,group_a,1
SYN-03996,21-24,Business,64.03,63.86,3.22,1,0,group_a,0
SYN-03997,16-17,Health,85.14,91.59,2.92,0,0,group_b,0
SYN-03998,18-20,STEM,73.6,61.55,2.61,0,0,group_a,0
SYN-03999,21-24,Arts,60.63,70.13,3.06,2,1,group_b,1
