student_id,age_band,course,attendance,assessment_performance,engagement,prior_interventions,support_need,gender_group,outcome
SYN-00000,21-24,STEM,91.83,47.47,3.39,0,0,group_b,0
SYN-00001,18-20,STEM,81.94,72.09,3.84,0,1,group_a,0
SYN-00002,16-17,Health,85.29,37.15,4.45,0,1,group_b,0
SYN-00003,18-20,Arts,78.64,60.99,3.57,0,0,group_b,0
SYN-00004,16-17,STEM,87.57,92.78,3.92,0,0,group_a,0
SYN-00005,25+,Health,99.71,53.36,3.36,1,0,group_b,0
SYN-00006,21-24,STEM,83.27,100.0,4.32,1,0,group_b,0
SYN-00007,25+,STEM,88.25,56.57,3.02,0,0,group_a,0
SYN-00008,18-20,Arts,91.93,52.94,3.06,0,0,group_b,0
SYN-00009,21-24,Health,96.59,75.69,3.41,1,0,group_a,0
SYN-00010,18-20,STEM,69.3,78.08,4.28,1,0,group_a,0
SYN-00011,18-20,Health,89.07,61.76,3.14,2,0,group_b,0
SYN-00012,18-20,Health,89.59,92.47,4.95,0,0,group_b,0
SYN-00013,18-20,Business,75.52,79.11,3.28,0,0,group_a,0
SYN-00014,18-20,STEM,76.24,29.17,2.48,2,0,group_a,0
SYN-00015,16-17,STEM,77.49,68.06,3.26,1,0,group_b,0
SYN-00016,16-17,Arts,62.07,80.95,2.6,1,0,group_a,1
SYN-00017,18-20,STEM,88.8,88.55,1.66,1,0,group_a,0
SYN-00018,16-17,Health,86.4,78.37,3.84,0,0,group_b,1
SYN-00019,25+,Business,100.0,75.41,5.0,1,0,group_b,0
SYN-00020,18-20,STEM,89.26,54.86,4.5,0,1,group_b,0
SYN-00021,18-20,Health,95.8,56.54,4.42,0,1,group_a,1
SYN-00022,18-20,STEM,86.85,69.19,3.08,0,0,group_a,0
SYN-00023,21-24,Arts,94.43,53.58,5.0,0,0,group_b,0
SYN-00024,18-20,Arts,75.98,69.04,3.36,0,0,group_a,0
SYN-00025,21-24,Arts,81.9,58.77,4.33,2,0,group_a,0
SYN-00026,16-17,Arts,61.26,62.7,3.96,0,0,group_a,0
SYN-00027,16-17,Business,92.28,77.14,2.33,2,0,group_a,0
SYN-00028,25+,STEM,92.57,53.38,4.81,0,1,group_b,1
SYN-00029,21-24,Health,76.99,66.31,4.67,1,0,group_b,1
SYN-00030,18-20,Arts,87.41,86.59,2.93,0,0,group_a,1
SYN-00031,21-24,Health,91.3,84.23,2.47,0,1,group_b,0
SYN-00032,21-24,Business,84.09,64.96,2.67,0,1,group_a,0
SYN-00033,18-20,STEM,87.65,73.31,2.18,2,0,group_b,0
SYN-00034,25+,STEM,95.97,65.28,3.39,0,0,group_a,0
SYN-00035,18-20,Arts,82.46,57.22,2.32,1,1,group_a,1
SYN-00036,18-20,Health,87.56,48.75,3.96,1,0,group_b,0
SYN-00037,21-24,Business,79.55,51.46,2.19,0,0,group_a,0
SYN-00038,21-24,STEM,89.96,66.61,3.65,0,0,group_b,0
SYN-00039,21-24,STEM,77.42,66.26,2.5,0,0,group_a,1
SYN-00040,25+,Arts,100.0,89.7,4.38,0,0,group_a,0
SYN-00041,18-20,STEM,69.07,70.67,3.94,1,0,group_b,0
SYN-00042,25+,Arts,71.05,83.22,4.52,1,0,group_a,1
SYN-00043,18-20,Arts,70.65,77.18,2.82,0,0,group_b,0
SYN-00044,18-20,Business,82.87,57.22,3.26,0,0,group_a,1
SYN-00045,25+,Arts,77.81,81.08,3.34,1,0,group_b,0
SYN-00046,16-17,Health,71.41,100.0,3.42,3,1,group_b,0
SYN-00047,18-20,Business,78.79,43.35,4.09,1,0,group_b,0
SYN-00048,18-20,Business,88.12,75.57,3.71,3,1,group_a,1
SYN-00049,16-17,Arts,87.04,93.85,4.18,1,0,group_a,0
SYN-00050,16-17,STEM,79.67,100.0,3.6,0,0,group_b,0
SYN-00051,21-24,STEM,80.15,67.57,2.91,1,0,group_b,1
SYN-00052,16-17,Health,86.64,70.64,3.69,2,0,group_b,0
SYN-00053,18-20,STEM,92.33,70.35,2.18,1,0,group_b,0
SYN-00054,18-20,Arts,93.39,69.4,4.04,0,1,group_a,0
SYN-00055,21-24,STEM,88.91,63.28,5.0,0,0,group_b,0
SYN-00056,16-17,Business,87.79,60.42,3.59,0,0,group_b,1
SYN-00057,18-20,STEM,64.07,76.25,2.05,3,1,group_b,1
SYN-00058,25+,Arts,87.07,75.63,3.23,0,0,group_b,0
SYN-00059,21-24,Business,72.14,80.19,4.32,2,0,group_b,0
SYN-00060,21-24,STEM,86.64,78.26,4.62,0,1,group_a,0
SYN-00061,16-17,Arts,70.23,58.34,3.76,1,1,group_b,0
SYN-00062,21-24,Health,90.13,46.37,3.41,2,0,group_a,0
SYN-00063,18-20,Health,100.0,79.33,2.89,0,1,group_b,0
SYN-00064,21-24,Health,79.23,62.08,4.09,0,0,group_a,0
SYN-00065,16-17,STEM,94.57,65.3,3.45,1,1,group_b,0
SYN-00066,16-17,Arts,69.0,80.47,3.75,0,0,group_a,0
SYN-00067,21-24,Business,100.0,56.13,4.2,1,0,group_a,0
SYN-00068,18-20,Health,90.06,38.53,3.59,3,0,group_a,0
SYN-00069,25+,STEM,100.0,81.58,4.32,0,0,group_a,0
SYN-00070,16-17,Arts,89.68,53.63,4.97,1,0,group_a,0
SYN-00071,16-17,STEM,100.0,44.63,3.07,0,0,group_a,0
SYN-00072,21-24,Arts,82.53,85.09,4.01,1,1,group_b,0
SYN-00073,16-17,STEM,81.65,69.06,5.0,1,0,group_b,0
SYN-00074,16-17,Arts,73.8,56.77,2.77,1,0,group_a,0
SYN-00075,18-20,Arts,75.67,61.28,3.35,0,1,group_a,0
SYN-00076,25+,Business,91.29,59.51,2.79,0,0,group_a,0
SYN-00077,25+,STEM,100.0,68.61,3.9,1,0,group_a,0
SYN-00078,21-24,STEM,73.88,51.4,3.98,0,0,group_b,1
SYN-00079,18-20,Health,71.9,77.83,3.75,3,0,group_b,0
SYN-00080,16-17,Arts,90.53,61.33,3.44,1,1,group_b,0
SYN-00081,18-20,Arts,79.48,72.68,2.84,1,0,group_b,1
SYN-00082,21-24,Arts,100.0,71.87,2.56,2,0,group_b,1
SYN-00083,18-20,Health,96.82,66.46,3.41,2,0,group_b,0
SYN-00084,16-17,STEM,62.9,65.45,4.07,0,0,group_a,0
SYN-00085,21-24,Health,94.05,72.69,4.12,2,0,group_a,0
SYN-00086,18-20,Business,82.37,47.43,3.68,0,0,group_b,0
SYN-00087,18-20,STEM,92.19,64.33,2.45,1,0,group_a,0
SYN-00088,18-20,Health,69.91,88.08,4.09,0,0,group_b,0
SYN-00089,25+,Arts,84.01,66.06,3.67,1,0,group_a,0
SYN-00090,18-20,STEM,74.66,99.59,2.45,0,0,group_b,0
SYN-00091,21-24,Business,78.66,97.55,4.08,1,0,group_b,0
SYN-00092,21-24,Business,86.09,54.63,2.48,1,0,group_a,0
SYN-00093,18-20,STEM,72.59,77.03,2.76,1,1,group_a,1
SYN-00094,18-20,Health,85.5,54.04,3.72,0,0,group_a,0
SYN-00095,18-20,STEM,79.44,63.7,2.89,0,0,group_a,1
SYN-00096,21-24,Business,92.95,71.65,1.83,0,0,group_b,0
SYN-00097,16-17,Arts,87.79,90.9,4.32,1,0,group_a,1
SYN-00098,16-17,Health,67.72,55.37,3.46,0,0,group_a,0
SYN-00099,21-24,Business,82.46,84.13,4.33,0,0,group_a,0
SYN-00100,16-17,Business,77.76,70.69,3.26,0,1,not_stated,0
SYN-00101,25+,Arts,77.44,63.55,3.58,0,0,group_b,0
SYN-00102,21-24,Business,79.54,67.4,2.9,1,1,group_a,0
SYN-00103,18-20,STEM,73.81,71.68,2.96,0,1,group_a,1
SYN-00104,16-17,Business,76.96,62.81,3.98,1,0,group_a,0
SYN-00105,25+,Arts,90.56,67.94,3.64,2,0,group_a,0
SYN-00106,21-24,Health,99.0,65.64,4.85,1,0,group_a,0
SYN-00107,16-17,STEM,69.02,59.51,3.24,2,1,group_b,1
SYN-00108,18-20,Business,76.34,57.03,4.2,0,1,group_a,0
SYN-00109,18-20,Business,87.11,60.0,3.79,0,0,group_a,1
SYN-00110,21-24,Arts,73.16,57.93,4.27,0,0,not_stated,0
SYN-00111,18-20,STEM,85.94,80.66,2.84,3,0,group_a,0
SYN-00112,25+,Business,87.05,52.39,3.25,0,1,group_a,0
SYN-00113,18-20,Health,100.0,59.85,2.08,2,0,group_a,0
SYN-00114,25+,Business,76.68,64.76,3.34,0,0,group_a,1
SYN-00115,16-17,STEM,84.29,72.51,4.15,0,0,group_b,0
SYN-00116,21-24,Health,84.9,66.11,3.58,0,0,group_b,0
SYN-00117,25+,Arts,77.03,55.05,4.18,0,0,group_b,0
SYN-00118,16-17,Arts,83.15,72.01,2.65,1,0,group_a,0
SYN-00119,21-24,Health,96.66,59.63,3.47,2,0,group_a,0
SYN-00120,18-20,STEM,83.26,82.04,3.86,1,0,group_b,1
SYN-00121,21-24,Health,94.74,80.33,2.74,2,0,group_a,1
SYN-00122,16-17,STEM,85.62,66.55,4.03,0,0,not_stated,0
SYN-00123,16-17,Arts,84.38,68.72,3.52,0,0,group_b,0
SYN-00124,21-24,Arts,89.7,81.34,3.01,0,0,group_a,0
SYN-00125,25+,Business,60.26,52.91,2.84,0,1,group_a,1
SYN-00126,16-17,Arts,90.47,73.38,2.81,0,0,group_b,0
SYN-00127,18-20,Health,92.53,94.42,4.75,1,1,group_b,0
SYN-00128,16-17,Business,71.38,84.89,2.98,0,0,group_b,0
SYN-00129,18-20,Arts,88.91,41.96,1.65,0,1,group_b,0
SYN-00130,18-20,Arts,81.33,68.61,3.55,0,0,group_a,0
SYN-00131,18-20,Health,85.41,59.45,4.59,1,0,group_b,0
SYN-00132,21-24,STEM,87.4,62.05,4.82,2,0,group_a,0
SYN-00133,18-20,Arts,72.52,74.06,2.94,1,0,group_a,1
SYN-00134,16-17,Business,96.13,80.61,4.27,0,0,group_b,0
SYN-00135,21-24,Arts,88.01,43.5,3.95,1,1,group_b,1
SYN-00136,21-24,Health,75.45,92.48,3.84,0,0,group_b,0
SYN-00137,21-24,STEM,68.68,73.55,4.25,1,0,group_a,0
SYN-00138,16-17,Health,83.8,75.21,2.34,0,0,group_a,0
SYN-00139,21-24,Business,84.68,51.63,4.11,0,0,group_a,0
SYN-00140,18-20,Arts,91.49,52.43,4.52,1,1,group_b,0
SYN-00141,16-17,STEM,95.19,39.81,3.86,0,1,group_b,0
SYN-00142,21-24,STEM,90.2,74.06,3.31,2,0,group_a,0
SYN-00143,18-20,Arts,98.58,78.11,4.62,1,0,group_b,0
SYN-00144,18-20,Arts,77.87,65.92,3.74,0,1,group_a,0
SYN-00145,25+,STEM,68.1,70.12,3.39,0,0,group_b,1
SYN-00146,18-20,Health,92.77,76.83,3.97,0,0,group_b,0
SYN-00147,18-20,Health,95.32,85.42,4.29,1,0,group_a,0
SYN-00148,16-17,STEM,75.3,72.75,4.66,1,0,group_b,0
SYN-00149,16-17,STEM,85.85,35.22,3.99,2,0,group_a,0
SYN-00150,16-17,Arts,83.32,61.74,4.06,0,1,group_b,0
SYN-00151,25+,STEM,81.8,63.56,2.88,0,0,group_b,0
SYN-00152,18-20,Arts,100.0,82.94,3.53,4,0,group_a,0
SYN-00153,21-24,STEM,76.25,56.48,3.21,0,0,group_a,1
SYN-00154,25+,Business,87.66,72.05,3.24,0,0,group_b,1
SYN-00155,21-24,Health,78.61,57.16,3.41,0,0,group_a,0
SYN-00156,18-20,Business,87.09,90.89,3.62,2,0,group_b,0
SYN-00157,25+,Arts,82.39,85.53,3.48,1,0,group_a,0
SYN-00158,21-24,Health,71.58,82.43,4.21,0,1,group_b,0
SYN-00159,21-24,Business,83.11,54.11,4.88,0,0,group_a,0
SYN-00160,21-24,Arts,81.89,52.71,3.76,0,0,group_a,1
SYN-00161,18-20,Arts,85.82,62.27,3.55,1,0,group_b,0
SYN-00162,21-24,STEM,81.71,99.94,2.3,1,0,group_a,0
SYN-00163,16-17,Arts,76.11,69.93,3.92,2,0,group_a,1
SYN-00164,21-24,Health,82.9,62.32,4.31,2,0,group_b,0
SYN-00165,16-17,STEM,74.37,85.88,2.79,1,0,group_b,0
SYN-00166,25+,Business,77.16,85.87,2.64,0,0,group_b,0
SYN-00167,18-20,Health,79.54,58.27,3.85,0,0,group_a,0
SYN-00168,18-20,Business,84.45,68.63,3.92,2,1,group_a,0
SYN-00169,16-17,Business,74.06,69.27,2.54,2,0,group_a,1
SYN-00170,21-24,Health,96.35,46.57,2.42,0,0,group_b,0
SYN-00171,16-17,Health,99.15,72.44,2.71,0,0,group_b,0
SYN-00172,16-17,Business,72.33,55.49,2.14,1,0,group_a,0
SYN-00173,18-20,Business,80.99,51.28,4.55,0,0,group_b,0
SYN-00174,21-24,STEM,79.25,52.89,3.04,0,0,group_b,1
SYN-00175,18-20,Health,66.07,82.77,4.84,0,1,group_b,0
SYN-00176,18-20,STEM,77.62,57.62,3.13,1,0,group_b,0
SYN-00177,21-24,Health,82.35,73.89,4.5,2,0,group_b,0
SYN-00178,18-20,Arts,70.24,80.35,2.87,0,0,group_a,0
SYN-00179,25+,Arts,97.51,64.92,3.76,0,0,group_b,0
SYN-00180,16-17,Arts,80.13,78.56,3.7,1,0,group_a,0
SYN-00181,16-17,Health,90.62,70.53,3.9,0,0,group_b,0
SYN-00182,21-24,Health,95.54,73.43,3.51,4,0,group_b,0
SYN-00183,21-24,STEM,71.41,61.57,2.01,0,1,group_b,1
SYN-00184,21-24,Business,98.44,69.61,3.57,2,1,group_a,0
SYN-00185,25+,Business,79.0,59.41,2.04,0,0,group_b,1
SYN-00186,18-20,Arts,86.4,70.81,3.17,0,0,group_a,0
SYN-00187,16-17,STEM,71.3,49.12,3.11,1,0,group_b,0
SYN-00188,18-20,Health,84.85,100.0,2.51,3,0,group_b,1
SYN-00189,21-24,Business,86.55,91.41,4.35,0,0,group_a,0
SYN-00190,18-20,Arts,84.32,74.07,2.6,0,0,group_b,0
SYN-00191,25+,Health,78.74,58.86,4.4,0,0,group_a,0
SYN-00192,21-24,STEM,76.94,91.99,3.82,0,0,group_a,0
SYN-00193,16-17,Health,71.25,38.21,2.78,1,0,group_a,1
SYN-00194,18-20,Health,75.76,74.1,2.57,0,0,group_a,0
SYN-00195,21-24,Health,87.23,72.57,2.08,0,1,group_a,1
SYN-00196,21-24,STEM,70.4,72.01,2.38,2,0,not_stated,1
SYN-00197,25+,Arts,61.79,80.84,3.35,2,0,group_a,0
SYN-00198,25+,Arts,78.64,65.64,4.11,0,0,group_b,0
SYN-00199,25+,Health,93.72,71.43,2.73,0,1,group_b,0
SYN-00200,21-24,Business,100.0,58.95,3.53,0,0,group_a,0
SYN-00201,16-17,STEM,94.5,79.89,4.08,2,0,group_b,0
SYN-00202,25+,STEM,70.85,100.0,3.85,0,0,group_a,0
SYN-00203,16-17,STEM,90.5,44.71,4.02,0,0,group_a,0
SYN-00204,25+,Health,96.19,51.66,4.04,1,1,group_a,0
SYN-00205,16-17,Arts,72.89,100.0,4.31,1,0,group_b,1
SYN-00206,18-20,Health,88.23,43.66,1.64,0,0,group_b,0
SYN-00207,18-20,Arts,96.83,78.35,3.3,0,0,group_b,0
SYN-00208,25+,Business,78.16,58.43,4.32,0,0,group_a,0
SYN-00209,21-24,Business,78.08,80.37,2.94,1,1,group_b,1
SYN-00210,16-17,Business,84.16,71.1,3.1,0,0,group_b,0
SYN-00211,16-17,STEM,75.09,81.32,2.92,0,0,group_a,1
SYN-00212,21-24,Health,79.88,60.93,3.3,0,0,group_a,0
SYN-00213,18-20,Health,91.41,74.22,3.64,1,0,group_b,0
SYN-00214,21-24,Arts,91.76,65.2,5.0,0,0,group_a,0
SYN-00215,21-24,STEM,89.23,36.96,5.0,0,0,group_b,0
SYN-00216,21-24,Arts,96.27,63.3,5.0,0,0,not_stated,0
SYN-00217,16-17,Arts,79.29,54.06,3.12,0,0,group_b,0
SYN-00218,25+,STEM,93.47,64.58,3.34,2,0,group_b,1
SYN-00219,25+,Business,82.15,52.43,4.16,1,0,group_b,0
SYN-00220,21-24,Business,82.76,82.16,3.24,0,0,group_a,0
SYN-00221,21-24,Arts,64.87,100.0,3.61,0,0,group_b,0
SYN-00222,21-24,STEM,65.68,80.07,3.72,1,0,group_b,0
SYN-00223,16-17,Business,89.84,56.64,3.33,1,1,group_b,0
SYN-00224,18-20,STEM,77.95,70.55,3.14,0,0,group_b,0
SYN-00225,21-24,Arts,75.73,40.83,2.97,1,0,group_b,0
SYN-00226,25+,Health,97.03,81.17,4.88,0,1,group_b,0
SYN-00227,18-20,STEM,93.39,69.37,2.4,0,0,group_a,0
SYN-00228,16-17,Arts,99.45,62.76,4.01,1,0,group_b,0
SYN-00229,18-20,Arts,87.19,69.25,3.39,0,1,group_b,0
SYN-00230,18-20,STEM,100.0,90.08,2.67,2,0,group_b,0
SYN-00231,16-17,Health,87.45,80.04,4.26,1,0,group_a,1
SYN-00232,21-24,STEM,92.8,77.2,2.46,0,0,group_b,0
SYN-00233,18-20,Health,81.52,61.04,3.22,0,0,group_a,0
SYN-00234,18-20,Health,92.55,26.98,3.0,0,1,group_b,0
SYN-00235,18-20,Arts,84.78,52.6,4.59,1,0,group_a,0
SYN-00236,25+,Arts,92.31,54.35,3.97,0,0,group_b,1
SYN-00237,25+,STEM,60.82,69.22,3.78,0,0,group_a,1
SYN-00238,18-20,Arts,90.09,52.31,3.57,1,0,group_a,0
SYN-00239,16-17,Arts,82.88,59.84,3.92,0,0,group_a,0
SYN-00240,16-17,STEM,84.43,66.88,3.71,1,0,group_b,1
SYN-00241,16-17,STEM,68.72,40.04,3.6,2,0,group_a,1
SYN-00242,18-20,Health,94.1,67.38,3.6,0,0,group_a,0
SYN-00243,18-20,STEM,100.0,65.66,2.71,0,0,group_b,0
SYN-00244,18-20,STEM,83.98,56.29,4.38,0,0,group_b,0
SYN-00245,18-20,STEM,79.8,72.18,4.56,1,0,group_b,1
SYN-00246,18-20,STEM,84.38,64.58,3.72,0,0,group_b,0
SYN-00247,18-20,Health,97.54,41.69,4.02,0,0,group_a,0
SYN-00248,18-20,Business,62.57,93.03,2.57,0,0,group_a,0
SYN-00249,16-17,Arts,82.7,77.31,3.04,1,0,group_b,0
SYN-00250,21-24,Health,91.45,76.0,3.76,0,0,group_a,0
SYN-00251,21-24,Arts,75.9,100.0,3.87,3,0,group_a,0
SYN-00252,18-20,Health,75.46,80.86,2.0,1,0,group_a,0
SYN-00253,18-20,STEM,75.96,61.52,4.3,0,0,group_b,0
SYN-00254,18-20,STEM,68.9,44.59,4.9,1,1,group_b,1
SYN-00255,25+,Health,94.79,68.94,4.94,1,0,group_b,0
SYN-00256,18-20,Business,92.13,48.35,2.42,0,1,group_b,1
SYN-00257,18-20,STEM,72.53,48.83,3.73,2,0,group_a,0
SYN-00258,21-24,STEM,89.81,47.87,4.51,1,0,group_a,0
SYN-00259,21-24,Business,89.3,91.27,4.42,1,0,group_a,0
SYN-00260,16-17,Business,82.46,75.22,2.72,0,0,group_b,0
SYN-00261,18-20,Business,73.65,83.87,5.0,1,0,group_a,0
SYN-00262,21-24,Arts,81.53,64.42,2.89,0,0,group_a,0
SYN-00263,16-17,Health,79.16,55.42,3.27,0,0,group_a,0
SYN-00264,25+,Health,91.16,58.61,3.35,3,0,group_b,0
SYN-00265,18-20,Arts,75.26,52.03,2.91,1,0,group_b,0
SYN-00266,21-24,Business,69.55,52.03,2.88,1,0,group_a,0
SYN-00267,18-20,STEM,87.38,79.83,3.87,1,0,group_b,0
SYN-00268,16-17,STEM,82.26,67.71,2.66,0,0,not_stated,0
SYN-00269,25+,Arts,83.05,100.0,2.84,0,1,group_b,0
SYN-00270,25+,Arts,69.77,61.15,2.73,0,0,group_b,1
SYN-00271,16-17,Health,90.89,100.0,3.4,0,0,group_a,0
SYN-00272,21-24,Arts,86.83,56.16,3.03,2,1,group_a,1
SYN-00273,25+,Business,70.6,95.16,1.94,1,1,group_b,0
SYN-00274,16-17,Health,87.73,71.93,2.27,0,0,group_a,0
SYN-00275,18-20,Business,95.96,75.26,3.39,1,0,group_b,0
SYN-00276,18-20,Arts,83.9,67.19,3.17,2,1,group_b,0
SYN-00277,18-20,STEM,71.84,67.86,4.46,1,0,group_b,0
SYN-00278,16-17,STEM,87.47,95.35,3.84,0,0,group_a,0
SYN-00279,18-20,Health,97.05,86.14,4.81,0,0,group_b,0
SYN-00280,16-17,Health,99.54,69.49,4.28,0,0,group_a,0
SYN-00281,18-20,Arts,75.96,62.04,2.1,2,0,group_b,1
SYN-00282,18-20,Health,97.83,57.23,2.12,0,0,group_b,0
SYN-00283,18-20,Arts,68.77,40.67,1.5,0,0,group_a,0
SYN-00284,16-17,Business,82.07,100.0,3.53,1,0,group_b,0
SYN-00285,25+,STEM,84.19,74.84,3.29,2,0,group_b,0
SYN-00286,18-20,Business,98.17,65.9,3.4,0,0,group_b,0
SYN-00287,25+,STEM,77.66,46.22,4.27,1,0,group_a,1
SYN-00288,21-24,Arts,93.29,69.98,3.35,0,1,group_b,0
SYN-00289,18-20,Arts,90.79,81.04,3.64,0,0,group_b,0
SYN-00290,21-24,Arts,77.13,67.28,3.49,1,0,group_a,0
SYN-00291,18-20,Arts,76.41,45.24,3.25,2,0,group_b,1
SYN-00292,18-20,Arts,72.55,65.08,3.24,0,0,group_b,0
SYN-00293,16-17,Health,87.38,90.53,2.51,0,0,group_b,0
SYN-00294,18-20,Business,71.21,61.67,2.84,1,0,group_a,0
SYN-00295,18-20,Arts,92.03,77.0,2.47,1,1,group_b,0
SYN-00296,18-20,STEM,76.04,86.4,3.02,0,0,group_a,0
SYN-00297,16-17,STEM,92.96,74.33,3.64,1,0,group_b,0
SYN-00298,18-20,Business,86.38,79.59,3.79,1,0,not_stated,0
SYN-00299,18-20,Arts,73.49,86.03,4.68,0,1,group_a,0
SYN-00300,16-17,Arts,84.29,41.88,2.9,1,0,group_a,0
SYN-00301,18-20,Business,86.04,55.8,4.32,1,0,group_b,0
SYN-00302,18-20,Health,67.17,71.71,3.41,0,0,group_b,1
SYN-00303,25+,Business,78.04,78.65,4.51,0,0,group_b,0
SYN-00304,25+,Arts,70.4,100.0,3.7,0,0,group_a,0
SYN-00305,16-17,STEM,67.61,100.0,3.21,1,0,group_b,0
SYN-00306,25+,Arts,79.84,71.34,2.61,1,0,group_b,0
SYN-00307,21-24,STEM,89.31,56.96,4.15,2,0,group_b,1
SYN-00308,21-24,Health,82.31,80.09,4.18,0,0,group_a,1
SYN-00309,16-17,Business,69.96,62.51,3.27,1,0,group_b,1
SYN-00310,21-24,Business,83.59,87.18,4.11,0,0,group_a,0
SYN-00311,18-20,Health,75.05,77.23,3.25,1,0,group_b,0
SYN-00312,18-20,Health,97.97,80.09,4.08,1,0,group_a,0
SYN-00313,21-24,Health,73.64,56.65,2.72,3,0,group_a,1
SYN-00314,18-20,Health,72.85,74.27,4.21,0,0,group_b,1
SYN-00315,18-20,Health,90.78,93.3,4.15,1,0,group_a,0
SYN-00316,18-20,Arts,85.87,67.14,2.57,0,0,group_a,1
SYN-00317,16-17,Health,83.95,72.03,2.63,1,0,group_a,0
SYN-00318,21-24,Arts,88.14,83.63,1.64,0,0,group_a,0
SYN-00319,16-17,STEM,87.69,65.46,4.0,0,0,group_a,0
SYN-00320,18-20,Arts,76.52,36.27,2.71,2,0,group_a,1
SYN-00321,18-20,STEM,75.38,69.66,3.98,0,0,group_b,0
SYN-00322,18-20,Arts,71.52,47.27,3.24,1,0,group_a,1
SYN-00323,18-20,Business,79.21,76.45,3.29,0,0,group_a,1
SYN-00324,18-20,Health,95.34,61.17,3.73,2,0,group_a,1
SYN-00325,18-20,STEM,80.23,77.45,4.73,0,0,group_b,0
SYN-00326,18-20,Arts,86.53,53.45,1.97,2,0,group_a,1
SYN-00327,16-17,STEM,80.34,59.28,3.89,1,0,not_stated,1
SYN-00328,18-20,STEM,73.57,57.56,2.9,0,0,group_b,1
SYN-00329,25+,Arts,90.88,67.47,3.45,1,0,group_a,0
SYN-00330,18-20,Business,86.59,70.93,2.11,1,0,group_b,0
SYN-00331,18-20,Health,86.58,60.07,3.59,0,0,group_a,0
SYN-00332,21-24,Arts,73.61,68.47,1.8,0,0,group_b,0
SYN-00333,16-17,Arts,71.67,95.79,3.8,2,0,group_b,0
SYN-00334,16-17,Arts,63.01,63.13,2.89,1,0,group_a,0
SYN-00335,18-20,STEM,66.09,76.67,3.03,0,1,group_b,0
SYN-00336,16-17,Arts,79.89,100.0,3.61,2,0,group_b,1
SYN-00337,25+,Health,70.32,38.18,4.09,2,0,group_a,1
SYN-00338,18-20,Health,82.07,48.33,2.2,2,0,group_b,1
SYN-00339,18-20,STEM,93.86,67.75,1.58,0,0,group_b,0
SYN-00340,16-17,STEM,80.72,88.03,2.12,0,0,group_a,0
SYN-00341,21-24,Business,69.48,81.07,3.5,0,1,not_stated,1
SYN-00342,25+,Arts,69.51,46.66,3.49,2,0,group_b,1
SYN-00343,18-20,Arts,84.49,59.83,5.0,0,0,group_b,0
SYN-00344,18-20,STEM,65.26,59.58,2.98,1,0,group_b,0
SYN-00345,21-24,Arts,64.48,44.89,3.37,1,0,group_b,1
SYN-00346,21-24,STEM,96.54,67.97,2.8,1,1,group_b,0
SYN-00347,25+,Health,90.67,77.26,2.16,0,0,group_b,0
SYN-00348,18-20,STEM,75.26,77.1,2.46,0,0,group_a,1
SYN-00349,18-20,STEM,89.89,70.15,3.39,1,0,group_b,0
SYN-00350,21-24,Health,76.09,84.45,3.23,0,0,group_a,1
SYN-00351,16-17,STEM,77.04,64.4,2.63,0,0,group_b,0
SYN-00352,25+,Arts,70.09,80.69,3.4,0,0,not_stated,1
SYN-00353,16-17,STEM,78.08,67.47,4.16,0,0,group_b,0
SYN-00354,18-20,Business,81.04,72.06,3.61,0,0,group_a,0
SYN-00355,21-24,Arts,94.46,52.67,3.19,1,0,group_b,0
SYN-00356,21-24,Health,81.49,57.82,3.22,0,0,group_a,0
SYN-00357,21-24,STEM,92.43,75.88,3.89,0,0,group_b,0
SYN-00358,18-20,STEM,73.88,63.5,3.46,0,0,group_a,0
SYN-00359,21-24,Health,80.31,69.22,4.5,0,0,group_a,0
SYN-00360,21-24,STEM,87.73,96.86,3.14,0,0,group_a,0
SYN-00361,16-17,STEM,73.07,59.91,3.7,1,0,group_a,0
SYN-00362,18-20,Health,62.71,76.05,3.0,2,0,group_b,1
SYN-00363,16-17,STEM,89.77,57.59,3.55,0,0,group_a,0
SYN-00364,16-17,STEM,84.52,57.7,3.26,0,0,group_b,0
SYN-00365,16-17,Arts,73.47,79.49,3.53,0,0,group_b,0
SYN-00366,18-20,Arts,83.29,78.92,3.63,1,0,group_b,0
SYN-00367,18-20,STEM,100.0,47.0,1.13,1,0,group_a,1
SYN-00368,25+,Business,82.2,61.02,2.48,0,0,group_a,0
SYN-00369,18-20,STEM,71.02,55.61,2.92,0,0,group_a,1
SYN-00370,16-17,Arts,81.36,67.96,3.55,1,0,group_a,0
SYN-00371,25+,Health,97.22,74.98,2.29,0,0,group_a,0
SYN-00372,16-17,STEM,79.78,68.47,2.01,2,0,group_a,1
SYN-00373,18-20,Business,91.75,100.0,3.12,1,0,group_a,0
SYN-00374,25+,STEM,89.73,64.45,3.28,1,0,group_b,0
SYN-00375,16-17,STEM,80.87,57.39,2.77,1,0,group_b,0
SYN-00376,18-20,STEM,99.22,54.82,4.02,0,0,group_b,0
SYN-00377,25+,Business,76.19,49.88,3.63,1,0,group_a,0
SYN-00378,18-20,Arts,88.32,70.11,2.89,0,1,group_a,1
SYN-00379,18-20,Arts,86.2,61.08,2.86,1,0,group_a,0
SYN-00380,18-20,Arts,81.16,45.51,2.81,1,1,group_b,0
SYN-00381,25+,Arts,89.99,49.7,3.0,0,1,group_a,1
SYN-00382,16-17,Health,91.73,40.85,4.48,2,0,group_b,0
SYN-00383,21-24,Business,77.72,72.74,3.06,0,0,group_a,0
SYN-00384,18-20,Arts,77.81,77.94,3.23,3,0,group_a,0
SYN-00385,18-20,Business,88.24,70.05,2.72,0,1,group_b,0
SYN-00386,21-24,Business,73.45,56.97,2.75,0,0,group_b,1
SYN-00387,18-20,Health,81.77,56.22,3.31,2,0,group_b,0
SYN-00388,18-20,STEM,76.1,78.92,4.98,0,1,group_b,0
SYN-00389,16-17,STEM,77.18,55.56,3.47,0,0,group_a,1
SYN-00390,25+,Health,81.62,50.54,4.38,0,0,group_b,0
SYN-00391,18-20,STEM,83.05,92.94,4.77,0,0,group_b,0
SYN-00392,25+,Business,81.38,56.11,2.79,0,0,group_a,1
SYN-00393,18-20,STEM,88.53,62.13,3.4,0,0,group_a,0
SYN-00394,16-17,Health,77.06,69.12,3.31,1,0,group_a,1
SYN-00395,18-20,Business,74.26,65.95,4.13,1,0,group_b,0
SYN-00396,21-24,Health,83.66,76.06,4.06,0,0,group_b,0
SYN-00397,18-20,Arts,74.89,69.84,3.09,1,0,group_b,0
SYN-00398,25+,Arts,90.0,91.77,4.34,1,1,group_b,0
SYN-00399,21-24,Arts,99.74,69.92,3.35,1,0,group_b,0
SYN-00400,21-24,Arts,78.02,56.67,4.21,1,0,group_a,0
SYN-00401,16-17,Business,64.69,78.3,3.31,0,0,group_b,1
SYN-00402,18-20,Health,77.9,93.38,4.62,0,0,group_a,0
SYN-00403,18-20,Arts,82.86,83.0,2.53,0,0,group_b,0
SYN-00404,16-17,Health,76.32,75.11,2.63,0,0,group_b,0
SYN-00405,18-20,Health,85.57,56.53,3.27,0,0,group_a,1
SYN-00406,18-20,Health,85.18,78.5,4.04,0,0,group_b,0
SYN-00407,16-17,Business,100.0,57.29,3.12,0,0,group_b,0
SYN-00408,21-24,Business,82.18,69.76,4.58,0,0,group_b,0
SYN-00409,21-24,STEM,75.61,36.26,4.01,0,0,group_b,1
SYN-00410,25+,Health,99.56,60.27,1.92,0,0,not_stated,0
SYN-00411,18-20,Arts,68.39,46.93,4.34,0,0,group_b,0
SYN-00412,25+,Business,76.29,38.64,3.97,0,0,group_b,1
SYN-00413,21-24,Arts,75.49,56.28,3.94,1,0,group_a,0
SYN-00414,18-20,STEM,93.75,87.48,3.53,0,0,group_b,0
SYN-00415,18-20,Arts,77.75,58.23,3.69,0,0,group_b,1
SYN-00416,18-20,Business,76.74,73.74,2.81,0,0,group_b,0
SYN-00417,25+,Health,81.05,68.53,4.01,0,0,group_a,0
SYN-00418,16-17,Health,88.43,51.11,3.07,1,0,not_stated,1
SYN-00419,16-17,Health,84.93,82.62,3.85,0,0,group_b,0
SYN-00420,16-17,Health,79.96,63.23,3.17,0,0,group_b,1
SYN-00421,18-20,Arts,85.62,57.28,5.0,0,0,group_a,0
SYN-00422,21-24,Arts,70.66,57.86,2.01,2,1,group_b,1
SYN-00423,25+,Health,90.18,26.59,2.66,1,1,group_a,0
SYN-00424,25+,Health,90.44,63.85,4.28,0,0,group_b,0
SYN-00425,21-24,STEM,100.0,44.7,2.44,0,0,group_a,0
SYN-00426,18-20,STEM,91.55,64.42,2.98,3,1,group_b,0
SYN-00427,21-24,Business,79.59,31.65,3.83,2,0,group_b,0
SYN-00428,21-24,STEM,100.0,66.3,5.0,1,0,group_a,0
SYN-00429,18-20,Health,82.56,78.75,4.24,1,0,group_a,1
SYN-00430,18-20,Arts,92.96,49.23,3.52,1,0,group_a,0
SYN-00431,18-20,Health,79.74,70.92,2.44,0,1,not_stated,0
SYN-00432,21-24,STEM,93.25,67.54,4.84,2,0,group_b,0
SYN-00433,21-24,Business,71.07,69.35,3.71,1,0,group_b,1
SYN-00434,18-20,Health,61.38,49.2,2.41,0,1,not_stated,1
SYN-00435,16-17,STEM,100.0,52.72,4.7,1,0,group_b,0
SYN-00436,21-24,STEM,72.51,83.95,3.54,0,0,group_a,0
SYN-00437,16-17,Business,93.45,66.27,5.0,0,1,group_b,0
SYN-00438,16-17,Business,79.23,83.04,3.18,1,1,group_b,1
SYN-00439,18-20,STEM,87.55,60.22,2.7,0,1,group_a,0
SYN-00440,18-20,Health,97.19,71.38,2.37,3,0,group_b,0
SYN-00441,18-20,STEM,89.71,63.3,4.04,0,0,group_a,0
SYN-00442,25+,Business,98.18,66.28,4.16,1,1,group_a,0
SYN-00443,18-20,Arts,87.32,84.13,2.73,1,0,group_a,0
SYN-00444,18-20,Business,90.49,87.5,4.28,3,0,group_a,0
SYN-00445,16-17,Business,76.86,84.52,3.77,0,0,group_a,0
SYN-00446,21-24,Business,93.02,78.56,3.36,0,0,group_a,0
SYN-00447,16-17,Arts,73.5,88.67,4.99,0,0,group_b,0
SYN-00448,21-24,Health,89.41,45.99,3.26,0,0,group_b,0
SYN-00449,25+,Arts,80.39,50.58,3.52,1,0,group_a,0
SYN-00450,21-24,Health,70.76,64.45,5.0,0,0,group_b,0
SYN-00451,18-20,Health,93.14,75.64,3.85,0,0,group_b,0
SYN-00452,25+,Business,96.9,34.62,4.64,0,0,group_b,0
SYN-00453,16-17,Health,67.06,76.36,3.54,0,1,group_a,1
SYN-00454,18-20,Arts,86.16,54.67,4.02,0,0,group_a,0
SYN-00455,21-24,Business,83.38,63.94,2.94,1,0,group_a,0
SYN-00456,25+,Business,81.43,52.99,1.82,0,0,group_a,0
SYN-00457,21-24,Arts,84.72,93.73,3.42,0,0,group_b,0
SYN-00458,21-24,Business,65.29,44.47,5.0,0,0,group_a,0
SYN-00459,18-20,Arts,100.0,67.48,3.52,0,0,group_b,0
SYN-00460,16-17,Business,88.31,64.43,3.37,0,1,group_b,1
SYN-00461,18-20,Business,83.47,43.38,2.2,2,0,group_a,1
SYN-00462,16-17,Business,87.6,71.06,4.04,0,0,group_a,1
SYN-00463,21-24,Health,75.4,71.81,3.39,2,0,group_b,0
SYN-00464,18-20,STEM,93.89,76.19,3.62,1,0,group_a,0
SYN-00465,25+,Health,85.59,58.9,2.5,1,0,group_b,0
SYN-00466,18-20,Health,81.23,78.31,3.54,0,0,group_b,0
SYN-00467,21-24,STEM,74.22,73.93,2.1,1,0,group_a,0
SYN-00468,21-24,Arts,86.36,72.29,2.97,0,0,group_a,0
SYN-00469,18-20,STEM,70.29,58.82,3.05,1,0,group_a,1
SYN-00470,16-17,Health,92.32,62.49,3.99,1,0,group_a,0
SYN-00471,21-24,Business,81.66,60.01,3.16,0,0,group_b,0
SYN-00472,21-24,STEM,95.6,65.01,3.9,0,0,group_b,0
SYN-00473,21-24,Business,84.85,44.13,3.78,0,0,group_b,0
SYN-00474,21-24,Business,87.96,74.3,3.99,0,0,group_b,0
SYN-00475,18-20,Arts,91.84,66.53,3.71,0,0,group_b,0
SYN-00476,25+,Health,78.4,63.46,2.64,1,0,group_a,1
SYN-00477,21-24,STEM,92.65,48.56,3.21,0,0,group_a,0
SYN-00478,25+,Business,96.76,68.93,4.73,0,0,group_a,0
SYN-00479,16-17,Business,97.52,81.51,3.95,3,0,group_b,0
SYN-00480,21-24,Arts,92.41,60.48,3.3,1,0,group_b,0
SYN-00481,16-17,Arts,86.86,62.11,3.07,0,1,group_a,0
SYN-00482,18-20,Health,77.68,64.75,3.22,0,1,group_b,1
SYN-00483,16-17,Arts,88.9,60.69,4.65,1,0,group_a,0
SYN-00484,18-20,STEM,83.11,61.64,3.1,1,0,group_a,0
SYN-00485,16-17,Arts,93.9,34.24,3.73,1,0,group_a,0
SYN-00486,18-20,Business,73.43,70.13,2.65,1,0,group_a,1
SYN-00487,16-17,Arts,67.82,55.86,4.31,0,0,group_a,0
SYN-00488,25+,STEM,98.24,70.65,3.88,0,0,group_a,0
SYN-00489,21-24,Business,87.66,73.72,3.89,1,1,not_stated,0
SYN-00490,16-17,Arts,85.84,62.2,5.0,1,0,group_b,1
SYN-00491,25+,Arts,100.0,53.96,2.44,1,0,group_b,0
SYN-00492,25+,Arts,94.4,56.92,4.24,0,1,group_b,1
SYN-00493,18-20,STEM,90.3,66.62,3.8,0,1,group_a,0
SYN-00494,18-20,Business,89.69,69.82,3.79,2,0,group_b,0
SYN-00495,21-24,Business,93.24,70.05,4.84,0,0,group_b,0
SYN-00496,25+,STEM,81.16,68.4,2.48,0,0,group_a,0
SYN-00497,18-20,Business,92.88,59.6,4.07,0,0,group_b,0
SYN-00498,18-20,Health,83.9,60.5,3.87,0,0,group_b,0
SYN-00499,25+,STEM,91.78,75.34,3.68,0,0,group_a,0
SYN-00500,18-20,STEM,67.3,70.31,3.79,1,0,group_a,0
SYN-00501,21-24,Health,98.14,85.66,3.62,1,0,group_b,0
SYN-00502,21-24,Business,72.45,47.15,4.2,1,0,group_a,0
SYN-00503,21-24,STEM,91.4,72.33,5.0,3,0,group_b,0
SYN-00504,21-24,Arts,81.71,32.2,4.16,0,0,group_b,1
SYN-00505,18-20,STEM,82.56,55.59,4.05,1,0,not_stated,0
SYN-00506,18-20,Arts,87.75,92.35,4.54,0,1,group_a,0
SYN-00507,21-24,Arts,77.37,91.76,3.47,1,0,group_b,0
SYN-00508,21-24,Health,82.74,40.01,3.06,0,0,group_b,0
SYN-00509,25+,Business,82.18,73.44,3.39,0,0,group_a,0
SYN-00510,25+,STEM,80.07,75.32,3.9,3,0,group_a,1
SYN-00511,25+,STEM,87.05,92.09,3.53,0,0,group_a,0
SYN-00512,25+,Arts,83.5,78.78,3.35,0,0,group_a,0
SYN-00513,16-17,Arts,84.83,60.46,3.54,0,1,group_a,0
SYN-00514,21-24,Health,96.43,49.91,4.26,0,0,group_b,0
SYN-00515,18-20,Arts,64.19,50.4,3.08,1,0,group_a,1
SYN-00516,18-20,Business,59.85,75.2,4.48,0,0,group_b,0
SYN-00517,21-24,Arts,78.19,97.34,3.81,0,0,group_a,0
SYN-00518,16-17,STEM,84.72,64.24,2.84,1,1,not_stated,0
SYN-00519,18-20,STEM,96.73,77.45,3.35,1,0,group_b,0
SYN-00520,16-17,STEM,80.78,51.88,3.61,0,0,group_b,0
SYN-00521,18-20,Arts,68.85,71.3,3.42,1,1,group_a,1
SYN-00522,25+,STEM,98.92,55.25,4.01,1,0,not_stated,0
SYN-00523,16-17,STEM,74.13,74.56,2.54,1,0,group_b,0
SYN-00524,16-17,STEM,67.95,67.35,3.1,1,0,group_b,1
SYN-00525,16-17,Business,80.03,100.0,4.05,0,0,group_b,0
SYN-00526,16-17,Business,85.35,49.24,3.1,1,0,group_b,0
SYN-00527,18-20,Arts,75.5,81.83,1.6,0,0,group_a,1
SYN-00528,16-17,STEM,90.87,80.25,3.18,0,0,group_b,0
SYN-00529,16-17,Arts,78.26,66.56,2.98,0,0,group_a,0
SYN-00530,16-17,Business,78.94,47.31,3.07,0,0,group_a,0
SYN-00531,16-17,Health,72.64,81.61,4.5,1,1,group_b,0
SYN-00532,25+,Business,81.99,49.03,3.39,0,0,not_stated,0
SYN-00533,18-20,Business,82.69,51.91,3.6,1,0,group_a,1
SYN-00534,21-24,Business,100.0,49.92,2.21,0,0,group_b,1
SYN-00535,25+,Health,72.44,70.56,2.3,1,0,group_b,0
SYN-00536,16-17,Arts,97.92,73.53,3.95,0,1,group_a,0
SYN-00537,21-24,STEM,93.21,41.58,4.65,1,1,group_a,1
SYN-00538,18-20,Health,85.19,83.4,3.54,0,0,group_b,1
SYN-00539,18-20,Health,87.75,57.55,4.18,1,0,group_a,0
SYN-00540,18-20,Business,76.08,51.88,4.09,0,0,group_a,0
SYN-00541,16-17,Arts,77.85,83.5,3.08,1,0,group_a,0
SYN-00542,21-24,Business,92.79,64.56,2.69,1,0,group_a,0
SYN-00543,18-20,Business,84.26,84.13,3.69,2,0,group_a,0
SYN-00544,18-20,STEM,76.42,71.07,4.89,2,0,group_b,0
SYN-00545,16-17,Business,87.66,77.9,4.58,0,0,group_b,0
SYN-00546,18-20,STEM,78.39,53.11,2.74,1,1,group_a,0
SYN-00547,21-24,STEM,87.99,67.2,4.44,0,0,group_a,0
SYN-00548,21-24,STEM,90.5,46.13,2.3,2,0,group_a,1
SYN-00549,18-20,Arts,62.36,65.12,3.32,2,0,group_a,1
SYN-00550,21-24,Arts,92.72,43.62,5.0,0,0,group_a,0
SYN-00551,16-17,Arts,86.57,60.93,3.59,2,0,group_b,0
SYN-00552,16-17,Business,78.33,68.54,2.4,0,0,group_a,0
SYN-00553,18-20,STEM,93.48,70.02,3.01,1,1,group_a,0
SYN-00554,25+,Business,72.25,96.38,2.44,0,0,group_a,0
SYN-00555,25+,STEM,80.53,77.15,3.25,1,0,group_b,0
SYN-00556,16-17,Arts,96.1,66.08,2.81,1,0,group_a,0
SYN-00557,18-20,Arts,90.63,45.65,3.8,0,0,group_a,0
SYN-00558,18-20,Health,68.21,64.12,4.26,2,1,group_b,1
SYN-00559,16-17,Health,100.0,74.38,3.05,1,1,group_b,0
SYN-00560,16-17,Health,80.5,75.6,3.31,1,0,not_stated,0
SYN-00561,21-24,STEM,91.06,49.47,4.02,0,0,group_a,1
SYN-00562,18-20,Business,79.81,71.72,2.93,1,0,group_a,1
SYN-00563,25+,STEM,82.41,65.07,3.45,0,0,group_b,0
SYN-00564,18-20,Arts,69.32,50.81,1.89,1,0,group_a,1
SYN-00565,21-24,Arts,87.41,52.93,3.65,0,0,group_a,1
SYN-00566,25+,Arts,86.19,71.98,3.03,0,0,group_a,1
SYN-00567,21-24,STEM,64.56,92.82,3.73,0,1,group_a,0
SYN-00568,18-20,Arts,85.96,51.33,3.81,1,1,group_b,0
SYN-00569,18-20,STEM,72.74,42.09,4.55,1,0,group_b,1
SYN-00570,25+,Business,80.64,67.57,3.3,1,0,group_b,0
SYN-00571,25+,STEM,66.05,88.14,2.98,1,0,group_b,0
SYN-00572,16-17,Arts,83.45,64.39,4.44,1,0,group_b,0
SYN-00573,21-24,STEM,61.24,78.1,4.12,1,0,group_b,1
SYN-00574,25+,Business,93.07,55.04,3.55,0,0,group_b,0
SYN-00575,21-24,STEM,86.9,43.87,4.26,0,1,group_b,1
SYN-00576,18-20,Arts,86.53,69.27,3.82,2,0,group_a,1
SYN-00577,16-17,STEM,94.74,58.77,3.31,2,0,group_a,0
SYN-00578,21-24,STEM,67.5,40.91,4.39,0,0,group_a,0
SYN-00579,25+,STEM,67.95,43.59,4.15,1,0,group_a,0
SYN-00580,16-17,STEM,78.05,77.41,3.73,0,0,group_a,0
SYN-00581,21-24,Health,76.31,55.45,3.64,1,0,group_a,1
SYN-00582,21-24,Health,83.87,68.41,3.02,0,0,group_a,0
SYN-00583,16-17,Health,93.04,59.05,4.03,0,1,not_stated,0
SYN-00584,21-24,Health,74.58,67.51,2.89,2,1,group_a,0
SYN-00585,25+,Health,90.46,76.54,3.56,1,0,group_a,0
SYN-00586,18-20,Health,81.23,41.62,4.27,0,0,group_b,0
SYN-00587,21-24,STEM,95.41,52.96,3.32,0,0,group_b,0
SYN-00588,16-17,Business,78.29,51.9,4.23,0,1,group_b,0
SYN-00589,21-24,STEM,76.92,67.4,5.0,0,0,group_a,0
SYN-00590,18-20,STEM,80.93,83.41,4.53,1,0,not_stated,0
SYN-00591,18-20,Arts,80.89,58.81,2.54,2,0,group_a,0
SYN-00592,18-20,STEM,80.96,94.31,2.15,1,1,group_a,1
SYN-00593,18-20,Health,75.71,65.71,3.68,1,1,group_b,0
SYN-00594,16-17,Business,61.67,73.54,4.29,0,1,group_b,0
SYN-00595,21-24,Arts,90.0,52.2,4.45,0,0,group_b,0
SYN-00596,25+,Arts,80.82,67.86,3.18,1,0,not_stated,0
SYN-00597,18-20,Health,76.06,70.33,2.96,1,0,group_a,0
SYN-00598,18-20,Arts,77.85,33.84,3.91,1,0,group_b,1
SYN-00599,21-24,Arts,84.59,44.04,4.38,0,0,group_a,1
SYN-00600,16-17,Health,83.58,69.72,3.72,3,0,group_a,0
SYN-00601,21-24,STEM,76.42,72.7,1.94,1,0,group_a,0
SYN-00602,18-20,Arts,85.37,40.47,3.72,0,0,group_a,0
SYN-00603,16-17,Business,82.56,71.39,3.83,0,0,group_b,0
SYN-00604,25+,Health,85.14,56.94,2.88,1,0,group_b,0
SYN-00605,18-20,Arts,79.97,55.32,2.7,0,0,group_a,0
SYN-00606,18-20,Business,89.09,51.59,4.38,0,0,group_b,1
SYN-00607,21-24,Business,91.96,47.16,4.3,1,0,group_b,0
SYN-00608,21-24,STEM,85.55,69.47,2.47,0,0,group_a,1
SYN-00609,18-20,Arts,87.39,43.61,3.85,2,1,group_a,1
SYN-00610,18-20,Business,71.54,68.0,3.21,0,0,group_b,1
SYN-00611,16-17,Business,98.24,64.99,3.25,2,0,not_stated,0
SYN-00612,18-20,Health,88.9,56.63,2.07,0,0,group_b,0
SYN-00613,18-20,Health,71.35,64.89,4.31,0,0,group_a,0
SYN-00614,21-24,STEM,60.7,48.74,3.53,0,0,group_b,1
SYN-00615,18-20,Business,66.92,98.64,2.85,0,0,group_a,0
SYN-00616,18-20,Business,75.87,68.27,3.85,1,0,group_b,0
SYN-00617,18-20,Health,86.09,56.24,4.49,1,0,group_a,0
SYN-00618,18-20,Health,80.72,83.75,3.62,1,0,group_a,0
SYN-00619,18-20,Health,81.26,76.23,2.85,0,0,group_b,0
SYN-00620,25+,STEM,83.61,67.05,4.27,4,0,group_b,1
SYN-00621,21-24,Arts,78.14,67.25,2.48,2,1,group_a,0
SYN-00622,16-17,Business,93.37,100.0,3.13,2,0,group_a,0
SYN-00623,16-17,Health,81.19,33.6,1.91,0,0,group_b,0
SYN-00624,18-20,STEM,90.94,37.04,2.8,0,0,group_a,0
SYN-00625,18-20,Business,81.71,56.65,5.0,0,0,group_b,0
SYN-00626,25+,STEM,73.4,42.0,4.38,1,1,group_a,0
SYN-00627,18-20,Health,77.11,65.41,3.5,2,0,not_stated,1
SYN-00628,25+,Business,88.47,80.07,4.53,0,0,group_b,0
SYN-00629,18-20,Health,92.41,75.22,2.33,0,1,group_b,1
SYN-00630,21-24,Arts,67.41,73.21,4.49,1,1,group_b,0
SYN-00631,16-17,Health,85.22,67.43,1.63,0,1,group_b,1
SYN-00632,18-20,Health,97.68,79.31,3.11,0,0,group_a,0
SYN-00633,18-20,Business,71.98,59.09,3.81,0,0,group_a,0
SYN-00634,21-24,Arts,64.68,73.44,3.27,2,0,group_b,1
SYN-00635,18-20,Business,88.83,59.25,3.47,0,0,group_a,0
SYN-00636,16-17,Health,84.18,35.57,2.76,1,0,group_b,0
SYN-00637,16-17,Arts,96.14,62.34,4.57,0,0,group_b,1
SYN-00638,18-20,Arts,92.35,71.54,2.47,1,0,group_a,0
SYN-00639,16-17,STEM,69.68,31.61,3.75,3,0,group_b,0
SYN-00640,18-20,Business,70.79,75.38,2.33,0,0,group_b,0
SYN-00641,16-17,Business,76.53,73.83,3.51,2,0,group_b,1
SYN-00642,18-20,Business,91.23,56.86,3.59,1,0,group_b,1
SYN-00643,21-24,STEM,86.01,71.95,2.94,0,0,group_a,1
SYN-00644,18-20,Business,83.1,59.2,3.39,3,0,group_b,1
SYN-00645,25+,Arts,82.45,72.16,5.0,0,0,group_a,0
SYN-00646,21-24,Arts,69.89,66.04,4.02,0,0,group_a,0
SYN-00647,25+,STEM,90.38,61.31,3.71,0,0,group_a,0
SYN-00648,16-17,Health,67.23,64.46,4.16,1,0,group_b,0
SYN-00649,18-20,STEM,71.38,64.37,3.05,1,1,group_b,1
SYN-00650,18-20,STEM,89.38,93.16,2.96,0,0,group_a,0
SYN-00651,18-20,STEM,89.82,73.1,2.97,0,1,group_a,0
SYN-00652,16-17,Health,82.61,66.82,3.54,4,0,group_b,0
SYN-00653,21-24,STEM,72.46,41.71,3.18,0,0,group_b,1
SYN-00654,18-20,STEM,90.03,77.88,3.2,0,0,group_a,0
SYN-00655,18-20,Arts,79.39,78.05,2.83,1,0,group_b,0
SYN-00656,21-24,Health,83.65,97.94,2.81,0,0,group_a,0
SYN-00657,18-20,Business,83.87,56.99,3.88,1,0,group_a,0
SYN-00658,21-24,Health,70.92,70.46,4.21,0,0,group_a,1
SYN-00659,18-20,Arts,96.72,66.19,3.71,0,0,group_a,0
SYN-00660,21-24,Business,96.18,64.44,4.34,0,0,group_a,0
SYN-00661,18-20,Business,66.82,49.46,3.03,0,1,group_a,1
SYN-00662,18-20,Business,79.72,67.35,3.71,0,0,group_a,0
SYN-00663,18-20,Health,79.27,78.74,3.54,0,0,group_b,1
SYN-00664,18-20,STEM,83.0,69.57,3.25,2,0,group_a,0
SYN-00665,18-20,Arts,79.58,68.38,4.23,3,1,group_a,0
SYN-00666,21-24,STEM,88.37,83.2,3.89,0,0,group_a,1
SYN-00667,25+,Health,73.79,91.76,3.47,2,0,group_a,0
SYN-00668,21-24,Arts,75.34,65.86,3.8,1,1,group_a,0
SYN-00669,18-20,Arts,61.8,100.0,2.86,3,0,group_b,0
SYN-00670,21-24,Arts,94.45,65.54,4.69,1,0,group_a,0
SYN-00671,21-24,Arts,96.9,91.64,3.09,0,1,group_a,0
SYN-00672,16-17,STEM,73.0,73.24,3.86,0,0,group_b,0
SYN-00673,25+,STEM,100.0,50.33,3.1,0,0,group_b,0
SYN-00674,18-20,Health,83.03,77.7,2.64,1,0,not_stated,0
SYN-00675,16-17,Business,96.05,76.74,3.82,0,1,group_b,0
SYN-00676,18-20,Arts,78.42,77.91,2.69,1,0,group_a,0
SYN-00677,18-20,STEM,72.49,39.69,2.68,0,0,group_b,0
SYN-00678,18-20,Business,85.8,67.29,2.86,0,0,group_a,0
SYN-00679,18-20,Business,84.54,86.13,3.49,0,1,group_b,0
SYN-00680,18-20,Business,97.47,88.19,3.5,1,1,group_a,0
SYN-00681,18-20,STEM,68.86,63.8,2.54,0,0,group_b,0
SYN-00682,16-17,Health,97.83,46.45,3.78,3,0,group_b,1
SYN-00683,18-20,Business,76.98,56.17,3.16,1,0,not_stated,0
SYN-00684,25+,Business,98.14,71.04,3.36,1,0,group_a,0
SYN-00685,16-17,Arts,77.37,24.04,4.03,0,0,group_a,0
SYN-00686,16-17,Health,84.35,60.52,2.26,1,1,group_b,0
SYN-00687,16-17,Business,78.85,91.32,3.25,1,0,group_a,0
SYN-00688,16-17,Business,100.0,53.43,4.37,0,1,group_b,0
SYN-00689,25+,STEM,79.05,66.93,3.4,0,1,group_b,1
SYN-00690,21-24,Arts,82.22,51.39,2.93,1,0,group_a,0
SYN-00691,21-24,Arts,79.52,71.54,3.23,3,1,group_b,0
SYN-00692,18-20,Arts,86.04,63.76,4.21,0,0,group_b,0
SYN-00693,18-20,Arts,71.75,100.0,3.91,1,0,group_b,0
SYN-00694,18-20,Business,77.43,84.08,3.39,0,0,not_stated,0
SYN-00695,16-17,Health,81.37,53.64,4.02,2,1,group_a,0
SYN-00696,18-20,STEM,80.76,57.17,3.11,0,0,group_b,1
SYN-00697,25+,Arts,72.73,51.29,3.35,1,0,group_a,0
SYN-00698,25+,Health,83.84,58.63,5.0,0,1,group_b,0
SYN-00699,18-20,Health,76.66,69.98,2.62,1,0,group_b,0
SYN-00700,16-17,Health,79.48,85.19,3.54,3,0,group_a,0
SYN-00701,16-17,Health,91.81,71.0,3.46,1,0,group_b,0
SYN-00702,18-20,Health,94.36,69.08,3.97,0,0,group_b,0
SYN-00703,21-24,STEM,89.67,74.63,2.0,0,0,not_stated,0
SYN-00704,16-17,Arts,83.98,66.41,2.16,1,0,group_a,1
SYN-00705,21-24,Business,88.53,62.71,3.02,0,0,group_a,0
SYN-00706,21-24,Arts,66.9,67.7,3.97,1,0,group_b,0
SYN-00707,16-17,Health,78.21,71.62,4.83,1,0,group_a,0
SYN-00708,18-20,Health,78.81,69.25,3.96,3,0,group_b,1
SYN-00709,18-20,STEM,78.92,69.73,4.4,0,0,group_a,0
SYN-00710,18-20,Arts,92.03,89.68,2.99,0,1,group_b,0
SYN-00711,18-20,Health,76.85,97.51,2.41,0,0,not_stated,0
SYN-00712,21-24,Arts,82.99,88.28,3.3,0,0,group_a,1
SYN-00713,21-24,STEM,84.43,62.76,3.93,1,0,group_b,1
SYN-00714,18-20,Business,72.35,72.59,2.74,0,0,group_b,0
SYN-00715,18-20,STEM,93.92,83.54,3.54,0,0,group_a,0
SYN-00716,21-24,Business,89.12,56.99,3.44,1,0,group_a,0
SYN-00717,18-20,STEM,78.85,99.87,4.12,1,0,group_a,0
SYN-00718,18-20,Business,82.69,59.06,2.75,0,0,not_stated,0
SYN-00719,16-17,Business,95.5,76.99,3.73,2,0,group_a,0
SYN-00720,16-17,STEM,80.92,53.3,3.11,2,0,group_b,0
SYN-00721,16-17,Health,95.31,75.5,3.58,1,0,group_b,0
SYN-00722,25+,STEM,73.79,75.0,3.8,1,0,group_a,0
SYN-00723,16-17,Business,74.74,57.62,2.54,1,1,group_b,0
SYN-00724,18-20,Arts,84.75,49.94,3.57,1,0,group_a,0
SYN-00725,18-20,Business,79.62,89.05,3.45,0,1,group_a,0
SYN-00726,18-20,Business,72.21,71.78,4.69,1,1,group_b,1
SYN-00727,21-24,Arts,81.81,51.2,3.71,2,0,group_a,0
SYN-00728,16-17,Arts,85.03,68.18,4.81,1,1,group_b,0
SYN-00729,16-17,Arts,85.77,87.64,2.72,1,0,group_b,0
SYN-00730,18-20,STEM,72.96,82.68,2.96,0,0,group_b,0
SYN-00731,21-24,Arts,96.93,76.99,4.88,3,0,group_a,0
SYN-00732,18-20,Health,83.29,59.97,4.73,1,0,group_a,0
SYN-00733,18-20,Health,84.56,60.42,2.99,2,0,group_b,0
SYN-00734,25+,Business,90.26,82.84,2.75,0,0,group_a,0
SYN-00735,25+,Business,84.42,74.91,3.24,0,0,group_b,0
SYN-00736,25+,STEM,78.43,63.67,4.5,0,1,group_b,1
SYN-00737,21-24,Health,91.76,76.21,4.04,1,1,group_a,0
SYN-00738,18-20,STEM,87.49,51.03,3.51,0,1,group_a,1
SYN-00739,25+,Health,75.68,90.24,2.04,0,0,not_stated,0
SYN-00740,18-20,STEM,100.0,83.82,2.2,2,1,group_b,0
SYN-00741,21-24,Health,100.0,66.89,2.7,1,0,group_b,1
SYN-00742,18-20,Arts,78.24,64.11,2.71,0,0,group_b,0
SYN-00743,16-17,Arts,91.19,89.1,2.46,1,1,group_a,0
SYN-00744,16-17,STEM,100.0,49.32,2.77,1,0,group_a,0
SYN-00745,21-24,Arts,83.05,69.63,4.92,0,0,group_a,0
SYN-00746,16-17,Health,76.87,53.17,1.43,1,0,group_b,1
SYN-00747,25+,Business,90.78,40.39,3.72,0,0,group_a,0
SYN-00748,18-20,Health,93.37,49.44,2.03,0,1,group_a,1
SYN-00749,21-24,Arts,82.44,55.47,4.35,0,0,group_b,0
SYN-00750,18-20,Arts,81.94,46.1,3.3,0,0,group_a,1
SYN-00751,18-20,Arts,95.8,61.94,3.26,1,0,group_a,0
SYN-00752,16-17,Arts,72.01,83.86,2.63,2,0,group_a,0
SYN-00753,18-20,Arts,81.96,41.86,2.71,1,0,group_b,0
SYN-00754,18-20,Arts,97.85,72.36,3.57,1,0,group_b,0
SYN-00755,18-20,Business,72.67,51.06,4.33,0,0,group_b,1
SYN-00756,16-17,Business,97.65,65.9,3.84,0,1,group_b,0
SYN-00757,21-24,Health,70.79,51.99,4.8,1,0,group_b,1
SYN-00758,16-17,Business,68.14,69.02,3.73,0,0,group_a,0
SYN-00759,25+,Arts,77.29,66.49,4.28,0,0,group_a,1
SYN-00760,25+,STEM,67.3,51.71,3.85,0,1,group_b,1
SYN-00761,21-24,Business,83.98,78.9,3.55,2,0,group_a,1
SYN-00762,18-20,Business,91.69,68.63,3.68,1,0,group_b,0
SYN-00763,18-20,Health,89.83,88.61,4.44,1,0,group_a,0
SYN-00764,18-20,Health,99.48,40.09,2.13,0,0,group_b,1
SYN-00765,25+,STEM,76.12,67.3,4.68,0,1,group_b,1
SYN-00766,18-20,STEM,87.46,91.41,3.78,2,0,group_b,0
SYN-00767,21-24,Arts,95.88,77.6,2.93,1,0,not_stated,0
SYN-00768,18-20,Business,92.93,81.41,4.25,0,0,group_b,0
SYN-00769,16-17,STEM,84.48,45.34,2.86,1,0,group_a,1
SYN-00770,21-24,STEM,86.13,87.87,3.37,1,0,group_b,1
SYN-00771,21-24,Health,80.7,65.81,3.37,1,0,group_b,1
SYN-00772,21-24,Health,100.0,100.0,4.08,0,0,not_stated,0
SYN-00773,16-17,Business,66.69,81.41,4.67,1,1,group_b,0
SYN-00774,16-17,Arts,67.78,45.31,2.77,1,1,not_stated,1
SYN-00775,21-24,Business,82.1,72.52,4.34,2,0,group_b,0
SYN-00776,18-20,Health,81.46,91.18,3.67,0,1,group_b,1
SYN-00777,16-17,Business,94.28,72.29,2.58,0,0,group_b,0
SYN-00778,16-17,STEM,85.42,49.24,3.97,2,0,group_a,0
SYN-00779,21-24,Arts,87.81,62.67,3.61,2,0,group_a,0
SYN-00780,16-17,Business,99.12,61.78,4.11,1,1,group_a,0
SYN-00781,18-20,STEM,80.75,100.0,3.6,1,0,group_a,0
SYN-00782,21-24,STEM,85.69,57.35,2.97,0,0,group_b,0
SYN-00783,25+,Business,79.32,85.59,2.6,0,0,group_a,0
SYN-00784,21-24,STEM,71.93,49.11,4.36,2,0,group_a,0
SYN-00785,18-20,Arts,86.12,90.08,4.64,0,0,group_b,0
SYN-00786,16-17,Business,91.47,75.91,3.84,1,0,group_a,0
SYN-00787,18-20,STEM,97.09,53.29,2.65,2,0,group_a,0
SYN-00788,18-20,Health,76.28,42.09,3.03,1,0,group_b,1
SYN-00789,21-24,Health,85.76,100.0,2.82,1,0,group_a,0
SYN-00790,25+,Arts,77.86,86.38,3.1,0,0,group_b,0
SYN-00791,21-24,STEM,97.93,60.26,3.92,1,0,group_b,1
SYN-00792,25+,STEM,63.84,50.13,3.79,1,0,group_b,1
SYN-00793,21-24,Health,80.93,52.47,3.27,0,1,group_b,0
SYN-00794,21-24,Arts,62.57,74.94,3.88,1,1,not_stated,0
SYN-00795,18-20,Health,88.55,69.64,3.2,1,0,group_b,0
SYN-00796,21-24,STEM,100.0,56.65,3.74,0,0,group_a,0
SYN-00797,16-17,Business,70.51,68.6,3.57,1,0,group_a,0
SYN-00798,21-24,STEM,97.91,56.74,3.74,0,0,not_stated,0
SYN-00799,21-24,Arts,79.26,52.77,4.86,2,0,group_a,1
SYN-00800,16-17,Health,90.1,53.98,4.35,1,0,not_stated,0
SYN-00801,25+,STEM,85.79,78.18,4.27,1,0,group_a,0
SYN-00802,21-24,STEM,77.31,61.84,2.36,0,0,not_stated,0
SYN-00803,18-20,Business,100.0,68.64,3.52,2,0,group_a,0
SYN-00804,21-24,STEM,68.72,76.32,2.32,2,0,group_a,1
SYN-00805,18-20,Business,81.5,70.83,2.99,1,0,group_b,0
SYN-00806,21-24,Arts,88.97,90.61,3.09,1,0,group_b,0
SYN-00807,25+,Business,84.39,73.67,3.83,1,1,not_stated,0
SYN-00808,25+,Business,74.27,87.26,3.43,0,0,group_a,0
SYN-00809,18-20,Health,100.0,72.38,5.0,1,1,group_a,0
SYN-00810,21-24,Arts,86.5,60.46,3.08,1,0,group_b,0
SYN-00811,18-20,Health,100.0,52.6,3.92,1,0,group_a,0
SYN-00812,25+,Health,85.06,83.65,3.88,2,1,group_a,1
SYN-00813,25+,STEM,72.26,68.01,3.28,0,0,group_a,0
SYN-00814,21-24,Business,88.72,81.93,2.4,2,0,group_b,1
SYN-00815,21-24,Arts,79.16,65.23,2.91,0,0,group_b,0
SYN-00816,18-20,Health,80.97,55.49,1.32,0,0,group_b,0
SYN-00817,21-24,Health,90.51,95.33,3.96,0,0,group_b,0
SYN-00818,21-24,Arts,83.92,87.0,4.42,0,0,group_b,0
SYN-00819,25+,Health,94.17,45.16,3.19,0,0,group_a,0
SYN-00820,18-20,Business,67.88,69.47,5.0,1,0,group_a,0
SYN-00821,21-24,STEM,93.38,61.11,4.08,0,0,group_a,0
SYN-00822,25+,Business,76.73,53.09,2.75,0,0,group_a,0
SYN-00823,16-17,Health,79.63,87.26,3.61,0,0,group_a,0
SYN-00824,25+,STEM,71.31,86.46,3.93,1,0,group_b,0
SYN-00825,25+,Arts,82.35,75.05,3.43,0,0,group_b,0
SYN-00826,21-24,Business,86.53,52.0,4.01,1,0,group_b,0
SYN-00827,16-17,Health,92.2,43.24,2.93,1,0,group_b,0
SYN-00828,21-24,Business,74.19,67.72,4.2,0,1,group_a,0
SYN-00829,16-17,Arts,89.45,86.77,4.31,0,0,group_a,0
SYN-00830,21-24,STEM,82.09,86.96,2.25,1,0,group_a,0
SYN-00831,18-20,Business,70.75,63.06,3.4,3,0,group_a,0
SYN-00832,21-24,Business,76.5,62.78,4.4,1,0,not_stated,1
SYN-00833,25+,Health,93.54,87.03,3.79,1,0,group_b,0
SYN-00834,16-17,STEM,87.29,52.57,5.0,1,0,group_b,0
SYN-00835,18-20,Business,90.46,52.57,4.21,1,0,group_b,1
SYN-00836,18-20,Health,83.73,74.31,3.04,1,0,group_a,0
SYN-00837,16-17,Business,63.14,60.8,4.76,1,0,group_a,1
SYN-00838,21-24,STEM,97.61,69.3,3.86,0,0,group_a,0
SYN-00839,21-24,Health,84.6,97.96,4.82,2,0,group_b,0
SYN-00840,25+,Business,77.52,85.33,3.29,1,0,group_b,0
SYN-00841,21-24,Health,87.52,69.32,2.77,2,0,group_b,0
SYN-00842,25+,Business,79.08,45.36,3.94,0,0,group_b,0
SYN-00843,16-17,Health,82.1,68.68,3.63,0,0,group_a,1
SYN-00844,16-17,Arts,76.87,52.62,3.44,0,0,group_b,0
SYN-00845,18-20,Health,87.02,76.19,4.76,0,0,group_a,0
SYN-00846,18-20,Health,78.49,74.8,1.93,0,0,group_a,0
SYN-00847,21-24,Business,79.3,72.71,2.33,1,0,group_b,0
SYN-00848,16-17,Arts,80.24,30.12,3.93,1,0,group_b,1
SYN-00849,18-20,Business,88.59,65.05,1.68,1,0,group_a,0
SYN-00850,21-24,Arts,89.17,81.79,3.0,0,1,group_b,0
SYN-00851,18-20,Business,66.08,52.31,2.6,2,1,group_a,0
SYN-00852,16-17,Arts,77.34,55.62,3.74,1,1,not_stated,0
SYN-00853,16-17,Business,79.85,45.99,3.34,2,0,group_a,0
SYN-00854,18-20,Business,85.67,86.69,2.52,2,1,group_b,0
SYN-00855,18-20,Business,88.82,100.0,3.13,0,0,group_b,0
SYN-00856,18-20,Health,83.44,57.15,3.03,0,0,group_b,1
SYN-00857,25+,Health,75.39,72.51,2.13,1,0,group_a,0
SYN-00858,25+,Arts,82.17,29.78,4.35,0,0,group_a,0
SYN-00859,21-24,Arts,93.49,64.27,1.65,0,0,not_stated,1
SYN-00860,18-20,STEM,92.68,56.7,3.32,0,0,group_a,1
SYN-00861,25+,Health,81.75,70.0,4.27,1,1,group_b,1
SYN-00862,18-20,Health,86.46,83.47,5.0,2,0,group_a,1
SYN-00863,16-17,Health,85.29,62.88,3.49,4,0,group_a,0
SYN-00864,18-20,Business,92.31,63.69,4.3,2,0,group_b,0
SYN-00865,21-24,Health,95.26,72.55,3.89,0,0,group_b,0
SYN-00866,21-24,STEM,87.64,86.3,2.79,0,0,group_a,0
SYN-00867,18-20,Health,75.2,73.53,3.1,1,0,group_b,0
SYN-00868,18-20,Business,90.59,78.95,2.46,2,0,group_a,0
SYN-00869,18-20,Business,78.08,69.09,4.1,0,0,group_a,0
SYN-00870,18-20,STEM,85.85,92.03,2.81,0,1,group_b,0
SYN-00871,18-20,Business,100.0,67.23,3.96,1,0,group_b,0
SYN-00872,18-20,Arts,84.21,78.66,3.9,0,1,group_a,0
SYN-00873,21-24,Business,82.14,71.26,3.15,0,1,group_b,1
SYN-00874,25+,STEM,88.14,69.4,3.45,0,0,group_b,0
SYN-00875,21-24,Arts,80.25,90.73,2.79,1,0,group_b,0
SYN-00876,21-24,Arts,76.85,69.12,3.89,0,0,not_stated,0
SYN-00877,18-20,STEM,85.27,47.63,3.54,0,0,group_b,0
SYN-00878,21-24,Arts,88.12,82.17,3.14,0,0,group_b,0
SYN-00879,16-17,Arts,86.27,78.51,3.74,0,0,group_b,0
SYN-00880,16-17,STEM,69.18,100.0,2.73,2,0,group_a,0
SYN-00881,21-24,Health,74.4,60.88,4.14,0,0,group_a,0
SYN-00882,21-24,STEM,97.69,64.43,4.8,2,0,group_a,0
SYN-00883,21-24,STEM,74.61,74.69,2.74,1,0,group_a,0
SYN-00884,16-17,Business,54.72,60.23,2.87,0,1,group_b,1
SYN-00885,25+,Health,92.99,60.99,2.86,1,0,group_a,0
SYN-00886,21-24,Business,77.36,65.24,4.74,0,0,group_b,0
SYN-00887,16-17,Business,82.42,66.07,2.97,1,0,not_stated,0
SYN-00888,16-17,Business,88.47,63.4,3.61,0,0,group_b,0
SYN-00889,21-24,Health,86.83,56.76,2.56,1,0,group_a,0
SYN-00890,18-20,STEM,96.76,93.69,3.94,2,0,not_stated,0
SYN-00891,18-20,Arts,68.27,82.63,3.57,0,0,group_a,0
SYN-00892,18-20,Arts,77.65,95.3,3.31,1,0,not_stated,0
SYN-00893,16-17,Health,99.64,42.71,3.47,1,0,group_a,1
SYN-00894,18-20,Business,88.38,67.28,3.35,0,0,group_b,0
SYN-00895,18-20,Business,97.67,79.82,2.93,1,0,not_stated,0
SYN-00896,18-20,Arts,89.56,65.91,3.5,0,0,group_a,0
SYN-00897,16-17,Business,60.99,76.0,4.55,2,0,group_a,0
SYN-00898,21-24,Arts,100.0,27.58,2.98,0,1,group_a,1
SYN-00899,16-17,Business,96.35,69.16,3.72,0,0,group_a,0
SYN-00900,18-20,Arts,75.06,71.37,2.79,0,0,group_a,0
SYN-00901,21-24,STEM,87.06,43.46,3.41,0,0,group_b,1
SYN-00902,21-24,Health,65.21,70.64,2.59,1,1,group_b,1
SYN-00903,18-20,Arts,86.74,72.92,3.54,0,0,group_a,0
SYN-00904,18-20,Arts,85.7,87.63,3.78,2,0,group_b,0
SYN-00905,21-24,STEM,87.63,78.85,4.03,1,1,group_b,0
SYN-00906,18-20,STEM,82.55,71.71,2.48,0,1,group_a,0
SYN-00907,21-24,Business,91.57,77.2,4.29,0,1,group_b,0
SYN-00908,21-24,Business,81.52,82.71,5.0,0,0,group_b,1
SYN-00909,16-17,STEM,69.55,95.11,4.38,0,1,group_b,1
SYN-00910,21-24,Arts,89.48,66.41,2.67,0,0,group_a,0
SYN-00911,21-24,Health,78.86,73.4,3.37,0,1,group_b,1
SYN-00912,25+,Health,88.9,68.28,3.64,0,0,group_a,0
SYN-00913,16-17,Health,85.66,63.68,4.43,0,1,group_a,0
SYN-00914,18-20,Business,81.12,87.76,4.58,0,0,group_b,0
SYN-00915,18-20,Health,74.05,76.0,3.56,1,0,not_stated,0
SYN-00916,16-17,Business,83.96,68.14,1.62,1,0,group_a,1
SYN-00917,18-20,Arts,82.62,69.82,3.09,3,1,group_a,1
SYN-00918,18-20,Health,82.34,31.15,3.01,1,1,group_a,1
SYN-00919,18-20,Business,72.21,67.17,2.9,0,0,group_b,0
SYN-00920,25+,Business,78.28,80.74,3.04,0,0,group_a,0
SYN-00921,25+,STEM,80.53,47.3,3.84,0,0,group_a,1
SYN-00922,18-20,Arts,77.62,86.81,3.91,1,0,group_b,0
SYN-00923,21-24,Health,100.0,80.16,3.38,1,0,group_b,0
SYN-00924,18-20,STEM,78.23,100.0,2.79,1,0,group_a,0
SYN-00925,25+,Business,86.66,63.38,3.69,1,0,group_b,0
SYN-00926,18-20,STEM,90.15,53.15,4.63,2,0,group_b,0
SYN-00927,18-20,STEM,82.63,82.87,3.21,0,1,group_b,0
SYN-00928,21-24,Health,79.67,57.15,3.94,0,0,not_stated,0
SYN-00929,25+,Business,87.76,66.5,3.37,1,0,group_b,0
SYN-00930,16-17,Health,82.38,70.79,5.0,0,1,group_a,0
SYN-00931,21-24,Business,82.8,83.6,2.64,1,0,group_a,0
SYN-00932,16-17,Arts,72.6,70.03,4.46,1,1,group_a,0
SYN-00933,25+,Health,84.01,45.56,4.26,0,0,group_b,0
SYN-00934,18-20,Health,79.82,76.45,4.88,1,0,group_b,0
SYN-00935,16-17,Business,87.53,47.05,3.94,0,0,group_a,1
SYN-00936,18-20,Business,97.11,61.78,5.0,0,0,group_b,0
SYN-00937,25+,STEM,86.77,76.15,3.15,2,0,group_a,0
SYN-00938,18-20,STEM,89.86,79.66,2.43,1,0,group_a,1
SYN-00939,21-24,STEM,94.85,64.88,2.91,1,0,group_a,0
SYN-00940,18-20,Business,87.51,96.33,4.57,3,0,group_b,1
SYN-00941,18-20,Business,90.15,48.3,3.21,0,0,group_b,0
SYN-00942,16-17,STEM,78.83,66.39,3.73,0,0,group_a,0
SYN-00943,18-20,Health,75.4,55.48,3.08,1,0,group_a,0
SYN-00944,16-17,Business,89.79,88.15,5.0,0,0,group_b,0
SYN-00945,16-17,Business,79.47,92.63,2.82,1,0,group_b,0
SYN-00946,21-24,Health,96.01,98.56,5.0,0,1,group_b,0
SYN-00947,16-17,Arts,73.98,64.97,5.0,1,0,group_a,0
SYN-00948,18-20,Health,90.7,58.48,2.48,0,0,group_b,0
SYN-00949,18-20,Health,88.97,62.77,3.39,1,0,group_b,0
SYN-00950,16-17,Health,81.49,75.78,2.85,0,0,group_a,0
SYN-00951,18-20,STEM,85.89,72.32,5.0,0,0,group_a,0
SYN-00952,18-20,Arts,86.56,69.79,3.35,0,1,group_b,0
SYN-00953,25+,Business,80.03,79.56,3.73,1,0,group_b,0
SYN-00954,21-24,Health,79.79,57.16,2.64,0,0,group_a,0
SYN-00955,25+,STEM,79.66,87.64,3.13,0,0,group_a,1
SYN-00956,21-24,Business,76.44,64.48,3.09,0,0,group_a,0
SYN-00957,16-17,STEM,73.16,79.27,3.73,0,0,group_a,0
SYN-00958,25+,Health,71.75,96.06,3.35,5,0,group_b,0
SYN-00959,18-20,Business,73.77,58.09,2.7,0,0,group_a,1
SYN-00960,21-24,Arts,54.25,79.38,2.28,1,0,group_a,0
SYN-00961,16-17,STEM,96.23,62.21,3.46,3,0,group_a,0
SYN-00962,18-20,STEM,94.2,34.96,4.75,0,0,group_a,1
SYN-00963,16-17,Business,68.23,86.66,2.79,2,0,group_b,1
SYN-00964,25+,Health,85.13,82.59,3.81,1,0,group_a,0
SYN-00965,25+,STEM,72.88,83.65,4.07,1,0,group_b,0
SYN-00966,21-24,Business,57.84,67.7,4.22,0,0,group_a,1
SYN-00967,25+,Business,68.01,47.8,3.48,0,0,group_a,0
SYN-00968,16-17,STEM,94.01,70.51,3.62,2,0,group_b,1
SYN-00969,18-20,STEM,98.59,65.8,2.98,0,0,group_b,0
SYN-00970,18-20,Arts,89.41,77.93,3.18,1,0,group_b,0
SYN-00971,18-20,Business,66.12,86.93,3.55,0,0,group_a,0
SYN-00972,16-17,Business,100.0,78.42,2.36,0,1,group_a,0
SYN-00973,18-20,Arts,70.2,68.88,2.23,2,0,group_b,1
SYN-00974,25+,STEM,79.79,54.24,3.39,0,0,group_a,0
SYN-00975,16-17,Arts,100.0,70.99,3.92,1,0,group_a,0
SYN-00976,18-20,Health,71.23,63.43,4.23,1,0,not_stated,0
SYN-00977,18-20,STEM,80.73,77.48,4.31,0,0,group_b,0
SYN-00978,25+,Arts,95.56,92.29,3.8,0,0,group_b,1
SYN-00979,16-17,STEM,100.0,58.26,4.01,0,0,group_a,0
SYN-00980,18-20,STEM,84.8,69.25,2.9,1,0,group_b,0
SYN-00981,18-20,Health,79.09,46.42,2.95,0,0,group_a,1
SYN-00982,18-20,Business,90.12,79.97,4.49,0,1,group_a,0
SYN-00983,18-20,STEM,77.65,63.41,3.83,0,0,group_b,0
SYN-00984,16-17,Arts,85.34,84.75,3.22,2,0,group_a,1
SYN-00985,18-20,Health,100.0,51.68,3.26,1,0,not_stated,0
SYN-00986,25+,STEM,90.66,87.46,3.91,1,0,group_b,0
SYN-00987,18-20,Health,99.32,62.5,3.63,2,1,group_b,0
SYN-00988,18-20,Business,94.97,48.81,2.44,1,0,group_b,0
SYN-00989,18-20,Health,78.71,55.95,4.34,1,0,group_b,0
SYN-00990,18-20,Business,87.26,82.52,2.93,0,1,group_b,0
SYN-00991,21-24,Arts,87.62,83.74,4.14,1,0,group_b,0
SYN-00992,18-20,Arts,92.86,45.92,3.12,1,0,group_a,1
SYN-00993,16-17,Business,100.0,78.38,3.31,2,0,group_a,0
SYN-00994,21-24,Business,91.02,47.35,1.95,0,0,group_a,0
SYN-00995,18-20,Arts,89.27,77.79,4.4,1,0,not_stated,0
SYN-00996,25+,Business,98.68,83.0,3.1,2,1,group_b,0
SYN-00997,18-20,Arts,96.05,62.84,3.43,0,0,group_b,0
SYN-00998,21-24,Business,90.66,41.91,3.22,1,0,group_a,1
SYN-00999,25+,Arts,91.59,45.46,2.62,0,0,group_a,0
SYN-01000,21-24,STEM,89.45,50.56,4.08,0,0,group_a,0
SYN-01001,16-17,Arts,92.32,88.25,4.96,0,1,group_b,1
SYN-01002,21-24,Business,78.75,67.25,2.62,0,0,group_b,0
SYN-01003,25+,Business,86.54,52.05,2.91,1,0,group_b,0
SYN-01004,16-17,Business,89.4,78.74,2.47,0,0,group_b,0
SYN-01005,16-17,STEM,100.0,74.56,2.47,0,0,group_a,0
SYN-01006,18-20,Business,85.18,83.02,4.56,0,0,group_a,0
SYN-01007,18-20,STEM,85.85,89.5,5.0,2,0,group_a,0
SYN-01008,18-20,Business,79.89,21.78,2.59,1,0,group_b,1
SYN-01009,16-17,STEM,60.46,38.51,3.97,0,0,group_b,1
SYN-01010,16-17,Health,69.21,66.01,1.61,0,0,group_a,0
SYN-01011,18-20,Business,92.33,61.71,4.47,0,0,group_b,0
SYN-01012,18-20,Arts,96.81,71.18,4.15,0,0,group_b,0
SYN-01013,18-20,STEM,73.1,61.13,3.63,1,0,group_b,0
SYN-01014,18-20,Business,96.11,59.25,4.8,0,0,group_b,0
SYN-01015,18-20,Business,82.48,42.85,2.66,0,0,group_b,1
SYN-01016,16-17,Health,93.58,88.79,2.69,1,0,group_b,0
SYN-01017,21-24,STEM,82.11,68.38,3.49,1,0,group_a,0
SYN-01018,16-17,Arts,100.0,37.6,2.39,1,0,group_a,1
SYN-01019,16-17,Business,77.81,46.39,3.36,1,0,not_stated,0
SYN-01020,18-20,Business,76.95,40.2,3.64,2,0,group_a,0
SYN-01021,16-17,STEM,66.12,74.0,2.59,4,0,group_b,1
SYN-01022,16-17,Business,84.42,93.72,1.78,2,0,group_b,0
SYN-01023,21-24,Health,81.27,77.4,3.44,0,0,group_b,0
SYN-01024,21-24,Health,92.52,60.19,3.47,0,0,group_a,0
SYN-01025,25+,STEM,63.33,63.54,4.39,1,0,group_a,0
SYN-01026,16-17,Business,86.66,71.96,3.26,0,1,group_a,1
SYN-01027,25+,Business,84.8,62.19,2.69,1,0,group_a,0
SYN-01028,18-20,Arts,100.0,82.28,1.95,0,0,group_b,1
SYN-01029,25+,STEM,91.23,59.06,4.36,0,1,group_a,0
SYN-01030,16-17,STEM,93.31,53.57,4.21,0,0,group_a,0
SYN-01031,25+,Health,75.55,42.04,3.12,0,0,group_a,0
SYN-01032,18-20,Arts,78.12,78.09,2.92,0,0,group_b,0
SYN-01033,16-17,Arts,80.42,58.71,2.63,1,0,group_b,1
SYN-01034,18-20,Arts,97.72,39.02,2.21,2,1,group_b,1
SYN-01035,25+,Health,85.09,56.46,5.0,2,0,group_b,0
SYN-01036,18-20,STEM,78.22,68.97,5.0,2,0,group_a,0
SYN-01037,18-20,Arts,73.81,47.38,3.6,0,0,group_a,1
SYN-01038,18-20,Business,93.91,63.28,2.96,0,0,not_stated,0
SYN-01039,21-24,Business,80.95,72.95,3.28,2,0,group_b,0
SYN-01040,18-20,Arts,87.97,39.0,3.55,0,0,group_a,1
SYN-01041,18-20,Health,100.0,64.21,3.13,2,0,group_b,0
SYN-01042,18-20,Business,83.14,62.68,4.15,2,0,group_a,1
SYN-01043,16-17,Business,85.36,54.77,3.52,0,0,group_b,0
SYN-01044,16-17,Business,100.0,56.32,4.17,1,0,group_b,0
SYN-01045,25+,Health,76.39,48.5,3.92,0,0,group_b,0
SYN-01046,21-24,Arts,80.68,37.54,3.14,1,1,group_b,1
SYN-01047,16-17,Health,67.18,48.22,2.89,0,0,group_b,1
SYN-01048,18-20,STEM,72.3,55.34,2.84,0,0,group_a,1
SYN-01049,18-20,Arts,85.89,75.1,3.23,0,0,group_b,0
SYN-01050,16-17,Arts,78.8,93.59,3.55,1,0,group_a,0
SYN-01051,18-20,Business,97.36,77.9,2.24,0,1,group_a,0
SYN-01052,21-24,Business,100.0,100.0,2.35,0,1,group_b,0
SYN-01053,18-20,Arts,74.81,68.21,3.56,1,0,group_a,1
SYN-01054,25+,Business,75.6,97.03,3.48,0,1,group_b,0
SYN-01055,18-20,STEM,84.45,54.9,3.38,0,1,group_a,1
SYN-01056,16-17,Arts,74.0,78.24,4.22,0,0,group_b,0
SYN-01057,18-20,Arts,93.69,81.98,5.0,0,0,not_stated,0
SYN-01058,25+,STEM,74.87,62.65,2.17,0,0,not_stated,0
SYN-01059,21-24,STEM,87.06,83.77,1.72,2,0,group_a,1
SYN-01060,21-24,STEM,73.37,61.21,2.53,2,0,group_a,0
SYN-01061,16-17,Arts,79.54,78.23,4.08,0,0,group_a,0
SYN-01062,16-17,STEM,73.9,60.8,3.01,1,0,group_b,0
SYN-01063,21-24,Business,84.13,67.38,2.34,0,0,group_a,0
SYN-01064,25+,Business,88.34,73.13,2.94,2,0,group_a,1
SYN-01065,16-17,Arts,99.64,69.8,3.59,1,0,group_a,0
SYN-01066,18-20,STEM,68.47,62.16,3.1,1,0,group_b,0
SYN-01067,25+,Health,81.93,73.27,4.36,3,0,group_b,0
SYN-01068,18-20,Health,75.78,84.29,4.41,0,0,group_b,0
SYN-01069,16-17,Business,88.26,55.96,3.55,2,0,group_a,0
SYN-01070,21-24,Health,88.32,78.61,4.4,1,0,group_a,0
SYN-01071,16-17,Business,84.48,76.46,3.32,0,0,group_b,0
SYN-01072,18-20,Health,87.65,62.95,3.48,2,0,group_b,1
SYN-01073,25+,Business,79.35,50.3,2.14,0,0,group_b,0
SYN-01074,16-17,Health,98.94,58.28,4.55,1,1,group_b,0
SYN-01075,18-20,Business,84.4,68.19,3.38,1,0,group_b,0
SYN-01076,18-20,Business,87.57,77.87,2.4,2,1,group_b,0
SYN-01077,18-20,STEM,75.93,73.01,5.0,1,0,group_b,0
SYN-01078,16-17,Health,87.49,78.73,3.14,1,0,group_a,0
SYN-01079,18-20,Business,97.6,60.0,3.09,0,0,group_a,0
SYN-01080,21-24,Arts,96.26,33.5,3.79,2,1,group_b,0
SYN-01081,21-24,Business,72.84,80.66,3.77,0,0,group_b,0
SYN-01082,16-17,Business,73.91,71.81,4.52,0,1,group_a,1
SYN-01083,21-24,STEM,75.57,69.04,2.21,1,0,group_a,1
SYN-01084,18-20,Arts,76.22,67.93,2.24,1,0,group_a,0
SYN-01085,25+,Arts,85.52,84.55,4.84,1,0,group_b,0
SYN-01086,21-24,Health,88.63,84.74,3.34,0,1,group_b,1
SYN-01087,25+,Health,65.06,54.72,2.78,1,0,group_a,1
SYN-01088,21-24,Health,79.45,62.1,2.97,1,0,group_a,1
SYN-01089,16-17,Business,100.0,64.02,3.48,0,0,group_a,0
SYN-01090,25+,Business,83.32,78.47,2.28,0,1,group_b,1
SYN-01091,21-24,STEM,99.08,66.88,3.52,0,0,group_b,0
SYN-01092,16-17,Arts,74.03,71.74,2.74,0,0,group_b,0
SYN-01093,16-17,Arts,89.85,96.45,3.01,1,0,group_b,1
SYN-01094,21-24,Business,96.57,63.58,4.2,1,0,group_a,0
SYN-01095,21-24,Arts,75.55,77.24,4.12,0,0,group_a,0
SYN-01096,21-24,Business,65.78,85.24,2.99,0,0,group_b,0
SYN-01097,18-20,Arts,90.55,93.14,3.4,2,0,group_b,0
SYN-01098,21-24,STEM,81.16,61.27,4.21,0,0,group_a,0
SYN-01099,21-24,STEM,81.89,60.37,3.14,1,1,group_a,0
SYN-01100,21-24,STEM,60.95,57.44,4.15,0,0,group_b,1
SYN-01101,18-20,Arts,79.01,53.34,3.09,0,0,group_a,0
SYN-01102,16-17,STEM,56.04,46.96,3.73,0,0,group_a,1
SYN-01103,18-20,Business,73.23,57.7,5.0,1,1,group_b,1
SYN-01104,21-24,Arts,86.82,60.53,2.95,1,0,group_b,0
SYN-01105,18-20,Arts,88.56,94.04,3.76,0,0,group_a,0
SYN-01106,21-24,Health,86.78,69.28,4.77,0,0,group_b,0
SYN-01107,18-20,Business,100.0,63.93,2.68,0,1,group_a,0
SYN-01108,16-17,Health,98.1,65.77,5.0,2,1,group_a,0
SYN-01109,18-20,Business,65.71,73.65,2.77,0,0,group_a,0
SYN-01110,21-24,Health,89.98,66.65,4.01,0,0,group_b,0
SYN-01111,16-17,STEM,89.66,76.79,3.66,1,0,group_b,0
SYN-01112,21-24,Business,100.0,69.83,4.17,0,0,group_a,0
SYN-01113,21-24,Business,82.8,51.78,2.71,2,0,not_stated,1
SYN-01114,21-24,Health,64.09,65.07,3.9,1,0,group_b,1
SYN-01115,18-20,Arts,74.84,51.67,2.33,0,0,group_b,1
SYN-01116,18-20,Arts,78.71,63.02,2.79,0,1,group_b,1
SYN-01117,25+,Health,73.36,66.31,3.51,0,1,group_b,0
SYN-01118,21-24,STEM,96.68,86.27,2.41,2,1,group_a,0
SYN-01119,16-17,Health,86.17,58.09,3.48,1,0,group_b,0
SYN-01120,21-24,Business,82.46,62.7,3.59,2,0,group_b,1
SYN-01121,18-20,Health,82.17,45.5,2.6,0,0,group_b,0
SYN-01122,25+,Arts,86.51,61.24,3.85,0,0,group_b,0
SYN-01123,25+,Health,78.95,68.08,3.05,2,0,group_b,0
SYN-01124,18-20,Arts,85.81,86.12,2.18,0,0,group_b,1
SYN-01125,16-17,STEM,78.62,71.72,2.38,0,0,group_a,1
SYN-01126,18-20,STEM,79.08,37.39,2.38,0,0,group_b,1
SYN-01127,25+,Business,90.2,70.95,4.53,0,1,not_stated,0
SYN-01128,18-20,Health,91.05,66.71,4.29,1,0,group_a,0
SYN-01129,18-20,STEM,72.05,77.7,3.89,1,0,not_stated,1
SYN-01130,25+,Arts,72.65,59.37,3.78,1,0,group_b,0
SYN-01131,21-24,Arts,70.33,67.82,2.66,2,0,not_stated,0
SYN-01132,18-20,Health,91.7,50.74,2.86,1,1,group_a,1
SYN-01133,25+,STEM,89.98,49.86,3.5,2,0,group_a,1
SYN-01134,16-17,Business,83.6,93.03,3.33,1,0,group_b,0
SYN-01135,16-17,Business,76.6,87.8,3.18,0,0,not_stated,0
SYN-01136,18-20,Health,84.45,59.7,3.34,1,0,group_b,0
SYN-01137,16-17,Business,87.04,75.23,3.17,2,0,group_b,0
SYN-01138,16-17,Arts,79.59,57.49,2.59,0,1,group_b,0
SYN-01139,25+,Business,100.0,47.49,3.8,1,0,group_a,1
SYN-01140,21-24,Health,96.29,87.1,2.4,2,0,group_b,0
SYN-01141,25+,STEM,96.18,66.69,2.78,0,0,group_a,0
SYN-01142,25+,Business,88.29,92.02,2.37,0,0,group_b,0
SYN-01143,16-17,STEM,81.39,59.68,3.53,0,0,group_b,0
SYN-01144,16-17,STEM,88.13,62.79,3.24,1,0,group_a,1
SYN-01145,16-17,Business,79.28,81.76,4.36,2,0,group_a,1
SYN-01146,21-24,STEM,82.66,70.5,3.93,0,0,group_a,0
SYN-01147,21-24,Arts,67.58,67.25,4.19,0,0,group_a,0
SYN-01148,21-24,STEM,88.72,87.5,3.41,1,1,group_a,0
SYN-01149,21-24,Business,80.0,89.74,4.71,0,0,group_b,0
SYN-01150,16-17,Health,70.12,87.92,3.88,0,0,group_a,0
SYN-01151,18-20,Arts,75.66,100.0,3.09,0,0,group_b,0
SYN-01152,18-20,Health,87.07,52.84,4.64,0,1,group_a,0
SYN-01153,16-17,Business,82.83,67.91,3.48,1,0,not_stated,0
SYN-01154,18-20,Arts,76.32,70.02,4.69,1,0,group_b,0
SYN-01155,18-20,Health,63.83,71.01,2.1,2,0,group_b,1
SYN-01156,16-17,STEM,76.56,89.48,4.73,0,0,group_a,0
SYN-01157,16-17,Business,83.42,74.95,3.73,2,0,group_b,1
SYN-01158,21-24,Business,68.29,59.84,3.8,0,0,group_a,0
SYN-01159,18-20,Business,77.24,93.2,2.93,1,0,group_b,0
SYN-01160,16-17,Health,88.88,64.25,3.35,2,1,group_b,0
SYN-01161,21-24,Health,81.44,54.56,2.67,0,0,group_a,0
SYN-01162,21-24,Business,84.72,60.94,3.79,2,0,group_a,0
SYN-01163,18-20,Health,96.19,78.47,3.67,1,1,group_b,0
SYN-01164,18-20,Arts,87.23,50.01,3.72,1,0,group_b,1
SYN-01165,21-24,Arts,80.89,58.01,3.09,0,0,group_b,1
SYN-01166,25+,Health,71.04,68.42,3.43,0,1,group_b,1
SYN-01167,21-24,Health,83.84,62.76,5.0,3,0,group_a,0
SYN-01168,21-24,Health,84.66,48.53,3.87,0,0,group_b,0
SYN-01169,25+,Business,81.81,32.82,3.01,1,1,group_b,1
SYN-01170,21-24,Arts,77.36,70.92,3.44,0,0,group_b,0
SYN-01171,21-24,Business,91.79,51.38,3.39,3,0,group_b,1
SYN-01172,18-20,Arts,81.2,56.56,2.97,2,0,group_a,0
SYN-01173,25+,Arts,92.36,59.97,3.52,0,1,group_b,1
SYN-01174,18-20,Health,96.99,58.48,4.0,1,0,group_b,0
SYN-01175,18-20,Arts,82.06,72.25,3.37,0,0,group_b,0
SYN-01176,18-20,Business,94.02,100.0,5.0,3,0,group_a,0
SYN-01177,16-17,STEM,87.5,40.74,3.05,1,0,group_a,1
SYN-01178,16-17,Business,75.4,84.59,4.43,2,0,group_a,1
SYN-01179,18-20,STEM,70.28,68.05,3.0,2,0,not_stated,0
SYN-01180,18-20,Health,99.97,80.29,4.39,0,0,group_b,0
SYN-01181,21-24,Arts,86.99,82.47,2.73,0,0,group_b,0
SYN-01182,18-20,Health,76.27,88.18,3.14,1,0,group_b,0
SYN-01183,21-24,Health,89.06,75.16,4.16,2,0,group_a,1
SYN-01184,16-17,Health,68.04,70.8,3.21,1,0,group_a,1
SYN-01185,18-20,STEM,75.66,78.39,4.5,0,0,group_b,0
SYN-01186,18-20,Business,88.55,63.53,4.22,0,0,not_stated,0
SYN-01187,25+,Business,78.41,80.68,4.76,0,0,group_b,0
SYN-01188,25+,Business,74.96,56.03,2.6,0,0,group_b,0
SYN-01189,21-24,STEM,100.0,69.16,3.49,1,0,group_a,1
SYN-01190,18-20,Health,88.7,51.85,5.0,1,0,group_b,0
SYN-01191,25+,STEM,98.61,50.8,2.44,1,0,group_b,0
SYN-01192,18-20,Business,85.32,68.28,3.86,0,0,group_b,0
SYN-01193,18-20,Health,63.52,54.99,3.36,1,0,not_stated,0
SYN-01194,21-24,STEM,95.79,60.0,3.68,1,1,group_a,1
SYN-01195,18-20,STEM,78.52,70.62,2.96,0,1,group_b,0
SYN-01196,18-20,Health,83.7,59.82,4.16,0,0,group_b,1
SYN-01197,16-17,Business,88.93,70.99,3.62,0,1,group_b,1
SYN-01198,21-24,Health,90.54,78.39,3.14,2,0,group_a,0
SYN-01199,18-20,Health,62.48,65.09,3.38,0,0,group_b,1
SYN-01200,21-24,Business,86.92,65.89,4.84,1,0,group_b,0
SYN-01201,18-20,STEM,91.09,66.43,2.93,2,0,group_b,0
SYN-01202,21-24,Business,84.68,64.9,3.41,0,0,group_a,0
SYN-01203,21-24,Arts,85.62,56.78,2.94,2,1,group_a,0
SYN-01204,21-24,Arts,92.4,100.0,3.92,0,0,group_b,0
SYN-01205,16-17,Arts,76.89,69.18,3.6,1,0,group_a,0
SYN-01206,16-17,Health,72.67,85.82,4.19,0,1,group_b,0
SYN-01207,16-17,STEM,94.32,86.59,4.31,0,1,group_b,0
SYN-01208,16-17,STEM,77.74,76.84,2.6,0,0,group_b,0
SYN-01209,25+,STEM,78.3,60.4,3.46,2,0,group_a,0
SYN-01210,18-20,Arts,98.63,62.15,3.49,0,1,group_a,0
SYN-01211,21-24,Business,91.16,59.94,3.9,0,0,group_b,0
SYN-01212,18-20,Health,70.0,45.71,4.45,0,0,group_b,0
SYN-01213,25+,Business,77.14,59.67,3.52,0,1,group_a,1
SYN-01214,25+,Business,75.68,48.91,4.97,0,0,group_a,0
SYN-01215,18-20,Health,86.59,68.09,1.74,1,0,group_b,0
SYN-01216,16-17,Arts,86.26,72.75,3.21,1,0,group_a,0
SYN-01217,18-20,Arts,79.02,36.15,3.39,1,1,group_b,1
SYN-01218,18-20,Business,70.7,69.1,2.73,1,1,group_a,1
SYN-01219,18-20,Business,87.67,95.71,3.72,1,0,group_b,0
SYN-01220,21-24,Business,68.4,62.86,3.56,0,1,group_b,1
SYN-01221,16-17,Business,88.58,62.38,4.0,1,1,not_stated,0
SYN-01222,18-20,STEM,95.27,61.01,2.44,0,0,group_a,0
SYN-01223,16-17,Arts,83.2,60.55,4.51,0,1,group_b,0
SYN-01224,18-20,Health,74.53,30.34,4.34,1,0,group_b,1
SYN-01225,16-17,STEM,82.29,89.17,3.39,1,1,not_stated,0
SYN-01226,18-20,STEM,92.34,61.0,4.25,0,0,group_a,0
SYN-01227,21-24,STEM,67.16,73.54,3.81,2,0,group_a,1
SYN-01228,16-17,Arts,100.0,46.27,3.06,0,0,group_b,0
SYN-01229,21-24,Arts,80.08,93.77,3.34,0,1,group_b,1
SYN-01230,25+,Health,73.09,68.6,2.99,1,0,not_stated,1
SYN-01231,21-24,Business,80.85,48.68,4.12,1,0,group_b,1
SYN-01232,16-17,STEM,65.14,67.61,2.41,1,0,group_a,1
SYN-01233,25+,Business,67.89,88.1,1.48,0,0,group_a,0
SYN-01234,18-20,Health,90.21,89.73,3.63,1,0,group_b,0
SYN-01235,21-24,STEM,81.84,67.49,2.62,1,0,group_b,0
SYN-01236,18-20,Arts,86.36,67.1,4.0,0,0,group_b,0
SYN-01237,18-20,STEM,78.91,72.23,3.51,1,0,group_b,0
SYN-01238,21-24,Arts,87.08,74.24,3.83,0,0,not_stated,1
SYN-01239,21-24,Business,86.8,86.83,4.68,0,0,not_stated,0
SYN-01240,16-17,STEM,76.0,86.89,3.87,0,0,group_b,0
SYN-01241,16-17,Business,86.12,92.51,5.0,0,0,group_b,0
SYN-01242,16-17,Health,91.23,65.91,3.43,2,1,group_a,1
SYN-01243,21-24,STEM,80.08,60.17,4.46,0,0,group_a,0
SYN-01244,16-17,Health,84.8,91.69,2.24,0,1,group_a,0
SYN-01245,16-17,Arts,100.0,78.6,2.82,1,0,group_b,0
SYN-01246,18-20,Business,86.85,60.3,3.7,1,1,group_b,0
SYN-01247,16-17,Arts,83.06,76.33,3.2,0,0,group_a,0
SYN-01248,16-17,STEM,100.0,78.73,3.04,0,0,group_a,0
SYN-01249,16-17,Health,91.15,74.91,2.14,0,1,not_stated,0
SYN-01250,18-20,Business,90.98,74.11,4.41,0,1,group_b,0
SYN-01251,18-20,Arts,80.22,85.29,3.22,0,0,group_a,0
SYN-01252,16-17,Health,73.24,58.48,3.17,0,1,group_a,0
SYN-01253,21-24,STEM,83.98,50.6,4.77,3,0,group_b,0
SYN-01254,16-17,Arts,81.42,78.72,5.0,1,0,group_b,1
SYN-01255,16-17,Arts,89.43,58.98,2.93,0,1,group_b,0
SYN-01256,21-24,Arts,80.75,80.55,3.14,1,0,group_b,0
SYN-01257,18-20,Arts,91.66,75.04,4.45,2,1,group_a,0
SYN-01258,21-24,Arts,84.01,58.61,3.87,0,0,group_a,0
SYN-01259,16-17,Arts,87.33,74.58,4.06,0,0,group_a,0
SYN-01260,21-24,Business,94.55,32.85,1.95,0,0,group_a,0
SYN-01261,21-24,Business,94.43,64.32,2.71,2,0,group_a,1
SYN-01262,18-20,Business,85.74,43.8,2.8,1,1,not_stated,1
SYN-01263,18-20,Arts,68.06,70.09,1.97,1,0,group_b,0
SYN-01264,25+,Arts,96.34,44.03,3.6,0,0,group_a,1
SYN-01265,18-20,Arts,70.15,66.18,3.51,0,0,group_b,0
SYN-01266,18-20,Business,76.3,52.35,3.71,0,0,group_b,0
SYN-01267,16-17,Health,80.24,59.79,3.58,0,0,group_a,0
SYN-01268,16-17,Health,78.09,62.73,3.76,1,0,group_a,0
SYN-01269,18-20,Business,88.69,64.85,3.12,0,0,group_b,0
SYN-01270,18-20,Business,67.22,56.13,2.65,1,0,group_a,1
SYN-01271,21-24,Health,72.15,69.31,3.86,1,0,group_b,0
SYN-01272,18-20,Health,99.32,70.65,4.02,0,0,group_b,0
SYN-01273,25+,Health,100.0,54.2,3.28,1,1,group_b,0
SYN-01274,25+,Arts,94.03,58.67,3.25,1,0,group_b,1
SYN-01275,18-20,STEM,83.48,55.81,3.6,2,0,group_a,1
SYN-01276,16-17,Business,62.26,76.25,3.0,1,0,group_a,0
SYN-01277,21-24,STEM,98.27,48.45,2.42,0,0,group_b,0
SYN-01278,18-20,Health,79.56,80.32,2.85,0,0,group_a,0
SYN-01279,21-24,Business,87.45,66.35,3.73,1,0,group_a,0
SYN-01280,16-17,Business,98.43,87.8,3.45,1,0,group_a,1
SYN-01281,21-24,Health,90.65,69.0,4.19,0,0,not_stated,0
SYN-01282,18-20,Arts,99.85,70.28,4.1,1,0,group_a,0
SYN-01283,18-20,STEM,97.4,91.16,2.89,0,1,group_b,1
SYN-01284,21-24,STEM,87.52,62.25,4.19,0,0,group_a,0
SYN-01285,16-17,Business,92.23,61.45,4.04,0,0,group_b,0
SYN-01286,16-17,STEM,92.29,59.74,3.76,1,0,group_b,1
SYN-01287,25+,Business,73.96,33.49,2.84,0,1,group_b,0
SYN-01288,21-24,STEM,88.1,58.59,2.44,1,1,group_a,1
SYN-01289,16-17,Health,95.98,59.93,4.15,1,0,group_b,0
SYN-01290,21-24,STEM,94.44,65.99,3.83,2,0,group_b,0
SYN-01291,21-24,Business,77.91,70.72,4.03,0,0,group_a,0
SYN-01292,18-20,Arts,75.01,72.22,3.13,0,1,group_a,1
SYN-01293,25+,Business,81.98,61.99,2.53,2,0,group_a,1
SYN-01294,21-24,Arts,78.69,58.52,3.18,0,0,not_stated,0
SYN-01295,21-24,Health,89.81,80.63,3.66,0,0,group_b,1
SYN-01296,25+,Health,88.37,71.66,4.63,2,0,group_a,0
SYN-01297,18-20,Business,71.2,66.21,3.65,1,0,group_b,1
SYN-01298,18-20,Health,100.0,79.92,5.0,0,0,group_b,0
SYN-01299,21-24,Business,99.93,61.95,2.0,0,1,group_b,1
SYN-01300,25+,Arts,92.49,75.36,4.37,1,0,group_b,0
SYN-01301,18-20,Business,95.3,60.66,2.92,2,0,group_b,0
SYN-01302,16-17,STEM,88.73,62.56,1.9,1,0,group_b,1
SYN-01303,18-20,Business,91.46,57.07,3.4,1,1,group_b,0
SYN-01304,16-17,Arts,90.52,89.69,3.4,0,1,group_a,0
SYN-01305,18-20,Business,75.6,55.38,4.05,0,0,group_b,0
SYN-01306,18-20,STEM,88.21,63.59,3.81,0,0,group_a,0
SYN-01307,16-17,STEM,75.07,72.7,3.84,1,0,group_a,0
SYN-01308,18-20,STEM,83.2,43.0,3.36,0,0,group_b,1
SYN-01309,18-20,STEM,96.27,58.22,3.39,0,0,group_b,0
SYN-01310,21-24,Business,100.0,74.06,4.1,0,0,group_b,0
SYN-01311,16-17,STEM,73.9,54.53,4.21,0,0,group_a,1
SYN-01312,18-20,Arts,100.0,84.31,2.67,0,0,group_a,1
SYN-01313,21-24,Business,92.13,69.84,4.18,1,0,group_a,0
SYN-01314,21-24,Business,97.06,90.18,3.46,0,0,group_a,0
SYN-01315,25+,STEM,84.64,80.48,2.23,2,0,group_b,0
SYN-01316,21-24,STEM,94.19,77.64,4.32,1,0,group_b,0
SYN-01317,21-24,Health,71.52,58.77,2.97,0,0,group_a,1
SYN-01318,21-24,STEM,95.01,49.44,3.84,1,0,group_b,0
SYN-01319,16-17,STEM,90.94,50.88,4.01,1,1,group_b,0
SYN-01320,18-20,STEM,61.17,91.28,2.93,1,1,group_a,1
SYN-01321,18-20,STEM,85.17,59.92,2.94,1,0,group_a,0
SYN-01322,25+,Arts,82.08,80.72,4.49,1,0,group_b,0
SYN-01323,18-20,STEM,77.21,68.85,3.25,2,1,group_b,1
SYN-01324,16-17,Health,73.03,52.76,4.49,0,0,group_a,0
SYN-01325,16-17,STEM,79.29,20.92,3.66,0,0,not_stated,1
SYN-01326,16-17,Health,75.44,71.16,4.71,0,0,group_a,1
SYN-01327,18-20,STEM,80.58,79.58,4.01,1,0,group_a,0
SYN-01328,25+,STEM,80.39,58.45,3.14,1,1,group_b,1
SYN-01329,21-24,Business,79.96,62.59,2.08,1,0,group_a,1
SYN-01330,25+,Arts,71.21,76.22,3.64,0,0,group_b,0
SYN-01331,25+,STEM,81.86,50.98,2.53,0,0,group_b,0
SYN-01332,21-24,Business,99.51,76.99,3.24,0,0,group_a,0
SYN-01333,18-20,Business,82.66,35.76,4.64,0,0,group_a,1
SYN-01334,21-24,Arts,92.33,52.53,2.42,0,1,group_b,0
SYN-01335,16-17,Business,75.54,77.03,4.32,0,0,group_a,0
SYN-01336,18-20,STEM,90.72,70.93,2.96,0,0,group_b,0
SYN-01337,21-24,Business,80.79,61.14,3.55,0,0,group_b,1
SYN-01338,18-20,Health,95.3,70.45,4.9,1,0,group_b,0
SYN-01339,18-20,Health,83.46,75.37,3.45,2,0,group_a,0
SYN-01340,18-20,STEM,75.83,74.7,2.6,0,1,group_a,0
SYN-01341,16-17,Arts,87.33,77.88,3.02,2,0,group_a,0
SYN-01342,21-24,Arts,81.75,53.8,3.22,0,0,group_a,1
SYN-01343,21-24,Business,88.4,86.41,2.87,1,0,group_b,0
SYN-01344,18-20,Arts,90.16,90.33,3.32,2,0,group_a,0
SYN-01345,25+,Business,100.0,58.72,4.15,1,1,group_a,0
SYN-01346,18-20,Business,92.66,83.45,4.51,1,0,group_b,0
SYN-01347,16-17,Health,85.77,57.86,3.45,0,0,group_a,0
SYN-01348,25+,Health,92.53,53.88,4.44,0,0,group_a,0
SYN-01349,18-20,Health,91.72,76.46,3.06,1,0,group_a,0
SYN-01350,18-20,STEM,76.41,74.3,3.44,0,0,group_b,0
SYN-01351,18-20,Business,100.0,95.98,2.93,1,0,group_a,0
SYN-01352,16-17,Health,57.56,92.24,2.88,0,0,group_a,1
SYN-01353,16-17,STEM,91.8,82.24,3.12,1,0,group_b,1
SYN-01354,18-20,STEM,75.26,60.22,3.63,2,1,group_b,1
SYN-01355,21-24,Business,91.14,90.63,3.48,0,0,group_a,0
SYN-01356,16-17,Business,99.39,59.61,3.54,0,0,group_a,0
SYN-01357,18-20,Health,89.7,80.82,4.52,0,0,group_b,0
SYN-01358,21-24,Business,85.36,73.49,3.55,1,1,group_a,1
SYN-01359,16-17,STEM,88.2,69.53,2.68,0,0,group_b,0
SYN-01360,18-20,Business,77.46,88.44,3.31,1,0,group_b,0
SYN-01361,18-20,Health,81.16,74.47,3.25,0,0,group_a,0
SYN-01362,18-20,Arts,72.9,72.01,3.41,0,0,group_a,0
SYN-01363,25+,Health,74.16,61.07,3.05,0,0,group_b,1
SYN-01364,16-17,Arts,84.0,59.24,3.38,1,0,group_a,0
SYN-01365,16-17,Arts,73.11,75.91,3.56,1,0,group_b,0
SYN-01366,21-24,STEM,81.77,48.62,1.0,1,0,group_b,1
SYN-01367,18-20,Health,83.56,59.33,2.33,1,0,group_b,1
SYN-01368,25+,STEM,67.59,85.34,3.35,0,1,group_a,0
SYN-01369,21-24,Business,86.65,63.13,3.15,0,0,group_a,0
SYN-01370,16-17,Health,83.44,70.4,4.74,1,1,group_b,0
SYN-01371,21-24,Arts,96.24,48.09,3.05,0,1,group_b,1
SYN-01372,18-20,STEM,85.26,53.42,2.79,0,0,group_a,0
SYN-01373,16-17,STEM,75.36,76.95,5.0,2,0,group_b,0
SYN-01374,18-20,STEM,100.0,66.84,4.21,0,0,group_b,0
SYN-01375,21-24,Health,84.2,32.8,3.92,0,0,group_a,0
SYN-01376,16-17,Arts,96.89,44.11,3.32,0,1,group_b,1
SYN-01377,21-24,Business,98.65,56.92,3.82,0,0,group_b,0
SYN-01378,21-24,Arts,76.16,81.11,4.08,1,0,group_b,0
SYN-01379,18-20,Health,88.79,66.25,2.26,1,1,group_a,0
SYN-01380,18-20,Business,81.52,88.72,4.35,0,0,group_b,0
SYN-01381,18-20,Health,87.17,73.88,3.51,1,0,group_b,0
SYN-01382,18-20,Arts,79.18,89.97,3.99,1,0,group_a,0
SYN-01383,16-17,Business,72.62,49.01,2.14,2,0,group_b,1
SYN-01384,18-20,Health,79.79,76.86,4.45,1,1,group_b,0
SYN-01385,21-24,Health,93.69,72.44,4.71,1,1,group_b,0
SYN-01386,16-17,Health,100.0,72.33,5.0,0,0,group_b,0
SYN-01387,21-24,Business,79.77,62.55,2.75,0,1,group_a,1
SYN-01388,16-17,Business,84.06,66.68,3.25,0,0,group_b,0
SYN-01389,25+,Arts,94.49,66.13,3.19,1,0,group_a,0
SYN-01390,18-20,Business,71.92,84.79,3.33,0,0,group_b,0
SYN-01391,21-24,Arts,75.46,93.83,3.81,0,0,group_b,0
SYN-01392,25+,STEM,86.52,67.7,3.45,0,0,group_b,0
SYN-01393,18-20,STEM,91.8,74.44,4.51,1,0,group_a,0
SYN-01394,18-20,STEM,79.58,63.91,3.4,0,0,group_a,0
SYN-01395,16-17,Business,78.21,65.32,2.47,0,0,not_stated,1
SYN-01396,18-20,Arts,83.32,56.33,3.62,1,0,group_a,0
SYN-01397,18-20,Health,100.0,72.49,2.19,2,0,not_stated,0
SYN-01398,18-20,STEM,78.17,74.37,3.01,0,0,group_a,0
SYN-01399,21-24,STEM,79.87,63.04,4.78,1,0,group_a,0
SYN-01400,18-20,Health,78.86,73.57,2.15,1,1,group_a,0
SYN-01401,18-20,STEM,93.18,74.36,2.57,1,0,group_a,0
SYN-01402,21-24,Arts,83.77,81.37,4.73,1,0,group_b,0
SYN-01403,25+,Business,93.82,98.17,4.8,1,0,group_a,0
SYN-01404,16-17,STEM,100.0,52.79,4.72,3,0,group_b,0
SYN-01405,25+,STEM,90.86,54.79,3.91,1,0,group_a,0
SYN-01406,25+,STEM,72.66,70.75,3.06,1,1,group_a,1
SYN-01407,16-17,Business,64.65,66.39,4.21,1,0,group_a,1
SYN-01408,16-17,STEM,82.28,57.52,4.18,0,0,group_a,1
SYN-01409,16-17,Arts,88.56,52.0,2.47,0,0,group_a,1
SYN-01410,18-20,STEM,71.74,54.51,3.6,0,0,group_b,0
SYN-01411,21-24,Arts,84.84,63.39,3.19,0,1,group_b,0
SYN-01412,18-20,Health,93.6,39.95,2.81,1,0,group_a,0
SYN-01413,16-17,Arts,93.76,72.64,2.74,0,0,group_b,0
SYN-01414,21-24,Business,75.0,74.22,3.75,1,0,group_b,0
SYN-01415,18-20,Business,61.2,84.66,3.5,1,0,group_a,0
SYN-01416,18-20,Business,71.49,63.71,3.95,0,0,group_a,0
SYN-01417,18-20,Business,86.59,92.33,3.47,0,1,group_a,0
SYN-01418,18-20,STEM,68.81,72.72,3.35,0,0,group_b,0
SYN-01419,16-17,Business,87.7,86.47,4.2,0,0,group_b,0
SYN-01420,25+,Health,74.24,70.82,3.97,0,0,group_a,0
SYN-01421,21-24,Business,74.0,66.94,3.04,1,0,group_b,0
SYN-01422,18-20,Health,78.43,54.22,2.81,0,1,group_b,1
SYN-01423,21-24,Arts,94.36,53.13,4.24,0,0,group_a,0
SYN-01424,25+,Health,83.19,46.83,2.9,0,1,group_b,0
SYN-01425,16-17,Arts,82.75,66.66,3.5,0,0,group_b,1
SYN-01426,25+,Health,78.23,80.87,2.98,2,0,group_a,0
SYN-01427,18-20,Health,75.61,81.56,3.31,1,0,group_b,0
SYN-01428,21-24,STEM,91.27,54.52,3.85,0,0,group_b,0
SYN-01429,21-24,STEM,100.0,68.66,2.91,2,0,group_a,0
SYN-01430,16-17,Arts,71.49,63.94,3.14,0,0,group_b,0
SYN-01431,21-24,Business,93.59,53.86,3.36,1,0,group_a,1
SYN-01432,18-20,Health,76.97,73.55,2.89,0,0,group_b,0
SYN-01433,18-20,Business,85.0,70.79,4.96,1,0,group_a,0
SYN-01434,18-20,Business,91.23,49.85,4.13,2,0,group_b,1
SYN-01435,16-17,Health,99.71,60.51,4.41,2,0,group_a,0
SYN-01436,18-20,STEM,75.2,79.06,2.94,0,0,group_a,0
SYN-01437,18-20,STEM,94.33,65.17,3.57,3,1,group_b,1
SYN-01438,16-17,Business,80.19,78.19,3.87,1,0,group_a,0
SYN-01439,21-24,Arts,68.98,75.06,4.9,0,0,group_a,0
SYN-01440,16-17,STEM,83.09,75.33,4.47,2,0,group_b,0
SYN-01441,18-20,Arts,76.17,71.85,3.31,0,0,group_a,1
SYN-01442,16-17,Arts,78.46,78.95,2.94,2,0,group_b,0
SYN-01443,21-24,STEM,93.97,68.36,3.05,0,0,group_b,0
SYN-01444,18-20,Health,100.0,74.01,3.08,1,0,not_stated,0
SYN-01445,21-24,Business,69.36,62.57,3.63,0,0,group_a,1
SYN-01446,16-17,Health,100.0,45.41,2.2,0,0,group_b,0
SYN-01447,21-24,Business,65.32,77.04,3.29,1,0,group_b,1
SYN-01448,16-17,Health,83.22,54.08,1.39,0,1,group_a,0
SYN-01449,25+,Health,90.33,80.71,4.47,2,1,not_stated,0
SYN-01450,16-17,Business,85.81,74.4,3.38,2,1,group_a,0
SYN-01451,18-20,Business,74.06,71.39,2.75,0,0,group_a,0
SYN-01452,18-20,Arts,84.02,87.42,2.79,0,0,group_a,0
SYN-01453,18-20,Arts,95.05,76.01,3.92,1,0,group_a,0
SYN-01454,16-17,Business,73.61,57.87,3.41,0,0,group_b,1
SYN-01455,21-24,Arts,76.2,87.47,4.45,0,0,group_b,0
SYN-01456,16-17,Health,87.15,76.08,1.96,2,0,group_a,1
SYN-01457,18-20,Business,100.0,75.77,4.14,0,0,not_stated,0
SYN-01458,21-24,STEM,85.5,85.72,2.38,0,1,group_a,0
SYN-01459,16-17,STEM,99.77,74.87,4.0,1,1,group_a,0
SYN-01460,18-20,Business,76.64,53.15,4.12,1,0,group_b,0
SYN-01461,18-20,Business,81.82,58.48,3.4,2,0,group_a,0
SYN-01462,16-17,Health,92.63,72.28,4.6,0,1,group_b,0
SYN-01463,21-24,Arts,83.5,82.43,3.93,0,0,group_b,0
SYN-01464,25+,STEM,70.7,72.37,4.91,0,1,group_a,0
SYN-01465,25+,Arts,77.02,77.93,4.25,0,0,group_b,1
SYN-01466,18-20,STEM,100.0,69.11,3.8,1,1,group_b,0
SYN-01467,21-24,Arts,92.49,64.42,3.6,0,0,group_a,0
SYN-01468,21-24,Health,89.45,68.99,3.32,0,0,group_a,0
SYN-01469,25+,STEM,86.81,82.84,4.47,0,0,group_b,0
SYN-01470,16-17,Business,80.4,72.22,2.75,0,0,group_a,1
SYN-01471,25+,Arts,92.86,70.79,1.82,0,0,group_b,0
SYN-01472,16-17,Health,74.05,54.84,4.34,1,0,group_a,0
SYN-01473,18-20,STEM,69.23,55.95,3.46,0,0,group_b,0
SYN-01474,21-24,Health,88.16,74.7,4.5,2,1,group_b,0
SYN-01475,21-24,Health,100.0,80.52,4.01,0,0,group_a,0
SYN-01476,16-17,STEM,89.68,64.16,3.91,0,0,group_a,0
SYN-01477,21-24,STEM,90.25,68.5,3.72,0,0,group_a,0
SYN-01478,18-20,Business,81.62,52.77,4.4,1,0,group_b,0
SYN-01479,25+,STEM,87.86,72.27,3.24,1,1,group_a,0
SYN-01480,16-17,Health,84.56,74.16,4.44,0,0,group_a,0
SYN-01481,16-17,STEM,86.55,78.21,2.79,1,0,group_b,1
SYN-01482,18-20,Business,89.63,60.21,3.94,0,0,group_a,0
SYN-01483,18-20,STEM,71.81,71.1,3.76,1,1,group_a,0
SYN-01484,21-24,STEM,80.73,89.06,3.94,0,0,group_a,0
SYN-01485,21-24,Health,85.5,67.25,2.7,3,0,group_b,0
SYN-01486,18-20,Health,95.71,78.3,3.47,0,1,group_a,0
SYN-01487,25+,Arts,98.61,38.43,3.54,0,1,group_a,1
SYN-01488,18-20,Business,100.0,81.36,4.1,0,1,group_b,0
SYN-01489,21-24,Business,79.23,75.08,1.92,1,0,group_b,0
SYN-01490,21-24,Arts,83.72,78.2,4.16,1,1,group_a,0
SYN-01491,25+,STEM,85.0,66.94,3.07,0,0,group_b,0
SYN-01492,16-17,Arts,78.68,50.94,5.0,1,0,group_b,0
SYN-01493,16-17,Arts,60.08,48.62,4.84,1,0,group_b,0
SYN-01494,16-17,Business,75.5,72.04,4.53,1,0,group_b,0
SYN-01495,25+,Arts,85.28,87.3,4.06,0,1,group_b,0
SYN-01496,18-20,Health,89.55,80.04,3.51,0,0,group_b,1
SYN-01497,21-24,Business,80.79,68.59,5.0,1,1,group_b,1
SYN-01498,18-20,Arts,86.6,73.65,4.82,1,0,group_a,0
SYN-01499,21-24,Arts,100.0,70.59,4.77,0,0,group_b,0
SYN-01500,16-17,STEM,91.17,71.35,4.19,3,0,not_stated,0
SYN-01501,25+,STEM,86.19,68.54,2.71,4,0,group_b,0
SYN-01502,18-20,Business,53.82,55.91,2.47,2,0,group_b,1
SYN-01503,21-24,Arts,95.21,61.48,4.56,0,1,not_stated,1
SYN-01504,16-17,Business,73.47,67.59,3.59,1,0,group_a,1
SYN-01505,25+,Arts,69.46,68.9,2.79,0,0,group_b,1
SYN-01506,16-17,Health,86.92,59.08,5.0,0,0,group_a,0
SYN-01507,18-20,Health,70.28,66.24,3.64,0,0,group_a,0
SYN-01508,25+,Health,73.63,62.12,3.57,1,0,group_b,0
SYN-01509,16-17,Arts,82.82,73.18,4.51,2,0,group_a,0
SYN-01510,21-24,STEM,69.65,81.37,3.58,1,0,group_b,0
SYN-01511,18-20,STEM,89.91,78.79,4.23,3,1,group_a,0
SYN-01512,25+,STEM,72.98,90.53,5.0,0,1,group_b,0
SYN-01513,16-17,Business,78.98,85.68,3.08,2,0,group_b,0
SYN-01514,18-20,Health,91.39,75.27,5.0,1,0,not_stated,0
SYN-01515,21-24,Health,90.35,58.04,3.32,1,0,group_a,0
SYN-01516,16-17,STEM,92.11,61.55,3.59,1,1,group_b,0
SYN-01517,18-20,Health,92.74,61.69,3.69,4,0,group_a,0
SYN-01518,16-17,Health,90.03,61.81,3.85,0,0,group_b,0
SYN-01519,21-24,STEM,86.21,69.63,3.13,0,0,group_a,0
SYN-01520,18-20,Health,89.46,74.58,3.75,0,0,group_b,1
SYN-01521,21-24,Arts,95.46,60.75,5.0,0,1,group_b,0
SYN-01522,25+,Health,93.07,45.17,2.98,1,0,group_b,1
SYN-01523,25+,Business,63.77,63.9,2.65,0,0,group_a,0
SYN-01524,21-24,Business,79.76,81.48,2.95,1,0,group_a,0
SYN-01525,21-24,Health,78.84,70.78,2.37,0,0,group_b,0
SYN-01526,16-17,Health,79.8,77.21,3.1,0,0,group_b,0
SYN-01527,18-20,STEM,69.45,62.08,2.54,1,0,group_b,0
SYN-01528,25+,STEM,70.76,79.92,4.03,0,0,group_a,0
SYN-01529,16-17,STEM,100.0,55.03,2.82,0,1,group_a,0
SYN-01530,18-20,Business,91.92,84.76,3.36,1,0,not_stated,0
SYN-01531,18-20,Business,100.0,85.15,3.83,0,0,group_b,0
SYN-01532,18-20,Arts,83.71,72.6,4.61,1,0,group_b,1
SYN-01533,25+,Business,80.29,95.5,3.22,0,0,group_a,0
SYN-01534,16-17,STEM,83.72,48.78,2.13,1,0,group_a,1
SYN-01535,25+,Arts,76.31,51.9,2.91,1,0,group_a,1
SYN-01536,21-24,Business,90.26,55.15,2.8,0,0,group_b,0
SYN-01537,25+,Health,86.84,59.32,4.68,0,0,group_b,0
SYN-01538,21-24,Business,100.0,78.99,3.01,3,0,group_a,1
SYN-01539,18-20,Arts,85.51,85.26,5.0,0,0,group_a,0
SYN-01540,18-20,Business,91.42,89.62,3.89,1,1,group_a,0
SYN-01541,21-24,STEM,84.2,68.62,4.4,0,0,group_b,0
SYN-01542,16-17,Health,89.71,67.31,3.85,2,1,group_a,0
SYN-01543,18-20,Health,80.94,91.2,4.04,0,0,group_b,0
SYN-01544,21-24,Health,73.15,76.67,4.21,0,0,group_b,0
SYN-01545,21-24,STEM,80.97,92.63,3.94,0,1,group_b,0
SYN-01546,16-17,Arts,94.02,61.87,4.55,0,1,group_a,0
SYN-01547,18-20,Business,100.0,58.99,4.21,0,1,group_b,0
SYN-01548,18-20,STEM,89.18,90.62,3.12,2,0,group_a,0
SYN-01549,16-17,Health,78.35,78.47,3.21,0,1,group_a,0
SYN-01550,21-24,Business,89.89,44.97,2.83,1,0,group_b,0
SYN-01551,16-17,Business,86.16,33.02,3.38,1,0,group_b,0
SYN-01552,18-20,Health,100.0,79.65,3.17,1,0,group_b,0
SYN-01553,18-20,Business,89.79,81.0,2.79,0,0,group_b,0
SYN-01554,18-20,Arts,72.96,64.64,4.36,0,0,group_b,0
SYN-01555,18-20,Business,75.69,54.25,3.97,2,0,group_a,0
SYN-01556,16-17,STEM,84.5,73.27,3.15,0,0,group_b,1
SYN-01557,25+,Arts,88.67,71.23,1.86,0,1,group_b,0
SYN-01558,25+,Business,75.14,55.52,3.76,1,0,not_stated,1
SYN-01559,18-20,Arts,76.84,70.06,4.52,1,0,group_b,0
SYN-01560,16-17,Health,87.97,81.08,2.8,1,1,group_a,0
SYN-01561,18-20,Health,86.71,53.21,2.8,0,0,group_a,0
SYN-01562,21-24,Business,79.41,75.33,4.48,1,0,group_a,0
SYN-01563,18-20,Arts,88.22,62.12,2.39,1,0,group_a,0
SYN-01564,21-24,STEM,93.68,91.53,3.17,0,1,group_a,0
SYN-01565,16-17,Health,100.0,50.17,3.5,1,0,group_a,0
SYN-01566,16-17,Health,100.0,89.44,2.71,0,0,group_b,0
SYN-01567,18-20,Business,80.68,66.3,4.28,1,0,group_a,0
SYN-01568,21-24,Business,86.54,56.34,2.6,1,0,group_a,0
SYN-01569,16-17,STEM,88.34,33.76,4.2,2,0,group_a,1
SYN-01570,18-20,Arts,79.33,65.69,3.0,1,1,group_b,1
SYN-01571,21-24,Business,100.0,59.89,3.09,0,0,group_b,1
SYN-01572,18-20,Health,94.77,51.68,2.85,0,0,group_a,0
SYN-01573,16-17,Health,76.28,61.67,3.7,1,0,group_a,0
SYN-01574,21-24,Business,74.47,66.87,3.71,1,0,group_a,1
SYN-01575,16-17,STEM,100.0,45.19,2.97,1,0,group_a,0
SYN-01576,25+,Business,82.06,75.23,3.54,1,0,group_b,0
SYN-01577,18-20,Arts,71.15,79.79,2.85,0,0,group_b,0
SYN-01578,16-17,Health,99.21,57.92,3.44,0,0,group_a,0
SYN-01579,21-24,Business,84.65,88.36,3.8,0,0,group_a,0
SYN-01580,18-20,STEM,94.47,100.0,3.31,0,0,group_b,0
SYN-01581,21-24,Business,75.05,38.2,2.72,1,1,not_stated,1
SYN-01582,18-20,Business,95.0,50.76,3.73,0,0,group_a,0
SYN-01583,18-20,Arts,79.75,60.77,3.0,1,0,group_a,1
SYN-01584,25+,Health,91.27,74.54,3.42,0,0,group_a,0
SYN-01585,16-17,Arts,80.53,83.79,4.35,2,0,group_a,0
SYN-01586,25+,Health,67.57,71.99,3.07,0,1,group_b,0
SYN-01587,25+,Business,88.25,63.69,3.8,1,1,group_a,0
SYN-01588,25+,Business,81.81,76.36,2.98,1,0,group_b,0
SYN-01589,21-24,Business,73.33,83.49,4.06,1,0,not_stated,0
SYN-01590,21-24,Business,77.84,61.48,3.57,1,1,group_b,1
SYN-01591,21-24,STEM,94.86,86.21,1.95,1,0,group_a,0
SYN-01592,18-20,Business,81.73,88.32,2.5,1,1,group_a,0
SYN-01593,18-20,Arts,77.57,62.81,2.25,0,1,group_b,1
SYN-01594,21-24,STEM,70.84,91.7,3.45,0,0,group_b,0
SYN-01595,16-17,Arts,71.32,67.82,3.38,0,0,group_a,1
SYN-01596,21-24,Arts,87.16,65.32,4.16,1,0,group_a,0
SYN-01597,21-24,Business,81.99,84.56,3.09,0,0,group_b,0
SYN-01598,18-20,STEM,86.9,74.68,3.7,0,0,group_a,1
SYN-01599,25+,Arts,78.21,68.46,2.92,1,0,group_b,0
SYN-01600,18-20,Business,84.68,66.95,3.06,3,1,group_b,0
SYN-01601,18-20,Health,86.47,80.54,3.59,0,0,group_b,0
SYN-01602,18-20,STEM,83.29,86.78,3.59,1,0,group_a,0
SYN-01603,16-17,Arts,59.34,69.74,5.0,2,0,group_b,0
SYN-01604,16-17,STEM,92.05,58.12,3.34,1,1,group_b,0
SYN-01605,21-24,STEM,100.0,62.88,2.73,0,0,group_b,0
SYN-01606,16-17,STEM,96.33,65.73,4.45,1,0,group_a,0
SYN-01607,21-24,Arts,92.95,41.56,3.47,1,1,group_a,0
SYN-01608,16-17,Arts,89.67,56.12,3.82,0,0,group_b,1
SYN-01609,16-17,Business,78.77,75.37,3.23,1,0,group_a,1
SYN-01610,16-17,STEM,80.92,62.35,2.91,0,0,group_b,0
SYN-01611,18-20,Arts,76.09,65.41,3.64,1,0,group_b,1
SYN-01612,21-24,Health,65.83,55.09,4.32,1,0,group_a,1
SYN-01613,18-20,STEM,69.71,71.09,2.87,0,0,group_b,1
SYN-01614,18-20,STEM,76.71,63.52,3.19,1,0,group_a,0
SYN-01615,25+,Business,91.97,82.76,2.8,1,1,group_b,0
SYN-01616,16-17,Arts,86.67,74.88,3.53,2,0,group_b,0
SYN-01617,16-17,Health,82.19,65.57,3.68,1,0,group_b,0
SYN-01618,16-17,Health,94.25,78.13,4.2,0,1,group_a,0
SYN-01619,16-17,Health,77.45,67.67,4.18,0,0,group_a,0
SYN-01620,16-17,Health,80.59,79.28,3.37,0,1,group_a,1
SYN-01621,16-17,Business,80.7,66.74,2.28,0,0,group_b,0
SYN-01622,21-24,Arts,95.97,63.98,4.21,0,0,group_b,0
SYN-01623,25+,Health,86.91,83.61,4.57,1,0,group_b,0
SYN-01624,16-17,STEM,94.33,43.5,3.01,0,0,group_a,1
SYN-01625,25+,Health,88.37,83.06,3.15,0,0,group_b,0
SYN-01626,18-20,Health,96.28,72.07,4.53,0,1,group_a,0
SYN-01627,21-24,Arts,88.8,57.01,2.53,1,0,group_a,0
SYN-01628,21-24,Business,97.78,40.85,2.93,3,0,group_a,0
SYN-01629,18-20,STEM,86.3,59.65,5.0,1,0,group_a,0
SYN-01630,16-17,Health,90.5,82.0,4.07,1,0,group_a,0
SYN-01631,16-17,Arts,92.31,46.91,3.82,2,0,group_a,0
SYN-01632,16-17,Business,99.29,69.79,3.65,0,0,group_a,0
SYN-01633,21-24,Health,79.97,53.98,3.18,0,1,group_b,0
SYN-01634,21-24,Health,78.08,63.24,3.06,0,0,group_a,0
SYN-01635,18-20,Health,82.93,32.71,3.42,1,0,group_b,1
SYN-01636,16-17,Health,95.54,71.72,1.84,0,0,group_a,0
SYN-01637,18-20,Arts,70.06,69.33,4.73,1,0,group_a,0
SYN-01638,16-17,Business,94.06,72.85,5.0,1,0,group_b,0
SYN-01639,25+,Arts,75.16,33.45,3.66,0,0,group_a,0
SYN-01640,18-20,STEM,76.38,55.5,4.51,3,0,group_b,0
SYN-01641,18-20,STEM,76.58,71.47,4.47,0,1,group_b,0
SYN-01642,25+,Business,82.9,55.9,1.92,1,1,group_b,1
SYN-01643,18-20,Business,93.14,53.34,2.22,0,0,group_b,1
SYN-01644,21-24,Health,74.74,76.32,2.96,2,0,group_b,0
SYN-01645,18-20,Business,73.28,78.01,3.11,1,0,group_b,1
SYN-01646,21-24,Arts,89.28,63.73,4.43,0,0,group_b,0
SYN-01647,18-20,Business,95.27,100.0,2.76,0,0,group_a,0
SYN-01648,18-20,Arts,75.29,95.29,2.66,1,0,group_b,1
SYN-01649,16-17,Health,87.4,88.88,3.94,0,0,group_b,0
SYN-01650,25+,Business,74.85,71.11,2.55,0,0,group_a,0
SYN-01651,16-17,Health,80.92,60.98,3.11,0,0,group_b,0
SYN-01652,21-24,STEM,83.51,89.31,4.87,1,0,group_b,0
SYN-01653,18-20,Arts,92.4,63.27,2.63,0,0,group_a,0
SYN-01654,21-24,STEM,91.33,59.77,2.56,0,0,group_a,1
SYN-01655,16-17,Health,83.63,46.2,3.85,1,0,group_a,1
SYN-01656,16-17,STEM,77.99,78.84,3.37,0,0,group_b,0
SYN-01657,18-20,STEM,72.26,68.78,2.9,1,0,group_b,1
SYN-01658,21-24,Health,84.92,94.31,3.61,1,0,group_a,1
SYN-01659,21-24,Business,92.59,61.44,3.08,1,0,group_b,1
SYN-01660,16-17,STEM,70.07,44.55,2.76,0,0,group_b,0
SYN-01661,16-17,Health,70.41,73.11,3.07,0,0,group_b,0
SYN-01662,16-17,Business,73.54,65.82,4.16,2,0,group_b,0
SYN-01663,18-20,Health,78.6,73.86,2.38,0,0,group_a,0
SYN-01664,16-17,Arts,96.33,35.15,2.93,1,0,group_a,0
SYN-01665,16-17,STEM,66.47,57.82,5.0,0,1,group_b,0
SYN-01666,18-20,STEM,76.56,57.64,2.57,2,0,group_a,1
SYN-01667,16-17,Arts,83.46,65.01,4.64,0,0,not_stated,1
SYN-01668,25+,Arts,86.36,41.4,4.13,0,0,group_a,0
SYN-01669,18-20,Business,86.41,43.85,3.72,1,0,group_a,0
SYN-01670,18-20,Health,63.26,43.77,4.67,1,0,group_a,1
SYN-01671,21-24,Health,86.36,77.54,3.75,0,0,group_a,0
SYN-01672,16-17,STEM,98.28,69.24,4.18,2,0,group_b,1
SYN-01673,25+,Health,75.42,100.0,2.82,1,1,group_a,1
SYN-01674,18-20,Health,54.5,68.54,4.15,3,1,group_a,0
SYN-01675,18-20,Arts,99.85,20.85,3.84,2,0,group_a,0
SYN-01676,18-20,Arts,90.01,37.79,5.0,2,0,group_b,0
SYN-01677,21-24,Health,100.0,75.66,3.3,1,0,group_b,0
SYN-01678,16-17,STEM,90.04,63.43,3.4,2,0,group_b,1
SYN-01679,16-17,Health,49.26,43.93,3.71,0,0,group_b,0
SYN-01680,18-20,Business,100.0,60.48,3.25,0,0,group_a,0
SYN-01681,25+,Business,86.08,84.34,1.68,1,0,group_b,0
SYN-01682,16-17,Health,78.43,72.77,2.24,0,0,group_b,0
SYN-01683,16-17,STEM,84.43,69.5,2.84,0,0,group_b,0
SYN-01684,18-20,STEM,61.28,61.51,3.3,0,0,group_b,1
SYN-01685,25+,STEM,70.91,88.56,4.06,0,0,not_stated,0
SYN-01686,18-20,Business,92.54,76.18,3.88,1,0,group_b,0
SYN-01687,21-24,STEM,97.36,66.97,3.8,0,0,group_a,0
SYN-01688,18-20,Health,87.78,78.39,3.46,0,1,group_b,0
SYN-01689,25+,Arts,83.86,72.06,2.64,3,0,group_b,0
SYN-01690,25+,Health,100.0,98.94,3.13,1,0,group_a,0
SYN-01691,16-17,Arts,86.01,62.9,4.32,1,0,group_b,0
SYN-01692,21-24,Health,82.04,73.52,3.38,1,0,group_a,1
SYN-01693,18-20,STEM,69.44,96.75,3.85,0,0,group_a,0
SYN-01694,21-24,Arts,82.61,49.81,2.72,2,0,group_b,1
SYN-01695,25+,Business,90.76,70.12,3.23,1,1,group_a,0
SYN-01696,21-24,Health,86.08,78.19,3.25,0,0,group_b,0
SYN-01697,25+,Arts,70.81,71.07,3.13,1,0,not_stated,1
SYN-01698,18-20,Business,88.3,68.21,3.78,0,0,group_b,0
SYN-01699,18-20,Arts,83.57,83.93,3.3,0,0,group_b,0
SYN-01700,21-24,Arts,93.26,46.28,3.79,2,0,group_a,0
SYN-01701,18-20,Arts,67.79,53.52,3.88,0,1,group_b,1
SYN-01702,25+,STEM,93.72,94.37,2.58,0,0,group_a,0
SYN-01703,21-24,Arts,70.25,89.47,3.0,0,0,group_b,0
SYN-01704,21-24,Arts,98.21,91.18,2.63,0,1,group_a,1
SYN-01705,18-20,Arts,100.0,79.08,4.03,0,1,group_b,0
SYN-01706,16-17,Business,90.22,90.44,2.27,1,0,group_a,0
SYN-01707,25+,Health,53.6,100.0,4.69,0,0,group_b,0
SYN-01708,21-24,Arts,89.0,69.41,3.22,0,0,group_b,0
SYN-01709,18-20,Health,74.52,77.84,2.9,0,0,not_stated,0
SYN-01710,25+,STEM,83.76,66.02,3.99,1,0,group_a,0
SYN-01711,18-20,Arts,78.23,74.93,4.01,1,0,group_a,0
SYN-01712,21-24,Business,94.27,67.12,3.94,1,1,group_a,0
SYN-01713,18-20,Arts,95.8,56.45,2.44,1,1,group_a,0
SYN-01714,18-20,Arts,85.82,66.39,3.36,1,0,group_a,0
SYN-01715,21-24,STEM,88.58,72.17,4.38,0,0,group_a,0
SYN-01716,25+,Business,79.8,64.0,3.16,0,0,group_a,0
SYN-01717,18-20,Health,93.21,78.98,4.52,1,0,group_b,0
SYN-01718,18-20,Business,73.43,52.88,3.4,2,1,group_b,1
SYN-01719,25+,Business,79.09,72.06,2.81,0,0,group_b,1
SYN-01720,21-24,Arts,85.91,57.53,4.14,0,0,group_b,0
SYN-01721,18-20,Health,79.16,62.62,3.97,2,0,group_a,1
SYN-01722,21-24,STEM,83.51,91.91,2.28,0,0,not_stated,0
SYN-01723,25+,Business,72.92,74.84,4.03,3,0,not_stated,0
SYN-01724,18-20,Health,66.14,84.61,3.73,1,0,group_b,1
SYN-01725,18-20,Arts,85.62,87.83,2.35,0,1,group_a,1
SYN-01726,16-17,Arts,71.79,71.44,3.28,1,0,group_b,0
SYN-01727,25+,STEM,95.25,58.82,2.71,0,0,not_stated,0
SYN-01728,21-24,Business,100.0,49.15,3.19,2,0,group_b,0
SYN-01729,18-20,Business,100.0,76.62,3.16,0,0,not_stated,0
SYN-01730,21-24,Arts,91.99,65.24,2.72,0,0,group_b,0
SYN-01731,18-20,Health,84.69,75.87,3.7,1,1,group_a,0
SYN-01732,16-17,Health,98.23,80.48,3.84,1,0,group_a,0
SYN-01733,16-17,Health,88.26,72.94,3.77,1,0,group_b,0
SYN-01734,18-20,Business,85.49,77.31,5.0,0,1,group_a,0
SYN-01735,21-24,STEM,82.14,39.01,2.78,1,0,group_b,1
SYN-01736,21-24,Business,100.0,41.67,3.96,1,1,group_a,0
SYN-01737,16-17,Business,78.64,48.26,3.4,0,1,group_a,1
SYN-01738,16-17,Arts,96.54,94.75,1.55,0,1,group_b,1
SYN-01739,18-20,STEM,95.13,98.79,3.44,1,0,group_b,0
SYN-01740,25+,Health,75.34,79.9,4.57,0,0,group_a,1
SYN-01741,16-17,STEM,63.77,77.78,2.63,1,0,group_a,0
SYN-01742,18-20,STEM,80.33,78.2,2.89,0,0,group_b,1
SYN-01743,16-17,STEM,84.78,64.66,2.09,0,0,group_a,0
SYN-01744,25+,Arts,93.4,87.9,3.25,0,0,not_stated,0
SYN-01745,18-20,Health,93.26,94.45,3.36,0,0,group_b,0
SYN-01746,21-24,Health,86.17,91.32,3.61,1,1,group_b,0
SYN-01747,16-17,Health,77.53,81.02,2.58,1,0,group_b,0
SYN-01748,25+,Arts,76.23,69.34,5.0,0,1,group_b,0
SYN-01749,21-24,Arts,90.47,61.82,3.73,2,0,group_b,0
SYN-01750,18-20,Health,100.0,82.91,3.97,0,0,group_a,0
SYN-01751,16-17,Arts,83.61,51.03,4.06,2,1,group_a,1
SYN-01752,18-20,Business,91.62,36.04,4.13,1,0,not_stated,0
SYN-01753,18-20,Arts,77.75,80.38,3.77,0,0,not_stated,1
SYN-01754,21-24,STEM,87.39,57.91,1.09,1,0,group_a,0
SYN-01755,25+,STEM,81.62,72.59,2.27,2,0,group_b,1
SYN-01756,21-24,Arts,84.45,68.76,3.47,2,0,group_a,1
SYN-01757,25+,Arts,96.19,75.91,5.0,1,0,group_a,0
SYN-01758,21-24,Health,83.7,71.66,3.44,1,0,group_a,0
SYN-01759,25+,Business,100.0,37.83,3.19,0,0,group_a,0
SYN-01760,25+,Arts,72.67,81.55,2.32,0,1,group_a,1
SYN-01761,21-24,Business,90.9,55.99,3.03,1,0,group_b,0
SYN-01762,25+,Business,74.02,80.01,4.49,1,1,group_a,0
SYN-01763,21-24,Business,87.22,25.09,3.27,1,0,group_a,1
SYN-01764,25+,Arts,87.37,43.63,3.08,2,0,group_b,0
SYN-01765,21-24,Health,64.57,80.24,3.66,0,0,group_b,0
SYN-01766,16-17,STEM,62.18,78.13,3.02,2,0,group_b,0
SYN-01767,16-17,Arts,83.33,60.42,3.23,0,0,group_a,0
SYN-01768,21-24,Arts,93.38,84.25,4.01,0,0,group_a,0
SYN-01769,21-24,STEM,86.95,67.25,3.62,1,0,group_b,0
SYN-01770,16-17,STEM,63.53,79.31,3.51,2,0,group_a,0
SYN-01771,18-20,Arts,88.72,58.11,3.56,0,0,group_a,0
SYN-01772,16-17,Arts,84.69,51.11,3.84,0,1,group_a,0
SYN-01773,16-17,Business,90.83,55.94,4.07,2,1,group_b,1
SYN-01774,25+,Health,89.33,75.35,3.74,1,0,group_a,0
SYN-01775,18-20,Arts,89.93,68.96,4.75,2,0,group_b,0
SYN-01776,16-17,Business,62.2,58.77,3.43,1,0,group_a,1
SYN-01777,25+,Health,85.1,61.44,3.74,0,0,group_a,0
SYN-01778,18-20,STEM,91.08,45.45,3.75,2,0,group_b,0
SYN-01779,21-24,Health,89.41,52.49,4.76,0,1,group_b,0
SYN-01780,16-17,STEM,88.61,59.52,2.57,0,0,group_b,0
SYN-01781,18-20,Health,69.23,64.19,4.21,1,0,group_a,0
SYN-01782,16-17,STEM,85.13,100.0,2.69,0,0,group_b,0
SYN-01783,18-20,STEM,84.06,62.74,2.87,0,0,not_stated,0
SYN-01784,18-20,Health,84.89,82.91,3.81,0,0,group_b,0
SYN-01785,18-20,Arts,67.25,75.04,3.86,1,0,group_a,0
SYN-01786,18-20,Health,87.52,93.84,4.74,0,0,group_b,0
SYN-01787,16-17,Health,90.33,77.43,2.55,0,0,group_a,0
SYN-01788,18-20,Health,87.78,78.09,3.08,0,1,group_a,0
SYN-01789,21-24,Business,81.49,66.71,3.36,2,0,group_b,0
SYN-01790,18-20,Health,86.68,69.6,4.29,1,0,group_a,0
SYN-01791,16-17,Arts,73.38,50.11,3.86,0,0,group_b,1
SYN-01792,18-20,STEM,74.38,67.73,2.79,1,0,group_a,1
SYN-01793,21-24,Health,75.28,95.16,3.28,2,0,group_a,0
SYN-01794,16-17,Business,79.09,64.52,2.31,3,1,group_a,1
SYN-01795,21-24,Health,82.5,42.77,2.41,1,0,group_b,0
SYN-01796,16-17,Business,91.21,68.04,3.53,0,0,group_b,0
SYN-01797,18-20,STEM,88.68,83.09,3.88,1,0,group_b,0
SYN-01798,21-24,Business,75.28,98.06,3.7,0,1,group_a,0
SYN-01799,18-20,STEM,77.66,57.18,1.8,1,0,group_a,0
SYN-01800,18-20,Health,83.27,100.0,3.35,0,0,group_a,0
SYN-01801,25+,Arts,74.81,53.57,3.48,0,0,group_b,1
SYN-01802,18-20,Arts,89.48,74.04,2.44,0,1,group_b,1
SYN-01803,18-20,Business,88.02,58.46,4.41,3,0,group_b,0
SYN-01804,21-24,Health,85.48,75.56,3.94,0,0,group_a,1
SYN-01805,16-17,Health,72.88,72.17,3.63,3,1,not_stated,1
SYN-01806,21-24,STEM,73.38,55.74,3.0,0,0,group_a,0
SYN-01807,21-24,Arts,78.74,90.99,4.22,3,0,group_a,0
SYN-01808,18-20,Business,95.47,78.75,3.56,2,0,group_b,0
SYN-01809,25+,Health,73.18,70.36,1.97,0,0,not_stated,0
SYN-01810,21-24,Arts,85.14,69.65,4.18,3,0,group_b,0
SYN-01811,16-17,Business,92.7,53.24,2.47,0,1,group_a,0
SYN-01812,21-24,Health,64.79,72.55,3.8,2,0,not_stated,1
SYN-01813,18-20,Health,74.48,60.23,5.0,0,0,group_b,0
SYN-01814,21-24,Arts,70.29,52.65,2.78,2,0,group_a,0
SYN-01815,25+,Arts,72.2,56.46,5.0,0,0,group_b,0
SYN-01816,18-20,Business,93.53,88.36,4.28,0,0,group_b,0
SYN-01817,18-20,Health,89.95,70.06,3.76,1,0,not_stated,1
SYN-01818,18-20,Arts,89.63,58.35,3.37,1,0,group_b,0
SYN-01819,18-20,STEM,81.25,55.99,2.85,1,0,group_b,0
SYN-01820,18-20,Business,96.8,75.07,2.58,0,0,group_b,0
SYN-01821,18-20,STEM,68.09,57.05,2.57,0,0,group_b,0
SYN-01822,16-17,Arts,89.93,49.98,4.73,1,0,group_a,0
SYN-01823,16-17,Arts,100.0,62.33,2.41,1,0,group_a,0
SYN-01824,18-20,Health,87.17,62.58,3.55,0,0,group_a,0
SYN-01825,18-20,STEM,100.0,65.17,2.28,1,0,group_b,1
SYN-01826,16-17,STEM,86.27,71.96,3.43,2,0,group_b,1
SYN-01827,21-24,Health,76.95,62.9,3.21,0,0,group_b,0
SYN-01828,21-24,Health,79.27,81.82,3.51,1,0,group_b,0
SYN-01829,21-24,STEM,97.14,69.76,4.25,0,0,group_b,0
SYN-01830,18-20,Health,73.1,63.81,4.72,1,0,group_b,1
SYN-01831,25+,Health,98.93,61.78,4.32,1,0,group_b,0
SYN-01832,21-24,Business,84.31,58.22,2.75,0,0,group_a,1
SYN-01833,16-17,Arts,72.61,29.71,2.77,1,0,group_b,1
SYN-01834,18-20,Health,99.59,54.41,3.34,0,0,group_a,0
SYN-01835,18-20,Health,100.0,88.25,4.0,1,0,group_a,0
SYN-01836,21-24,Business,85.62,81.71,3.09,2,0,group_b,0
SYN-01837,21-24,Health,79.62,59.61,4.35,0,1,group_b,0
SYN-01838,16-17,Health,69.6,71.14,3.84,1,0,group_b,1
SYN-01839,18-20,Business,82.32,35.17,4.66,0,0,group_b,0
SYN-01840,16-17,Business,100.0,87.89,3.06,1,0,group_b,0
SYN-01841,18-20,Health,85.03,96.41,3.26,2,0,group_b,1
SYN-01842,18-20,STEM,78.67,46.68,2.67,0,0,not_stated,0
SYN-01843,25+,STEM,72.38,54.05,4.85,1,0,group_b,0
SYN-01844,21-24,Arts,89.45,67.21,3.12,3,0,group_b,0
SYN-01845,18-20,Business,68.94,66.61,2.23,0,0,group_b,0
SYN-01846,25+,Health,89.31,82.83,5.0,1,0,group_a,0
SYN-01847,16-17,STEM,63.09,63.08,3.95,0,0,group_a,0
SYN-01848,21-24,Business,90.86,77.34,3.3,1,0,group_b,0
SYN-01849,18-20,Arts,85.2,82.26,2.43,2,0,not_stated,0
SYN-01850,18-20,STEM,81.94,78.74,4.1,0,0,group_b,1
SYN-01851,18-20,Health,69.26,74.42,3.81,0,0,group_a,0
SYN-01852,18-20,Health,89.55,79.35,3.97,0,0,group_b,0
SYN-01853,21-24,STEM,86.71,92.33,3.07,1,0,group_a,0
SYN-01854,21-24,Arts,98.76,77.85,3.15,0,0,group_a,0
SYN-01855,18-20,STEM,76.66,72.92,3.17,0,0,group_a,0
SYN-01856,18-20,Arts,86.78,46.93,2.86,0,0,group_a,1
SYN-01857,18-20,Health,100.0,55.29,2.8,1,0,group_a,0
SYN-01858,18-20,Business,79.08,89.06,3.52,1,0,group_b,1
SYN-01859,21-24,STEM,65.05,52.43,4.66,0,0,group_a,0
SYN-01860,16-17,Business,79.25,45.38,3.25,1,1,group_b,0
SYN-01861,21-24,Business,82.85,81.41,3.18,1,0,group_b,0
SYN-01862,18-20,Health,85.45,86.02,2.79,1,1,group_a,0
SYN-01863,16-17,Health,92.44,46.73,2.59,1,0,group_b,1
SYN-01864,16-17,Health,80.34,76.78,3.46,0,0,group_b,0
SYN-01865,18-20,STEM,90.29,41.64,3.03,0,1,group_a,1
SYN-01866,18-20,Arts,100.0,70.32,2.92,1,0,group_a,0
SYN-01867,18-20,STEM,86.95,36.07,3.17,0,0,group_b,1
SYN-01868,18-20,Business,85.72,80.66,4.76,1,0,group_a,0
SYN-01869,16-17,Business,76.12,86.3,3.84,1,0,group_b,0
SYN-01870,25+,Business,92.41,68.81,4.79,1,0,group_b,1
SYN-01871,18-20,Health,80.27,53.89,4.25,3,0,group_a,1
SYN-01872,18-20,STEM,90.43,42.78,2.99,1,0,group_b,0
SYN-01873,16-17,Arts,71.55,47.49,3.15,3,0,group_a,1
SYN-01874,16-17,Health,100.0,84.5,4.92,2,0,group_b,0
SYN-01875,25+,Business,69.89,53.68,3.91,0,0,group_a,0
SYN-01876,18-20,STEM,80.33,71.74,2.02,0,0,not_stated,0
SYN-01877,16-17,STEM,88.48,77.37,3.04,0,0,group_b,0
SYN-01878,16-17,Arts,92.03,79.81,4.05,0,0,group_a,0
SYN-01879,16-17,STEM,74.72,86.8,5.0,0,0,group_a,0
SYN-01880,16-17,STEM,73.41,79.77,3.54,2,0,group_b,0
SYN-01881,18-20,Arts,100.0,82.53,2.65,2,0,group_b,1
SYN-01882,18-20,Health,97.28,71.77,2.97,1,0,group_b,0
SYN-01883,18-20,Health,65.83,53.89,4.38,2,1,group_a,1
SYN-01884,18-20,Business,83.36,69.26,3.65,1,0,group_a,1
SYN-01885,18-20,Business,87.94,51.95,3.07,0,0,group_b,0
SYN-01886,18-20,Business,81.09,85.67,4.05,1,1,group_b,0
SYN-01887,25+,Health,90.49,51.73,4.61,0,0,group_a,0
SYN-01888,16-17,Health,81.59,62.1,3.63,0,0,group_a,0
SYN-01889,18-20,Arts,91.79,84.18,2.43,2,0,group_b,0
SYN-01890,16-17,Business,75.35,59.19,2.57,1,0,not_stated,0
SYN-01891,18-20,Business,91.33,80.42,4.46,1,0,group_b,0
SYN-01892,18-20,STEM,82.16,50.93,2.8,1,0,group_b,1
SYN-01893,25+,Health,93.0,64.93,2.72,1,0,group_a,1
SYN-01894,18-20,Health,86.29,79.35,3.79,0,0,group_b,0
SYN-01895,16-17,STEM,90.67,68.48,4.83,0,0,group_a,0
SYN-01896,16-17,Business,99.25,46.06,4.49,0,1,group_a,0
SYN-01897,21-24,Arts,88.96,95.76,3.43,1,0,group_b,0
SYN-01898,21-24,STEM,55.08,77.71,3.39,0,1,group_b,1
SYN-01899,21-24,Arts,82.49,53.94,3.93,2,0,group_a,0
SYN-01900,25+,STEM,72.51,54.89,3.28,0,1,group_b,0
SYN-01901,21-24,Business,72.13,52.07,3.29,0,0,group_b,0
SYN-01902,16-17,Arts,94.69,64.22,4.27,1,0,group_b,0
SYN-01903,16-17,Arts,85.39,81.78,2.88,2,0,group_a,1
SYN-01904,18-20,STEM,78.6,89.23,2.86,2,0,group_b,1
SYN-01905,25+,Business,90.45,69.02,2.85,0,0,group_a,0
SYN-01906,25+,Health,90.23,64.6,3.52,1,0,group_b,0
SYN-01907,21-24,Health,88.81,67.24,3.12,2,1,group_b,0
SYN-01908,25+,STEM,100.0,79.6,3.24,2,1,group_b,0
SYN-01909,16-17,Arts,73.6,60.64,2.58,0,0,group_b,0
SYN-01910,21-24,Arts,65.43,66.66,2.0,0,1,group_a,1
SYN-01911,16-17,STEM,60.89,62.31,2.5,0,0,group_a,0
SYN-01912,21-24,Health,71.08,66.28,4.6,0,0,group_b,0
SYN-01913,25+,Arts,79.5,68.4,4.62,1,0,group_b,0
SYN-01914,18-20,STEM,77.37,79.47,4.96,2,0,group_b,0
SYN-01915,18-20,STEM,92.26,25.45,3.99,0,0,group_a,1
SYN-01916,16-17,Business,64.1,55.04,3.75,1,1,group_a,0
SYN-01917,18-20,Business,69.64,76.51,2.96,2,0,group_b,1
SYN-01918,18-20,Arts,74.19,65.21,3.15,1,0,group_b,0
SYN-01919,18-20,Business,68.25,64.18,1.86,0,0,group_a,0
SYN-01920,21-24,STEM,88.68,71.55,4.16,1,1,group_b,0
SYN-01921,18-20,Health,100.0,74.98,4.77,0,0,group_a,0
SYN-01922,18-20,Business,84.65,58.94,3.87,1,0,not_stated,0
SYN-01923,18-20,Business,79.71,53.76,3.88,0,0,group_a,0
SYN-01924,25+,Arts,86.08,69.94,2.88,5,0,group_a,1
SYN-01925,18-20,Business,86.67,37.82,3.14,0,0,group_a,0
SYN-01926,16-17,Arts,82.64,52.65,4.47,0,0,group_a,0
SYN-01927,21-24,Arts,79.73,100.0,3.13,1,1,group_b,0
SYN-01928,18-20,Business,81.62,56.67,4.13,2,0,group_a,1
SYN-01929,18-20,Business,100.0,80.84,2.62,0,0,group_b,0
SYN-01930,21-24,STEM,75.23,75.08,4.15,1,0,group_b,0
SYN-01931,18-20,Arts,88.8,34.06,3.92,2,0,group_a,0
SYN-01932,16-17,Health,84.65,65.12,3.44,1,1,group_b,0
SYN-01933,16-17,Health,86.81,69.49,3.18,0,0,group_a,0
SYN-01934,16-17,Health,77.31,61.64,4.6,0,1,group_b,0
SYN-01935,18-20,Health,62.64,90.83,4.15,1,0,group_b,0
SYN-01936,25+,Health,63.59,83.98,2.9,1,0,group_a,0
SYN-01937,21-24,STEM,75.42,92.69,5.0,0,0,group_b,0
SYN-01938,21-24,Business,83.25,90.62,3.84,1,1,not_stated,1
SYN-01939,18-20,Arts,82.19,75.82,1.59,0,0,not_stated,1
SYN-01940,21-24,Business,86.76,57.23,4.52,1,0,group_b,0
SYN-01941,16-17,Arts,86.3,56.15,2.0,0,1,group_a,1
SYN-01942,25+,Business,83.52,56.08,4.92,3,0,group_a,1
SYN-01943,16-17,STEM,98.6,73.97,3.62,0,1,group_a,0
SYN-01944,21-24,Arts,94.12,63.09,3.05,1,1,group_a,1
SYN-01945,18-20,Health,81.79,91.02,4.66,1,0,group_b,0
SYN-01946,18-20,Arts,94.87,69.67,3.32,0,0,group_b,0
SYN-01947,21-24,Business,85.6,67.96,2.91,0,0,group_a,0
SYN-01948,21-24,Arts,100.0,50.14,4.64,0,1,group_a,1
SYN-01949,18-20,STEM,86.98,89.5,4.47,0,0,group_b,0
SYN-01950,21-24,Business,99.39,39.1,2.66,1,0,group_b,1
SYN-01951,25+,Business,64.89,81.29,4.45,1,1,group_b,1
SYN-01952,18-20,Business,78.5,67.93,3.35,1,0,group_b,0
SYN-01953,18-20,STEM,83.63,46.31,3.98,0,0,group_b,1
SYN-01954,18-20,Business,95.62,91.22,2.51,1,0,group_b,0
SYN-01955,16-17,STEM,81.37,61.78,3.7,1,0,group_b,0
SYN-01956,18-20,Arts,90.1,92.11,2.96,1,1,group_b,0
SYN-01957,16-17,STEM,62.6,82.86,4.95,1,0,not_stated,0
SYN-01958,25+,Business,94.96,80.92,3.58,2,0,group_a,0
SYN-01959,18-20,STEM,89.6,78.35,4.21,1,0,group_b,0
SYN-01960,18-20,Arts,71.94,50.07,3.2,0,0,group_b,1
SYN-01961,18-20,Arts,84.22,66.91,4.53,0,0,group_a,0
SYN-01962,21-24,Business,89.36,53.64,3.53,0,0,group_a,0
SYN-01963,21-24,Arts,95.41,65.8,4.01,0,1,group_b,0
SYN-01964,21-24,Arts,91.62,73.93,3.06,1,0,group_a,0
SYN-01965,25+,STEM,92.2,67.88,3.39,3,0,group_a,0
SYN-01966,21-24,STEM,83.42,68.38,3.27,0,0,group_a,1
SYN-01967,25+,Health,58.65,65.04,3.37,1,0,not_stated,1
SYN-01968,16-17,STEM,89.61,100.0,3.86,1,1,group_b,0
SYN-01969,16-17,STEM,68.14,77.77,2.67,1,0,group_b,0
SYN-01970,21-24,Health,87.83,62.43,4.25,0,0,group_b,0
SYN-01971,21-24,STEM,70.57,73.27,4.42,1,0,not_stated,0
SYN-01972,18-20,Business,79.93,50.19,2.79,0,0,not_stated,0
SYN-01973,21-24,Business,77.88,64.92,3.95,0,0,group_b,1
SYN-01974,25+,STEM,100.0,72.2,3.29,2,0,group_b,0
SYN-01975,16-17,Arts,87.93,72.61,3.16,1,0,group_b,1
SYN-01976,18-20,Business,93.56,39.79,2.37,1,0,group_a,1
SYN-01977,18-20,STEM,100.0,58.48,3.65,0,0,group_a,0
SYN-01978,25+,Health,76.61,51.21,2.93,0,1,group_a,1
SYN-01979,25+,Arts,73.9,80.43,2.98,1,1,group_a,0
SYN-01980,18-20,Arts,85.2,74.13,3.55,0,1,group_a,0
SYN-01981,16-17,Arts,85.91,81.3,2.59,0,0,group_b,0
SYN-01982,18-20,Health,77.18,44.13,5.0,1,0,group_a,0
SYN-01983,16-17,Arts,98.17,89.07,3.43,1,0,group_a,0
SYN-01984,21-24,Health,81.26,81.89,3.82,1,0,group_b,1
SYN-01985,16-17,STEM,90.34,51.1,3.21,1,1,group_a,0
SYN-01986,25+,STEM,94.8,47.17,3.16,1,0,group_a,0
SYN-01987,25+,Arts,100.0,79.97,2.15,2,0,group_b,1
SYN-01988,21-24,Health,89.04,75.49,3.06,0,0,not_stated,0
SYN-01989,16-17,Health,87.94,79.69,3.67,3,0,group_b,0
SYN-01990,16-17,Health,77.81,44.22,3.18,0,0,group_a,1
SYN-01991,21-24,Arts,79.64,57.27,3.19,0,0,group_a,0
SYN-01992,18-20,Business,88.02,70.92,4.51,1,0,group_a,0
SYN-01993,18-20,Arts,86.51,83.05,2.87,0,0,not_stated,0
SYN-01994,25+,Arts,78.93,62.37,3.77,0,0,group_a,0
SYN-01995,16-17,Arts,89.52,76.46,3.59,0,0,group_a,1
SYN-01996,18-20,STEM,63.16,46.81,3.76,2,1,group_a,1
SYN-01997,18-20,Arts,78.37,56.2,1.62,0,1,group_a,0
SYN-01998,18-20,STEM,82.79,62.69,3.78,0,0,group_b,0
SYN-01999,16-17,STEM,86.54,88.95,3.63,0,0,group_a,0
SYN-02000,21-24,STEM,77.63,74.4,2.67,0,1,group_b,0
SYN-02001,25+,Health,74.97,73.95,3.0,0,1,group_a,0
SYN-02002,21-24,Health,81.71,77.49,3.03,0,0,group_a,0
SYN-02003,16-17,Business,66.64,63.05,3.63,0,0,group_b,0
SYN-02004,21-24,Health,81.58,65.22,2.39,2,0,group_b,0
SYN-02005,18-20,Business,63.48,67.65,4.01,0,0,group_b,1
SYN-02006,25+,Arts,76.04,79.04,3.07,2,0,group_b,1
SYN-02007,21-24,Health,79.8,76.15,2.25,2,0,group_b,0
SYN-02008,16-17,Business,91.57,73.39,4.38,1,0,not_stated,1
SYN-02009,18-20,Health,93.78,71.98,2.7,0,1,group_b,0
SYN-02010,18-20,STEM,100.0,58.99,5.0,2,0,group_b,0
SYN-02011,16-17,Business,89.77,78.55,1.97,0,0,group_a,0
SYN-02012,21-24,Arts,100.0,75.89,4.4,2,0,group_b,0
SYN-02013,16-17,Business,83.98,54.83,2.63,1,0,group_b,0
SYN-02014,18-20,Arts,90.28,74.46,2.97,0,0,group_b,1
SYN-02015,21-24,Business,78.9,58.43,2.65,1,1,group_a,0
SYN-02016,18-20,Business,73.05,82.91,4.91,0,0,group_b,0
SYN-02017,18-20,Health,72.23,58.77,4.5,1,1,not_stated,1
SYN-02018,16-17,STEM,82.4,73.13,3.65,0,0,group_a,0
SYN-02019,16-17,STEM,80.98,69.9,4.04,0,1,group_a,0
SYN-02020,25+,Business,94.06,73.59,3.41,0,0,group_a,0
SYN-02021,18-20,Health,80.29,42.57,5.0,0,1,group_b,1
SYN-02022,18-20,Business,84.31,79.92,4.24,0,1,group_b,0
SYN-02023,16-17,Business,78.95,70.13,3.46,0,0,group_b,1
SYN-02024,18-20,STEM,96.52,74.14,1.44,1,0,group_b,0
SYN-02025,16-17,Business,77.48,55.42,4.01,0,1,group_a,0
SYN-02026,18-20,Health,91.02,84.8,2.98,1,0,group_b,0
SYN-02027,25+,Arts,85.0,82.08,2.09,0,0,group_b,1
SYN-02028,18-20,Business,79.58,61.16,3.72,2,0,group_b,0
SYN-02029,25+,Health,90.8,84.51,3.24,0,0,group_a,0
SYN-02030,18-20,STEM,100.0,45.16,2.43,0,0,group_b,0
SYN-02031,21-24,Health,74.81,71.68,3.23,0,0,group_a,0
SYN-02032,18-20,Business,77.43,84.11,2.18,0,1,group_a,0
SYN-02033,16-17,STEM,77.9,76.61,2.99,0,0,group_a,1
SYN-02034,18-20,Business,87.71,70.06,2.72,1,0,group_a,0
SYN-02035,21-24,Arts,78.42,93.92,3.12,0,0,group_a,0
SYN-02036,21-24,STEM,83.26,66.36,4.25,0,0,group_a,0
SYN-02037,18-20,Health,74.76,61.35,4.08,0,0,group_a,1
SYN-02038,25+,Business,75.0,42.34,4.26,1,0,group_a,0
SYN-02039,16-17,Arts,73.21,85.05,4.39,1,0,group_a,0
SYN-02040,16-17,STEM,96.46,75.69,4.8,1,1,group_a,0
SYN-02041,25+,Health,93.03,51.86,2.9,0,1,group_a,0
SYN-02042,16-17,STEM,75.56,63.91,3.12,1,0,group_b,0
SYN-02043,16-17,Business,100.0,73.67,2.76,3,0,group_a,0
SYN-02044,18-20,Business,66.61,60.12,3.21,0,0,group_b,0
SYN-02045,18-20,STEM,94.14,84.85,3.51,0,1,group_b,1
SYN-02046,18-20,Health,85.91,41.06,1.76,0,0,group_a,0
SYN-02047,18-20,STEM,69.34,95.83,3.27,0,0,not_stated,0
SYN-02048,18-20,Arts,86.07,56.74,2.36,0,0,group_b,0
SYN-02049,18-20,STEM,88.86,73.41,4.68,0,0,group_a,0
SYN-02050,16-17,Health,98.89,56.14,3.03,1,0,group_a,0
SYN-02051,18-20,Health,84.27,60.51,2.85,1,0,group_a,0
SYN-02052,21-24,STEM,100.0,54.18,3.4,0,1,group_a,0
SYN-02053,18-20,Arts,97.71,80.74,3.69,0,0,not_stated,0
SYN-02054,25+,STEM,92.09,48.92,3.81,1,0,group_b,0
SYN-02055,21-24,STEM,100.0,87.82,2.4,1,0,group_b,0
SYN-02056,25+,Arts,70.08,86.34,3.84,0,0,group_b,0
SYN-02057,25+,Health,68.92,37.73,3.61,1,0,group_a,1
SYN-02058,16-17,STEM,81.06,62.25,4.23,1,0,group_a,0
SYN-02059,25+,Business,84.61,100.0,2.21,2,1,group_a,0
SYN-02060,21-24,STEM,100.0,73.53,4.13,1,0,group_a,1
SYN-02061,18-20,Health,62.96,75.98,4.65,0,0,group_b,0
SYN-02062,18-20,Arts,88.32,70.62,4.33,1,0,group_a,0
SYN-02063,18-20,STEM,98.31,84.02,3.6,1,0,group_b,0
SYN-02064,21-24,STEM,86.97,52.44,3.94,2,0,group_a,0
SYN-02065,16-17,STEM,90.23,51.17,3.42,0,0,group_a,0
SYN-02066,18-20,STEM,90.3,83.6,3.56,0,0,group_b,0
SYN-02067,21-24,Arts,91.81,68.61,3.34,1,0,group_b,1
SYN-02068,21-24,Health,83.85,82.86,2.83,0,1,group_a,0
SYN-02069,21-24,Arts,85.93,87.8,3.89,0,0,not_stated,0
SYN-02070,21-24,Health,70.03,54.18,3.43,1,0,group_b,0
SYN-02071,16-17,Arts,83.52,89.84,5.0,1,0,group_a,0
SYN-02072,18-20,STEM,100.0,40.41,4.12,0,1,group_b,0
SYN-02073,21-24,Health,78.93,50.32,1.99,0,0,group_a,0
SYN-02074,21-24,Business,100.0,67.7,4.86,0,1,group_b,0
SYN-02075,16-17,Business,77.48,62.62,3.53,0,0,group_b,0
SYN-02076,18-20,STEM,95.71,78.18,2.02,1,0,group_a,0
SYN-02077,25+,Arts,87.69,81.99,2.75,1,0,not_stated,1
SYN-02078,18-20,Business,82.79,51.1,3.16,0,0,group_a,0
SYN-02079,21-24,Arts,87.86,98.09,4.59,0,0,group_a,0
SYN-02080,21-24,STEM,81.74,64.31,3.72,0,0,group_b,0
SYN-02081,18-20,Business,76.68,75.47,3.08,0,1,group_a,0
SYN-02082,16-17,Health,97.24,52.88,2.81,1,0,group_a,0
SYN-02083,16-17,Business,94.36,62.15,3.18,2,0,group_b,0
SYN-02084,18-20,Arts,88.24,57.36,2.9,1,0,group_a,0
SYN-02085,18-20,Arts,71.21,75.06,2.85,0,0,group_a,0
SYN-02086,16-17,STEM,96.79,46.01,3.45,0,0,group_b,0
SYN-02087,18-20,STEM,95.49,58.43,1.9,0,0,group_b,1
SYN-02088,16-17,Business,80.96,46.74,2.84,0,1,group_b,1
SYN-02089,21-24,STEM,100.0,57.47,3.27,1,0,group_b,0
SYN-02090,21-24,Health,64.88,100.0,2.16,0,0,group_a,0
SYN-02091,25+,STEM,86.67,81.51,3.38,2,0,group_b,0
SYN-02092,21-24,STEM,73.64,77.99,3.53,0,1,group_a,0
SYN-02093,16-17,Arts,82.88,94.3,3.54,0,0,group_b,0
SYN-02094,21-24,Arts,84.82,39.55,1.68,1,0,not_stated,1
SYN-02095,21-24,STEM,86.61,90.91,4.3,0,0,group_b,0
SYN-02096,25+,STEM,83.05,58.48,2.99,0,0,group_b,0
SYN-02097,16-17,Health,80.04,85.77,1.58,2,0,group_a,0
SYN-02098,21-24,Arts,84.21,63.56,4.72,0,0,group_a,0
SYN-02099,18-20,Business,76.32,63.42,2.47,1,0,group_a,1
SYN-02100,16-17,Health,99.09,93.28,2.03,0,1,group_a,0
SYN-02101,18-20,STEM,77.51,49.28,2.21,0,1,group_a,1
SYN-02102,21-24,Arts,81.58,81.15,4.23,0,0,group_a,0
SYN-02103,16-17,Health,90.96,55.86,3.4,0,0,group_b,0
SYN-02104,21-24,STEM,88.08,61.44,4.13,1,0,group_b,0
SYN-02105,21-24,Business,78.42,74.19,3.8,1,0,group_b,0
SYN-02106,21-24,Arts,87.17,66.5,4.1,2,0,group_b,0
SYN-02107,18-20,Health,83.81,81.22,2.6,1,0,group_a,0
SYN-02108,16-17,STEM,80.57,81.14,2.72,1,0,group_b,0
SYN-02109,21-24,Health,88.14,97.77,3.05,0,0,group_b,0
SYN-02110,25+,Arts,73.94,54.57,2.03,0,0,group_b,0
SYN-02111,16-17,Health,81.4,78.65,2.45,1,0,group_b,1
SYN-02112,16-17,Arts,91.15,51.04,3.69,1,0,group_a,0
SYN-02113,16-17,Business,70.36,36.14,2.03,2,1,group_a,1
SYN-02114,18-20,Arts,94.84,45.23,3.02,1,0,group_b,0
SYN-02115,18-20,Arts,77.52,55.65,4.74,4,0,group_b,0
SYN-02116,16-17,STEM,95.49,65.74,1.93,1,0,group_b,0
SYN-02117,16-17,Arts,77.02,81.7,3.38,0,1,group_a,0
SYN-02118,18-20,Health,85.39,62.82,4.02,1,0,group_b,0
SYN-02119,25+,Health,95.91,80.74,4.15,1,1,not_stated,0
SYN-02120,21-24,STEM,86.39,67.42,3.79,1,1,group_b,0
SYN-02121,21-24,STEM,81.35,67.35,4.65,0,1,group_b,0
SYN-02122,18-20,Health,99.77,87.35,4.33,0,0,not_stated,0
SYN-02123,21-24,Business,75.62,68.93,3.53,2,0,group_a,0
SYN-02124,21-24,Business,92.85,100.0,4.47,0,0,group_a,0
SYN-02125,25+,Arts,70.28,46.4,4.55,0,0,group_a,0
SYN-02126,16-17,Business,81.66,59.96,3.59,0,0,group_a,1
SYN-02127,21-24,Business,77.17,66.44,3.25,0,0,group_b,1
SYN-02128,25+,Business,87.24,63.51,4.5,0,0,group_a,0
SYN-02129,21-24,Health,81.07,46.34,3.24,1,1,group_a,0
SYN-02130,18-20,Arts,92.77,90.72,2.87,0,0,group_b,0
SYN-02131,16-17,Health,93.95,55.83,2.5,0,0,group_b,0
SYN-02132,16-17,STEM,82.17,65.51,2.37,2,0,group_a,0
SYN-02133,21-24,STEM,83.91,86.51,2.74,1,0,group_b,1
SYN-02134,21-24,STEM,92.13,69.2,3.35,0,0,group_b,0
SYN-02135,16-17,Health,97.81,50.2,3.51,0,0,group_a,1
SYN-02136,16-17,Health,86.19,68.83,3.18,1,0,group_b,0
SYN-02137,21-24,STEM,65.52,69.47,3.8,1,0,group_b,1
SYN-02138,21-24,STEM,96.07,64.9,2.77,2,0,group_b,0
SYN-02139,21-24,Arts,100.0,26.8,1.42,0,1,group_a,0
SYN-02140,16-17,Arts,78.54,55.44,3.93,0,0,group_b,0
SYN-02141,16-17,Health,79.68,75.61,4.07,1,1,group_a,0
SYN-02142,18-20,Business,57.32,67.14,3.84,2,0,group_b,1
SYN-02143,25+,Business,83.05,66.14,3.07,0,0,group_b,1
SYN-02144,21-24,Arts,77.76,96.86,3.66,2,1,group_a,0
SYN-02145,21-24,Arts,79.49,63.7,1.83,0,1,group_a,1
SYN-02146,16-17,STEM,78.57,73.16,3.48,0,0,group_b,0
SYN-02147,16-17,Business,84.25,73.06,2.36,0,0,group_b,0
SYN-02148,16-17,Business,79.8,52.08,1.97,0,0,group_a,0
SYN-02149,16-17,Arts,86.54,85.7,2.96,1,0,group_a,1
SYN-02150,21-24,Arts,86.66,67.05,4.02,1,0,group_b,1
SYN-02151,16-17,Business,79.75,64.08,2.76,1,0,group_b,1
SYN-02152,16-17,Health,96.04,89.93,3.19,1,1,group_b,0
SYN-02153,16-17,STEM,88.88,66.54,3.48,0,0,group_b,0
SYN-02154,25+,STEM,85.33,84.27,4.08,1,1,group_b,0
SYN-02155,16-17,STEM,70.03,38.32,4.55,0,0,group_a,1
SYN-02156,18-20,STEM,66.87,51.31,2.86,1,0,group_b,1
SYN-02157,18-20,Health,74.82,64.06,3.97,1,0,group_a,0
SYN-02158,18-20,STEM,62.87,81.99,2.41,0,0,group_a,0
SYN-02159,18-20,Arts,68.2,56.64,3.1,0,0,not_stated,0
SYN-02160,18-20,Arts,90.65,55.8,3.71,1,0,group_b,1
SYN-02161,21-24,Arts,77.31,67.11,3.27,1,0,group_a,0
SYN-02162,18-20,Health,93.33,54.99,3.4,1,0,group_b,0
SYN-02163,18-20,STEM,75.29,86.12,2.37,0,0,group_b,0
SYN-02164,21-24,STEM,85.66,76.53,3.49,0,0,group_b,1
SYN-02165,21-24,STEM,88.49,77.44,4.89,2,0,group_b,0
SYN-02166,16-17,Business,61.79,57.29,3.71,0,0,group_b,1
SYN-02167,18-20,Business,81.96,58.04,5.0,1,0,group_a,0
SYN-02168,21-24,Health,79.72,88.12,4.81,1,0,group_a,0
SYN-02169,18-20,STEM,98.37,65.17,5.0,0,0,group_b,0
SYN-02170,21-24,Arts,85.29,61.2,4.56,0,0,not_stated,0
SYN-02171,16-17,STEM,91.38,82.5,3.29,1,0,group_a,0
SYN-02172,16-17,Arts,93.47,79.67,4.63,0,0,group_b,0
SYN-02173,16-17,Health,64.78,58.6,4.46,2,0,group_a,0
SYN-02174,25+,Health,93.2,91.97,1.91,0,0,group_b,0
SYN-02175,16-17,Arts,85.26,54.53,3.42,0,0,group_a,0
SYN-02176,21-24,Business,67.05,66.33,3.56,2,1,group_a,1
SYN-02177,21-24,Health,84.09,77.53,4.13,1,0,group_b,0
SYN-02178,16-17,STEM,85.86,54.59,2.25,2,0,group_b,0
SYN-02179,21-24,Health,79.94,79.32,3.76,1,0,group_a,0
SYN-02180,16-17,STEM,82.23,73.46,4.37,1,0,group_a,0
SYN-02181,21-24,Arts,91.86,57.55,2.12,0,0,group_b,0
SYN-02182,18-20,STEM,73.56,61.49,3.79,1,0,group_a,1
SYN-02183,16-17,Health,87.96,65.11,3.62,0,0,group_b,0
SYN-02184,16-17,Arts,76.16,57.46,3.57,1,1,group_a,0
SYN-02185,18-20,Arts,88.36,78.14,4.02,1,1,not_stated,0
SYN-02186,25+,STEM,78.92,64.05,3.78,1,0,group_b,0
SYN-02187,16-17,STEM,63.73,71.5,4.14,2,0,group_b,1
SYN-02188,18-20,Health,87.88,84.34,3.83,0,0,not_stated,0
SYN-02189,16-17,Business,64.5,61.83,3.32,1,0,not_stated,0
SYN-02190,18-20,STEM,93.96,82.86,2.76,1,1,group_a,0
SYN-02191,16-17,STEM,85.34,69.44,1.82,0,0,group_a,1
SYN-02192,21-24,STEM,96.86,77.5,3.58,0,1,group_a,0
SYN-02193,18-20,Health,76.3,66.88,4.48,0,0,group_a,0
SYN-02194,18-20,Business,90.88,53.7,3.06,0,0,not_stated,0
SYN-02195,18-20,Health,92.41,71.92,4.29,2,0,group_a,0
SYN-02196,21-24,Health,88.48,70.73,2.71,1,0,group_b,0
SYN-02197,25+,STEM,89.54,50.41,2.87,2,0,group_a,0
SYN-02198,21-24,Business,93.34,58.18,4.49,0,0,group_a,0
SYN-02199,21-24,STEM,80.35,51.35,3.69,1,0,group_a,1
SYN-02200,21-24,Health,76.91,100.0,2.36,0,0,group_b,0
SYN-02201,25+,Health,65.83,65.76,3.63,1,0,group_a,0
SYN-02202,18-20,Health,75.53,76.96,3.04,1,0,group_b,0
SYN-02203,18-20,Business,65.0,62.94,4.15,1,0,group_b,1
SYN-02204,18-20,Health,81.49,66.92,4.63,1,0,group_b,0
SYN-02205,18-20,Business,83.21,56.05,4.04,2,0,group_b,0
SYN-02206,16-17,Business,82.3,84.08,4.5,0,1,group_a,0
SYN-02207,21-24,Business,73.0,59.71,3.75,0,0,group_a,1
SYN-02208,18-20,Business,83.2,77.23,2.19,2,0,group_a,0
SYN-02209,18-20,Arts,68.19,82.84,3.45,2,0,group_a,0
SYN-02210,21-24,Arts,86.79,51.75,3.28,0,1,group_a,0
SYN-02211,16-17,Arts,100.0,78.3,2.2,0,0,group_a,1
SYN-02212,25+,Arts,68.38,63.65,3.66,0,0,group_a,1
SYN-02213,18-20,Business,89.36,89.09,4.12,0,0,group_a,0
SYN-02214,18-20,STEM,100.0,39.79,3.72,0,0,group_a,0
SYN-02215,21-24,Business,71.62,74.65,3.01,0,0,group_a,0
SYN-02216,18-20,Business,72.78,58.74,2.85,2,0,group_b,1
SYN-02217,25+,STEM,84.64,39.69,3.11,0,0,group_a,0
SYN-02218,21-24,Health,81.9,70.91,3.3,0,0,not_stated,0
SYN-02219,18-20,Health,100.0,65.87,4.14,0,0,group_a,0
SYN-02220,16-17,Business,75.59,64.63,3.33,2,0,group_b,0
SYN-02221,21-24,STEM,82.94,86.44,1.79,0,0,group_b,0
SYN-02222,25+,Health,94.15,52.43,2.69,0,0,group_a,0
SYN-02223,16-17,Business,79.76,81.17,4.87,0,0,group_b,0
SYN-02224,18-20,Health,94.99,100.0,4.2,0,0,group_a,0
SYN-02225,21-24,Business,97.79,46.91,4.74,2,1,group_a,0
SYN-02226,25+,Arts,73.43,83.55,2.36,1,0,group_a,0
SYN-02227,16-17,Arts,94.31,90.65,3.29,0,0,group_b,0
SYN-02228,18-20,STEM,100.0,73.39,1.99,0,0,group_b,1
SYN-02229,25+,Business,79.62,74.84,3.83,0,1,group_a,0
SYN-02230,16-17,STEM,73.42,69.78,2.52,2,1,not_stated,1
SYN-02231,18-20,Arts,77.71,63.01,4.22,2,0,group_a,0
SYN-02232,18-20,Arts,70.75,74.42,2.51,2,0,group_a,0
SYN-02233,16-17,Business,100.0,86.31,4.32,0,0,group_a,0
SYN-02234,18-20,Business,77.35,42.68,3.72,2,1,group_b,1
SYN-02235,18-20,Health,84.78,64.82,3.71,2,1,group_a,1
SYN-02236,18-20,Business,82.64,98.97,3.47,0,0,group_b,0
SYN-02237,25+,Business,85.3,64.54,2.67,0,0,group_a,0
SYN-02238,18-20,STEM,75.51,55.19,3.3,0,0,group_b,0
SYN-02239,21-24,STEM,79.46,75.45,3.43,1,1,group_a,0
SYN-02240,25+,Health,80.34,80.4,4.02,0,0,group_b,0
SYN-02241,25+,Health,97.43,61.22,4.01,0,0,group_b,0
SYN-02242,21-24,Arts,94.68,65.52,3.62,0,0,group_b,0
SYN-02243,18-20,Arts,72.26,77.61,2.62,1,0,group_a,0
SYN-02244,16-17,Business,98.92,74.42,3.83,1,0,group_a,0
SYN-02245,18-20,STEM,94.97,67.21,4.41,1,0,group_b,0
SYN-02246,18-20,Health,86.99,74.49,3.18,0,0,group_b,0
SYN-02247,16-17,Arts,85.32,51.39,3.09,0,0,group_a,0
SYN-02248,21-24,Arts,93.51,74.29,3.0,0,0,not_stated,0
SYN-02249,21-24,STEM,95.64,72.3,3.98,2,0,group_b,0
SYN-02250,16-17,STEM,77.84,43.94,2.14,1,1,group_b,1
SYN-02251,21-24,Business,90.74,45.21,3.79,0,0,group_a,0
SYN-02252,25+,Arts,87.24,50.05,3.13,1,0,not_stated,1
SYN-02253,16-17,Health,74.95,69.12,2.68,0,1,group_b,0
SYN-02254,21-24,Arts,91.76,70.09,2.39,0,0,group_b,0
SYN-02255,25+,Arts,63.34,93.8,1.28,0,1,not_stated,0
SYN-02256,25+,Arts,78.74,67.75,4.61,0,0,group_a,0
SYN-02257,18-20,Business,69.81,71.75,5.0,0,0,group_b,0
SYN-02258,16-17,Business,91.06,42.43,1.57,2,0,not_stated,0
SYN-02259,18-20,Arts,100.0,66.45,4.52,1,0,group_b,0
SYN-02260,21-24,Arts,77.57,59.7,3.12,0,0,group_b,1
SYN-02261,18-20,STEM,85.46,91.24,4.31,2,0,group_a,0
SYN-02262,18-20,Health,94.24,44.0,3.65,0,0,group_a,0
SYN-02263,18-20,Health,68.91,94.34,3.63,1,0,group_a,1
SYN-02264,18-20,Arts,76.65,63.37,3.12,0,0,group_a,1
SYN-02265,21-24,Business,82.35,81.06,4.16,3,0,group_b,0
SYN-02266,18-20,Health,80.03,77.59,2.86,0,0,group_b,0
SYN-02267,18-20,Business,68.04,72.2,2.7,1,0,group_b,0
SYN-02268,18-20,Health,85.38,78.71,2.92,0,0,group_a,0
SYN-02269,16-17,Health,90.6,72.21,3.58,0,1,group_b,0
SYN-02270,21-24,Arts,83.53,53.65,3.56,0,0,group_b,0
SYN-02271,21-24,Arts,84.71,65.81,3.61,0,1,group_a,0
SYN-02272,21-24,Business,85.4,63.9,3.01,1,0,group_a,0
SYN-02273,21-24,Health,82.68,33.53,4.31,0,0,group_a,0
SYN-02274,21-24,Business,90.13,76.18,4.43,1,0,group_a,0
SYN-02275,21-24,Business,88.72,67.86,1.97,1,1,group_b,0
SYN-02276,25+,STEM,86.79,78.09,2.6,1,0,group_b,0
SYN-02277,21-24,Business,75.46,79.5,4.9,0,0,group_a,0
SYN-02278,18-20,STEM,91.6,87.24,2.55,1,0,group_a,0
SYN-02279,21-24,Health,79.82,79.39,4.1,1,0,group_b,0
SYN-02280,16-17,Business,99.84,60.31,3.4,0,0,group_a,0
SYN-02281,16-17,Business,100.0,66.66,4.72,0,0,group_a,0
SYN-02282,18-20,Business,88.39,84.17,3.64,0,0,group_a,0
SYN-02283,25+,STEM,82.76,55.47,3.59,0,0,group_b,1
SYN-02284,18-20,STEM,100.0,71.27,1.0,0,0,not_stated,0
SYN-02285,21-24,Business,91.78,50.41,1.9,1,0,group_a,0
SYN-02286,25+,Health,74.41,45.09,2.47,0,0,group_a,1
SYN-02287,21-24,STEM,88.7,52.11,2.99,2,0,group_b,1
SYN-02288,18-20,STEM,83.26,66.21,4.63,1,0,group_a,1
SYN-02289,16-17,STEM,89.06,72.47,3.35,1,0,group_a,0
SYN-02290,25+,Arts,71.52,63.92,2.58,0,0,group_a,0
SYN-02291,16-17,STEM,94.07,57.48,4.32,1,0,group_a,1
SYN-02292,18-20,STEM,77.27,66.36,4.37,0,0,group_a,0
SYN-02293,16-17,Health,100.0,61.48,4.93,2,0,group_b,0
SYN-02294,16-17,Health,78.16,69.35,3.82,0,0,group_a,1
SYN-02295,21-24,Business,78.46,46.87,3.36,0,1,group_a,1
SYN-02296,16-17,Health,82.07,66.96,3.73,2,0,group_b,1
SYN-02297,16-17,Business,100.0,35.51,2.25,0,0,group_b,1
SYN-02298,18-20,STEM,82.6,46.18,4.41,0,0,group_b,0
SYN-02299,18-20,Arts,89.7,73.16,3.77,0,1,group_b,0
SYN-02300,18-20,Health,69.97,63.96,4.28,1,0,group_b,0
SYN-02301,25+,Arts,55.83,48.02,3.31,2,0,group_a,1
SYN-02302,21-24,Arts,71.91,82.12,4.22,0,0,group_a,0
SYN-02303,16-17,STEM,65.97,63.96,3.75,2,0,group_b,1
SYN-02304,18-20,Health,82.44,83.57,3.99,0,0,not_stated,0
SYN-02305,18-20,Business,90.71,65.4,3.73,0,0,group_a,0
SYN-02306,21-24,Arts,75.72,98.25,4.2,2,0,group_a,1
SYN-02307,18-20,Business,87.65,69.22,3.99,0,0,group_b,0
SYN-02308,21-24,Business,72.46,79.07,3.62,1,0,group_a,1
SYN-02309,16-17,Arts,100.0,93.27,2.79,1,0,group_b,0
SYN-02310,25+,Health,84.17,65.12,3.05,0,1,group_a,1
SYN-02311,21-24,Arts,88.78,78.03,1.21,0,1,group_a,1
SYN-02312,16-17,Arts,88.12,58.53,4.48,0,0,group_b,0
SYN-02313,18-20,Business,81.18,100.0,4.15,0,0,group_b,0
SYN-02314,18-20,STEM,84.54,75.5,1.86,0,0,group_b,0
SYN-02315,21-24,Health,86.19,95.13,3.14,2,0,group_b,0
SYN-02316,25+,Health,84.9,22.63,5.0,1,1,group_b,0
SYN-02317,18-20,Health,85.09,88.28,3.02,0,0,group_a,1
SYN-02318,18-20,Arts,84.27,73.93,3.75,1,0,group_b,0
SYN-02319,25+,STEM,85.41,42.87,3.06,0,0,group_a,0
SYN-02320,25+,Business,74.25,43.15,3.34,0,0,group_b,0
SYN-02321,16-17,Business,87.36,80.21,3.55,0,0,group_a,0
SYN-02322,16-17,Health,100.0,48.71,3.01,0,0,group_a,0
SYN-02323,25+,Health,73.65,58.84,2.64,2,0,group_a,0
SYN-02324,18-20,Arts,85.39,85.48,3.15,0,0,group_a,0
SYN-02325,25+,STEM,89.49,71.66,4.23,0,0,group_a,0
SYN-02326,18-20,STEM,85.77,100.0,4.56,0,0,group_a,0
SYN-02327,16-17,STEM,87.11,61.5,4.01,0,0,group_a,0
SYN-02328,25+,Business,87.24,56.19,5.0,0,0,group_b,0
SYN-02329,21-24,Arts,84.85,88.05,3.52,0,0,group_b,0
SYN-02330,21-24,Arts,75.81,32.56,3.5,0,0,group_b,1
SYN-02331,18-20,Business,100.0,54.07,4.16,1,1,group_b,0
SYN-02332,16-17,Business,87.39,87.86,2.09,1,0,group_a,0
SYN-02333,21-24,Arts,97.3,74.28,3.54,2,1,group_a,0
SYN-02334,21-24,Arts,81.77,90.2,2.56,0,1,not_stated,0
SYN-02335,21-24,Business,79.83,71.1,3.49,0,1,group_b,0
SYN-02336,21-24,Business,98.46,68.9,4.08,1,1,group_b,1
SYN-02337,18-20,STEM,95.29,71.09,3.67,0,0,group_a,0
SYN-02338,16-17,Business,79.02,58.63,2.63,1,0,group_b,0
SYN-02339,16-17,STEM,91.4,66.26,3.96,1,1,group_a,0
SYN-02340,16-17,STEM,82.55,52.0,3.28,2,0,group_a,1
SYN-02341,21-24,Business,81.24,44.43,3.0,1,0,group_b,0
SYN-02342,16-17,Arts,78.4,75.09,3.7,1,0,group_a,1
SYN-02343,21-24,Arts,81.58,40.68,4.87,0,0,group_a,0
SYN-02344,25+,Business,90.2,88.6,3.08,1,1,group_a,1
SYN-02345,21-24,Business,94.62,36.53,3.74,0,0,group_a,0
SYN-02346,21-24,Arts,100.0,68.17,5.0,0,0,group_b,0
SYN-02347,18-20,Arts,97.21,64.92,3.96,2,0,group_a,0
SYN-02348,18-20,Business,91.89,46.54,3.52,1,0,group_a,0
SYN-02349,21-24,Business,75.68,58.24,4.87,0,0,group_b,0
SYN-02350,25+,Health,60.3,75.18,3.65,2,0,group_a,0
SYN-02351,16-17,Business,80.57,77.54,3.2,2,0,group_a,1
SYN-02352,21-24,Business,77.95,76.99,3.49,0,0,group_b,0
SYN-02353,18-20,Business,75.79,85.48,4.77,1,0,group_a,0
SYN-02354,25+,STEM,90.9,96.65,2.66,0,0,group_b,0
SYN-02355,21-24,Business,74.28,66.06,3.79,1,0,group_a,0
SYN-02356,18-20,Arts,67.7,77.12,4.49,0,0,group_a,0
SYN-02357,21-24,STEM,92.07,89.65,3.11,0,0,group_b,0
SYN-02358,21-24,STEM,68.55,55.6,2.81,0,0,group_b,0
SYN-02359,25+,Business,85.66,62.32,3.03,1,0,group_a,0
SYN-02360,16-17,Arts,89.33,62.67,2.98,0,0,group_a,0
SYN-02361,21-24,STEM,91.72,83.39,3.64,0,0,group_b,0
SYN-02362,25+,Health,70.05,84.76,2.73,2,0,group_b,0
SYN-02363,18-20,STEM,96.64,64.86,3.05,0,0,group_b,0
SYN-02364,16-17,STEM,100.0,81.2,4.95,0,0,group_b,0
SYN-02365,18-20,Arts,78.62,97.15,3.98,0,1,group_b,1
SYN-02366,16-17,STEM,82.76,92.61,2.21,1,0,group_b,0
SYN-02367,18-20,Health,73.08,81.41,4.04,1,0,group_a,0
SYN-02368,16-17,STEM,87.49,80.54,3.14,0,0,group_a,0
SYN-02369,25+,Business,95.48,53.88,3.25,1,0,group_a,0
SYN-02370,18-20,Business,96.41,72.47,3.67,0,1,group_a,0
SYN-02371,16-17,STEM,87.27,97.68,2.45,1,0,group_a,0
SYN-02372,18-20,Arts,84.27,49.73,4.38,0,0,group_a,1
SYN-02373,18-20,Health,80.78,43.79,3.89,2,0,group_a,0
SYN-02374,18-20,Arts,91.84,69.54,4.7,0,0,group_b,0
SYN-02375,16-17,Business,93.77,56.29,4.15,0,0,group_b,0
SYN-02376,25+,Arts,74.9,75.43,3.98,0,1,group_a,0
SYN-02377,21-24,Health,83.57,88.43,2.65,0,0,group_a,0
SYN-02378,21-24,Health,82.78,62.39,4.1,1,0,group_b,0
SYN-02379,21-24,STEM,74.45,70.66,3.28,2,0,group_a,1
SYN-02380,21-24,Business,93.22,45.76,4.48,0,0,group_a,0
SYN-02381,16-17,Business,73.84,68.61,4.41,0,0,group_b,0
SYN-02382,16-17,Health,87.83,81.1,4.26,1,0,group_a,0
SYN-02383,18-20,STEM,100.0,66.78,2.93,2,0,group_b,0
SYN-02384,18-20,Health,94.38,63.78,4.2,1,0,group_b,0
SYN-02385,16-17,STEM,86.27,53.03,2.37,0,1,group_b,1
SYN-02386,16-17,Health,66.6,62.52,3.61,0,1,group_b,0
SYN-02387,25+,Health,86.03,62.89,4.55,0,0,group_a,0
SYN-02388,16-17,STEM,90.09,76.6,2.75,1,1,group_a,1
SYN-02389,25+,Business,91.34,94.03,3.89,0,0,group_b,0
SYN-02390,18-20,STEM,97.69,54.13,3.6,1,0,not_stated,0
SYN-02391,16-17,STEM,79.94,75.35,3.62,0,0,group_a,0
SYN-02392,25+,Business,85.91,100.0,3.67,0,0,group_a,0
SYN-02393,16-17,STEM,78.0,56.0,3.95,1,1,group_b,0
SYN-02394,25+,Arts,88.86,86.31,2.76,0,0,group_a,0
SYN-02395,21-24,Health,86.92,52.25,3.95,1,0,group_b,0
SYN-02396,18-20,Health,78.65,100.0,2.15,1,0,group_b,0
SYN-02397,18-20,STEM,76.59,49.74,3.27,2,0,group_b,0
SYN-02398,18-20,STEM,89.36,96.14,4.09,1,1,not_stated,0
SYN-02399,16-17,STEM,92.15,27.28,3.81,1,0,group_a,0
SYN-02400,16-17,Arts,89.39,77.73,2.46,1,0,group_a,1
SYN-02401,18-20,STEM,80.29,73.17,3.31,1,0,group_a,0
SYN-02402,25+,STEM,83.03,38.14,2.4,0,0,group_a,0
SYN-02403,16-17,Business,68.19,66.17,4.11,2,0,group_a,0
SYN-02404,21-24,Arts,74.59,69.18,2.93,3,0,group_b,0
SYN-02405,16-17,STEM,77.48,50.46,3.39,0,0,group_b,1
SYN-02406,25+,STEM,78.56,74.84,3.99,0,0,group_b,1
SYN-02407,16-17,Health,81.83,91.5,2.97,1,0,group_b,0
SYN-02408,16-17,Arts,82.58,66.18,3.58,0,0,group_b,1
SYN-02409,16-17,STEM,93.05,54.04,4.07,0,0,group_a,0
SYN-02410,21-24,Health,84.91,56.33,3.18,0,0,group_b,1
SYN-02411,25+,Health,80.13,59.4,2.36,1,0,group_a,0
SYN-02412,21-24,Arts,89.02,50.65,3.18,1,1,group_a,1
SYN-02413,18-20,Business,76.48,75.21,3.03,2,0,group_b,1
SYN-02414,21-24,Business,79.01,66.54,4.05,0,0,group_b,0
SYN-02415,18-20,STEM,97.34,66.8,4.14,2,1,group_a,0
SYN-02416,21-24,STEM,83.95,74.73,2.75,2,0,group_a,0
SYN-02417,25+,STEM,100.0,67.38,4.35,0,0,group_b,0
SYN-02418,18-20,Health,89.79,68.44,4.36,2,0,not_stated,1
SYN-02419,16-17,Arts,67.21,78.27,4.19,0,0,group_a,1
SYN-02420,16-17,Business,69.48,79.73,3.8,0,0,not_stated,0
SYN-02421,21-24,Health,85.5,73.06,3.24,0,0,group_b,0
SYN-02422,18-20,Business,76.28,69.48,2.98,0,0,group_b,0
SYN-02423,25+,Arts,85.37,50.16,3.62,1,0,group_a,0
SYN-02424,21-24,Arts,72.62,56.75,2.14,1,0,group_b,1
SYN-02425,21-24,Business,92.3,72.59,2.34,3,0,group_a,1
SYN-02426,25+,Health,87.34,59.69,1.03,0,1,group_a,0
SYN-02427,21-24,Business,80.57,86.69,2.91,1,1,group_b,0
SYN-02428,21-24,STEM,90.58,77.12,3.22,0,1,group_b,0
SYN-02429,25+,Arts,85.64,86.69,4.85,0,1,group_a,1
SYN-02430,18-20,Health,94.59,70.97,3.08,0,0,group_a,0
SYN-02431,18-20,Business,88.85,48.95,4.01,0,0,group_b,0
SYN-02432,18-20,Health,96.93,68.23,3.28,0,0,group_a,0
SYN-02433,16-17,Business,82.8,45.4,3.07,0,0,group_b,0
SYN-02434,18-20,Arts,81.72,76.3,4.16,1,0,group_a,0
SYN-02435,25+,Health,64.35,78.41,2.84,1,0,group_b,1
SYN-02436,18-20,STEM,82.54,37.59,2.53,2,1,group_a,1
SYN-02437,25+,Health,87.36,66.95,3.43,0,0,group_b,0
SYN-02438,16-17,Arts,80.79,44.75,2.82,0,0,group_b,0
SYN-02439,18-20,Business,75.49,90.24,2.74,0,0,group_b,0
SYN-02440,18-20,Business,92.12,59.14,5.0,0,0,not_stated,0
SYN-02441,18-20,Arts,70.53,80.16,3.42,0,0,group_b,0
SYN-02442,16-17,Arts,70.99,43.65,3.48,0,1,group_b,1
SYN-02443,18-20,Arts,90.64,75.64,4.52,3,0,group_b,0
SYN-02444,25+,STEM,82.46,70.78,3.48,1,1,group_b,0
SYN-02445,18-20,Arts,57.13,78.35,3.27,0,1,group_b,1
SYN-02446,25+,Business,76.91,52.78,4.49,2,0,group_b,0
SYN-02447,16-17,Business,100.0,86.43,3.38,1,0,group_b,0
SYN-02448,18-20,STEM,66.6,56.12,3.57,0,1,group_b,0
SYN-02449,18-20,STEM,100.0,72.07,2.26,2,0,group_a,0
SYN-02450,25+,Arts,100.0,58.75,3.15,1,0,group_b,0
SYN-02451,16-17,Business,100.0,76.51,4.09,1,0,group_b,0
SYN-02452,25+,Business,93.18,92.68,3.68,0,0,group_a,0
SYN-02453,21-24,Business,83.89,65.23,2.05,2,0,group_a,0
SYN-02454,18-20,STEM,83.37,79.19,4.41,2,0,group_b,0
SYN-02455,18-20,STEM,100.0,43.77,3.11,0,0,group_a,0
SYN-02456,21-24,Business,100.0,66.19,4.93,1,0,group_a,0
SYN-02457,18-20,STEM,75.25,60.3,4.51,1,0,group_a,0
SYN-02458,18-20,STEM,89.75,64.97,5.0,0,0,group_a,0
SYN-02459,18-20,STEM,84.9,50.15,2.08,1,1,group_a,0
SYN-02460,18-20,STEM,82.71,55.35,3.65,2,0,group_a,0
SYN-02461,18-20,Business,86.63,78.51,2.77,2,0,group_b,0
SYN-02462,16-17,STEM,60.74,63.58,5.0,3,0,group_a,0
SYN-02463,21-24,STEM,82.7,76.91,1.84,0,1,group_a,1
SYN-02464,18-20,Health,80.71,74.89,3.42,0,0,group_b,0
SYN-02465,25+,Arts,76.05,70.57,3.33,0,0,group_b,0
SYN-02466,16-17,Arts,93.15,76.56,2.31,0,0,group_a,0
SYN-02467,16-17,Arts,86.38,87.01,3.95,1,1,group_a,0
SYN-02468,18-20,Arts,83.02,42.99,4.83,1,0,group_b,0
SYN-02469,18-20,Business,83.2,47.78,2.4,0,1,group_b,0
SYN-02470,25+,Arts,93.5,52.7,4.27,2,0,group_a,0
SYN-02471,16-17,STEM,96.17,84.89,3.83,1,0,group_b,0
SYN-02472,21-24,Arts,75.77,49.32,3.31,2,0,group_b,0
SYN-02473,25+,Health,80.84,64.54,4.11,0,0,group_b,0
SYN-02474,18-20,Arts,68.96,75.64,2.34,0,0,group_b,1
SYN-02475,18-20,STEM,50.91,67.31,3.35,1,0,group_a,1
SYN-02476,16-17,STEM,74.87,66.34,3.37,1,0,group_a,0
SYN-02477,25+,Business,83.56,67.87,3.75,0,0,group_a,0
SYN-02478,21-24,Arts,91.08,92.58,3.56,0,0,group_a,0
SYN-02479,25+,Arts,95.64,76.45,4.36,2,1,group_a,0
SYN-02480,21-24,Health,88.95,62.18,4.01,0,0,group_b,0
SYN-02481,21-24,Health,98.08,74.79,4.18,0,0,group_a,0
SYN-02482,25+,Business,91.66,72.84,2.92,1,0,group_a,0
SYN-02483,18-20,Health,80.22,65.14,2.69,0,1,group_b,1
SYN-02484,18-20,Business,97.03,61.13,2.92,1,1,group_b,0
SYN-02485,16-17,Business,82.72,93.99,4.3,0,0,group_b,0
SYN-02486,16-17,Health,96.8,80.16,4.0,0,1,group_a,0
SYN-02487,25+,Arts,95.68,70.78,3.13,1,0,group_b,0
SYN-02488,25+,STEM,80.75,60.52,2.6,0,1,group_a,1
SYN-02489,18-20,STEM,85.35,78.31,3.0,0,0,group_b,0
SYN-02490,18-20,Health,74.95,65.43,2.9,2,1,group_a,1
SYN-02491,18-20,Business,100.0,85.63,3.66,2,0,not_stated,0
SYN-02492,18-20,STEM,68.7,74.17,1.95,0,1,group_b,1
SYN-02493,16-17,STEM,90.29,81.9,3.42,3,0,group_a,1
SYN-02494,18-20,Business,72.37,62.07,3.76,0,0,group_b,0
SYN-02495,21-24,STEM,75.32,90.38,4.48,0,0,group_b,0
SYN-02496,18-20,Health,72.15,71.22,3.87,1,0,group_a,1
SYN-02497,18-20,STEM,88.57,55.28,4.33,3,0,group_b,0
SYN-02498,25+,Arts,64.57,81.89,2.46,2,1,group_a,1
SYN-02499,25+,Health,83.77,74.55,4.03,1,0,group_b,0
SYN-02500,18-20,Arts,82.69,74.7,4.17,1,0,group_a,0
SYN-02501,16-17,Health,91.6,70.11,4.01,1,1,group_b,0
SYN-02502,18-20,Health,98.78,56.72,2.6,0,0,group_b,0
SYN-02503,21-24,STEM,95.19,71.31,2.97,0,0,group_b,0
SYN-02504,18-20,Health,87.98,78.38,4.56,1,0,group_a,0
SYN-02505,25+,Health,69.96,59.56,2.92,0,0,group_a,0
SYN-02506,18-20,Arts,73.81,57.35,3.21,0,0,group_a,0
SYN-02507,18-20,Arts,97.07,68.55,3.66,1,0,group_b,0
SYN-02508,18-20,Business,80.19,81.96,4.18,0,1,group_b,1
SYN-02509,18-20,Health,88.55,71.13,3.04,0,0,group_a,0
SYN-02510,18-20,Health,100.0,63.23,3.82,1,0,group_b,0
SYN-02511,18-20,Arts,78.26,31.7,3.78,1,0,group_b,1
SYN-02512,16-17,Arts,80.7,65.54,3.55,0,0,group_a,1
SYN-02513,16-17,Health,83.52,70.09,3.8,0,0,group_b,0
SYN-02514,25+,Business,79.39,69.19,3.84,0,0,group_b,0
SYN-02515,21-24,Health,81.44,97.68,3.83,1,0,group_b,0
SYN-02516,18-20,Business,85.08,57.06,4.04,0,1,group_b,0
SYN-02517,18-20,Business,85.35,72.73,3.77,2,0,group_a,0
SYN-02518,18-20,STEM,89.49,77.74,2.79,1,0,group_b,1
SYN-02519,16-17,STEM,97.27,84.61,2.91,1,0,group_a,1
SYN-02520,21-24,Health,73.97,85.02,4.0,0,0,group_b,0
SYN-02521,18-20,STEM,91.99,59.49,4.16,1,0,group_a,0
SYN-02522,18-20,Business,87.37,41.11,3.41,1,0,group_a,0
SYN-02523,21-24,Arts,66.15,78.19,3.28,1,1,group_a,0
SYN-02524,18-20,STEM,91.97,78.5,3.45,0,0,group_b,0
SYN-02525,16-17,Health,99.49,77.92,3.25,1,0,group_b,0
SYN-02526,25+,Arts,72.68,100.0,3.59,2,0,group_b,0
SYN-02527,18-20,Business,83.13,44.17,4.5,0,1,group_b,0
SYN-02528,16-17,Arts,91.86,66.95,3.75,0,0,group_b,0
SYN-02529,16-17,Arts,91.07,65.85,3.22,1,1,group_a,1
SYN-02530,18-20,Arts,86.41,75.08,4.66,2,0,group_a,0
SYN-02531,18-20,Arts,79.38,45.48,1.4,0,1,group_a,1
SYN-02532,21-24,Arts,68.28,82.34,3.38,1,0,group_a,0
SYN-02533,25+,Health,87.3,56.46,3.21,0,0,group_b,0
SYN-02534,18-20,Health,85.1,42.29,3.11,1,0,group_b,1
SYN-02535,21-24,Arts,70.17,93.16,3.33,0,0,group_a,0
SYN-02536,21-24,Business,86.26,47.75,3.43,1,1,group_a,0
SYN-02537,21-24,Arts,100.0,51.55,3.67,1,0,group_a,0
SYN-02538,18-20,Business,79.38,48.05,2.82,0,0,group_a,1
SYN-02539,25+,Business,79.44,48.44,2.22,0,0,group_a,0
SYN-02540,21-24,Arts,95.87,49.42,3.54,0,0,group_a,1
SYN-02541,18-20,Arts,100.0,51.24,4.17,2,0,group_b,0
SYN-02542,16-17,STEM,74.59,62.79,2.2,1,0,group_b,1
SYN-02543,25+,Arts,93.11,51.77,2.85,1,1,group_a,1
SYN-02544,16-17,Health,87.47,80.54,2.31,1,0,group_b,0
SYN-02545,18-20,Business,64.6,60.09,3.83,0,0,group_a,0
SYN-02546,16-17,STEM,80.25,51.64,4.33,1,1,not_stated,0
SYN-02547,21-24,Business,86.5,74.87,3.56,0,0,group_a,0
SYN-02548,18-20,Arts,72.8,80.1,4.47,0,0,group_b,0
SYN-02549,16-17,STEM,82.56,74.92,2.47,0,0,group_a,0
SYN-02550,18-20,STEM,86.39,76.43,3.57,1,1,group_a,1
SYN-02551,21-24,Arts,83.2,98.42,4.3,0,0,group_b,0
SYN-02552,21-24,Business,90.49,78.29,3.47,0,0,group_b,0
SYN-02553,18-20,STEM,79.37,71.04,2.94,0,0,group_b,0
SYN-02554,16-17,Health,79.29,66.5,3.79,1,0,group_a,0
SYN-02555,16-17,Arts,91.27,72.92,1.63,0,0,group_b,0
SYN-02556,18-20,Business,87.89,73.48,4.08,1,0,group_a,0
SYN-02557,16-17,Health,85.16,57.68,3.36,0,0,group_a,0
SYN-02558,18-20,STEM,95.74,63.49,2.9,3,0,group_b,0
SYN-02559,16-17,Arts,96.23,100.0,3.3,0,0,group_b,0
SYN-02560,21-24,Business,81.31,54.08,1.36,0,0,group_b,0
SYN-02561,18-20,Arts,76.06,82.48,2.48,0,0,group_b,1
SYN-02562,21-24,Business,100.0,87.59,3.42,0,0,group_a,0
SYN-02563,21-24,STEM,99.14,68.71,3.89,0,0,group_b,0
SYN-02564,21-24,STEM,86.63,62.46,3.75,1,0,group_b,1
SYN-02565,21-24,Health,88.67,34.02,3.8,0,1,not_stated,1
SYN-02566,25+,Health,80.02,89.2,2.69,0,1,group_a,1
SYN-02567,21-24,STEM,78.89,61.58,4.11,0,0,group_b,0
SYN-02568,21-24,Arts,92.98,72.17,3.44,1,0,group_a,0
SYN-02569,18-20,STEM,64.93,88.89,2.99,0,0,group_b,0
SYN-02570,16-17,Health,77.39,39.49,3.41,2,0,group_b,0
SYN-02571,25+,Arts,73.57,48.36,3.45,2,0,group_a,0
SYN-02572,21-24,Arts,87.5,46.53,3.46,1,0,group_a,0
SYN-02573,16-17,Arts,74.28,93.05,3.01,2,0,not_stated,0
SYN-02574,21-24,STEM,100.0,82.21,3.32,1,1,not_stated,1
SYN-02575,21-24,STEM,84.36,91.99,4.97,0,0,group_b,0
SYN-02576,16-17,Health,78.16,44.56,3.14,0,1,group_b,0
SYN-02577,25+,STEM,86.28,99.22,4.89,2,0,group_a,0
SYN-02578,25+,Health,89.31,66.29,3.47,0,0,group_b,0
SYN-02579,18-20,Health,100.0,61.85,3.13,1,1,group_a,0
SYN-02580,16-17,Business,84.65,66.78,4.29,0,0,group_a,0
SYN-02581,25+,STEM,75.36,66.4,3.4,0,0,group_a,0
SYN-02582,18-20,STEM,100.0,71.24,4.44,0,0,group_a,0
SYN-02583,25+,Health,100.0,65.89,4.07,1,0,group_a,0
SYN-02584,16-17,Business,78.88,63.03,3.47,0,1,group_b,0
SYN-02585,21-24,STEM,73.43,57.2,3.09,0,0,group_a,0
SYN-02586,16-17,Health,77.68,44.94,2.94,2,0,group_a,1
SYN-02587,25+,STEM,65.75,60.12,3.78,1,1,group_a,0
SYN-02588,21-24,Health,98.3,62.93,3.56,1,0,group_a,1
SYN-02589,25+,Arts,79.2,90.36,3.84,0,0,group_a,0
SYN-02590,21-24,Business,75.83,69.05,4.32,0,0,group_b,1
SYN-02591,25+,Business,87.18,57.96,2.6,1,0,group_b,0
SYN-02592,25+,Arts,100.0,76.59,4.16,0,0,group_b,1
SYN-02593,18-20,STEM,84.78,49.69,2.77,0,0,group_b,0
SYN-02594,25+,Health,86.47,69.5,2.82,1,0,group_a,0
SYN-02595,16-17,STEM,88.28,70.86,3.85,2,0,group_b,0
SYN-02596,21-24,Arts,68.49,94.81,3.52,1,0,group_b,0
SYN-02597,18-20,Health,82.3,77.44,2.98,2,0,not_stated,0
SYN-02598,21-24,Arts,86.71,54.69,3.71,0,1,group_a,0
SYN-02599,16-17,STEM,86.11,78.72,3.4,3,0,group_a,0
SYN-02600,16-17,Arts,100.0,58.09,4.59,0,0,not_stated,0
SYN-02601,16-17,Business,80.08,20.65,4.48,0,1,group_a,0
SYN-02602,18-20,Business,78.53,55.86,3.2,3,0,group_a,1
SYN-02603,18-20,Business,85.66,66.8,3.01,0,0,group_b,0
SYN-02604,21-24,Health,81.64,55.87,4.02,1,0,group_b,1
SYN-02605,21-24,Health,90.62,71.87,4.75,0,1,group_b,0
SYN-02606,21-24,STEM,74.53,56.36,3.76,0,0,group_a,0
SYN-02607,25+,Health,68.57,29.27,3.94,0,0,group_b,1
SYN-02608,25+,Business,93.33,59.46,4.49,1,0,group_b,0
SYN-02609,21-24,Arts,82.81,60.37,3.33,0,0,group_a,0
SYN-02610,21-24,STEM,83.57,59.23,3.39,2,0,group_a,0
SYN-02611,18-20,Health,89.18,85.78,3.38,2,0,group_b,1
SYN-02612,18-20,Arts,70.47,45.77,3.09,0,0,group_b,1
SYN-02613,16-17,Business,73.18,74.28,2.84,0,0,group_b,0
SYN-02614,16-17,Health,91.04,70.73,3.98,1,0,group_b,1
SYN-02615,18-20,Business,95.73,59.38,3.58,0,1,group_a,1
SYN-02616,18-20,Arts,92.45,91.25,4.14,1,0,not_stated,0
SYN-02617,18-20,STEM,96.03,59.19,2.42,0,1,not_stated,1
SYN-02618,16-17,Business,84.28,71.64,2.96,1,0,group_b,0
SYN-02619,16-17,Business,87.37,44.77,3.68,0,0,group_b,0
SYN-02620,16-17,Business,83.08,94.19,3.19,1,0,group_b,0
SYN-02621,16-17,Arts,84.08,53.77,4.45,0,0,group_b,0
SYN-02622,18-20,Health,78.54,45.57,3.31,0,0,group_b,0
SYN-02623,25+,Health,96.17,68.34,3.7,1,0,group_a,0
SYN-02624,21-24,Business,90.86,38.97,4.19,2,0,group_a,0
SYN-02625,18-20,Arts,76.1,61.3,4.64,2,0,group_a,0
SYN-02626,18-20,Business,72.1,69.18,4.25,1,0,group_a,0
SYN-02627,18-20,Arts,83.67,88.05,3.58,0,0,group_a,0
SYN-02628,16-17,Arts,70.21,61.62,4.06,0,0,group_a,1
SYN-02629,18-20,Business,100.0,73.22,3.49,1,0,group_b,1
SYN-02630,16-17,Health,78.5,89.76,3.52,0,1,not_stated,0
SYN-02631,16-17,STEM,92.02,59.21,3.72,1,0,group_b,0
SYN-02632,16-17,Health,89.68,58.55,3.09,0,0,group_a,0
SYN-02633,21-24,Business,69.53,67.71,3.53,1,0,group_a,0
SYN-02634,16-17,Arts,80.99,75.75,4.19,2,1,group_a,0
SYN-02635,25+,STEM,85.39,56.99,4.49,0,0,group_b,0
SYN-02636,18-20,Arts,94.11,58.59,3.2,0,0,group_a,0
SYN-02637,18-20,Health,75.33,49.16,4.01,2,0,group_b,0
SYN-02638,21-24,Business,84.56,69.41,4.27,2,0,group_b,0
SYN-02639,18-20,Arts,88.4,70.63,3.53,1,0,group_a,0
SYN-02640,21-24,Business,100.0,68.22,3.81,1,0,group_a,0
SYN-02641,16-17,Arts,66.05,80.33,3.41,0,0,group_b,1
SYN-02642,21-24,Health,89.21,62.83,3.91,1,1,group_b,1
SYN-02643,18-20,Arts,90.6,43.25,3.93,2,0,group_a,0
SYN-02644,21-24,Health,92.51,69.99,2.77,1,1,group_b,1
SYN-02645,18-20,Business,94.24,83.88,2.77,0,0,group_a,1
SYN-02646,16-17,Business,73.67,84.12,3.88,1,0,group_a,0
SYN-02647,21-24,Health,84.87,80.8,2.23,1,0,group_b,0
SYN-02648,16-17,Health,82.54,77.69,4.0,0,0,not_stated,0
SYN-02649,21-24,Business,72.78,65.93,2.6,1,0,group_b,0
SYN-02650,16-17,Business,94.8,96.43,3.6,1,0,group_b,0
SYN-02651,21-24,Arts,79.88,86.29,3.6,0,1,group_a,0
SYN-02652,18-20,STEM,78.18,69.62,3.89,0,0,group_b,0
SYN-02653,16-17,Arts,84.64,66.39,3.45,0,1,group_b,0
SYN-02654,25+,Health,78.05,55.66,1.84,0,1,group_b,1
SYN-02655,21-24,Health,86.38,68.79,4.43,0,0,group_b,0
SYN-02656,16-17,STEM,91.43,67.46,3.49,1,0,group_b,0
SYN-02657,16-17,Business,75.91,69.59,3.29,0,1,group_a,0
SYN-02658,18-20,Arts,82.13,70.08,4.12,1,1,group_a,1
SYN-02659,21-24,Business,75.62,71.54,5.0,1,0,group_b,1
SYN-02660,18-20,Business,86.35,76.94,2.42,2,0,group_b,1
SYN-02661,18-20,Arts,77.54,53.83,3.19,0,0,group_a,0
SYN-02662,18-20,Health,90.15,98.17,1.7,1,0,group_a,0
SYN-02663,16-17,Arts,84.62,64.29,3.24,0,0,group_a,0
SYN-02664,18-20,Health,84.21,48.66,3.15,0,0,group_a,0
SYN-02665,18-20,Health,95.9,66.68,3.1,1,0,group_a,0
SYN-02666,16-17,Business,95.68,71.68,3.42,0,0,group_a,0
SYN-02667,18-20,Health,76.1,73.51,3.85,0,0,group_b,0
SYN-02668,18-20,Business,85.53,62.3,4.46,0,1,group_a,0
SYN-02669,21-24,STEM,85.58,70.54,2.64,0,0,group_b,0
SYN-02670,25+,Business,68.05,90.13,2.02,1,1,group_b,0
SYN-02671,18-20,Health,92.32,77.62,3.19,1,0,group_a,0
SYN-02672,18-20,Business,66.81,29.64,3.04,1,0,group_a,0
SYN-02673,18-20,STEM,73.87,87.84,5.0,2,0,group_a,1
SYN-02674,18-20,Arts,81.9,54.92,4.05,1,0,group_a,0
SYN-02675,18-20,Business,80.21,69.66,3.01,0,0,group_a,0
SYN-02676,21-24,Health,82.26,83.77,3.9,1,0,group_a,0
SYN-02677,16-17,STEM,92.7,63.78,4.01,0,0,group_b,0
SYN-02678,18-20,Arts,72.93,86.86,3.46,0,1,group_a,0
SYN-02679,25+,Health,90.28,72.91,3.89,1,1,group_a,0
SYN-02680,16-17,Business,87.62,73.37,5.0,1,0,group_b,0
SYN-02681,16-17,STEM,92.46,75.48,3.47,0,0,group_b,0
SYN-02682,21-24,STEM,92.68,69.25,2.22,0,0,group_a,0
SYN-02683,18-20,STEM,73.65,71.71,4.35,0,0,group_a,0
SYN-02684,16-17,Business,88.51,74.4,3.26,1,0,group_a,1
SYN-02685,18-20,Health,82.42,73.04,4.48,1,0,group_b,0
SYN-02686,21-24,Health,80.56,76.23,4.42,2,0,group_b,0
SYN-02687,16-17,Arts,91.13,48.24,3.31,0,0,group_b,0
SYN-02688,16-17,Health,80.26,91.8,4.85,1,0,group_a,0
SYN-02689,18-20,STEM,74.92,76.78,4.02,0,0,group_a,0
SYN-02690,18-20,STEM,75.24,58.93,2.83,0,1,not_stated,0
SYN-02691,18-20,Arts,90.1,27.11,4.04,3,1,group_b,1
SYN-02692,16-17,Arts,72.45,68.78,3.68,0,0,group_b,0
SYN-02693,16-17,Health,98.54,64.11,3.25,0,0,group_a,0
SYN-02694,25+,Health,86.86,60.56,3.51,1,0,group_b,0
SYN-02695,21-24,Health,68.94,61.08,3.38,1,0,group_a,0
SYN-02696,18-20,STEM,84.18,80.94,3.46,1,0,group_a,0
SYN-02697,18-20,Business,85.78,54.54,2.42,1,0,group_a,0
SYN-02698,16-17,Business,81.32,71.1,2.66,0,0,group_a,0
SYN-02699,25+,Health,87.05,47.21,5.0,0,0,group_a,1
SYN-02700,18-20,STEM,74.31,55.9,3.63,0,0,group_b,1
SYN-02701,16-17,Arts,89.21,68.22,2.79,2,0,group_a,1
SYN-02702,21-24,Arts,91.45,53.21,3.77,1,0,group_a,0
SYN-02703,16-17,STEM,71.15,57.98,4.79,0,0,group_a,0
SYN-02704,18-20,Arts,88.01,52.93,3.53,3,1,group_b,1
SYN-02705,18-20,Business,87.85,36.05,2.51,0,0,group_a,1
SYN-02706,18-20,Arts,76.47,81.49,4.1,0,0,group_a,0
SYN-02707,25+,STEM,82.62,89.65,4.24,1,0,group_b,0
SYN-02708,18-20,Business,82.33,70.05,3.59,1,0,group_a,1
SYN-02709,16-17,Health,87.06,66.97,3.2,0,0,not_stated,1
SYN-02710,18-20,Health,72.93,52.21,2.82,1,1,group_b,1
SYN-02711,18-20,Health,72.16,58.54,4.38,0,0,group_a,0
SYN-02712,16-17,Arts,84.38,90.98,3.26,0,1,group_b,0
SYN-02713,18-20,Business,76.56,96.51,3.46,1,1,group_a,0
SYN-02714,18-20,Arts,86.75,81.56,4.38,1,0,group_a,0
SYN-02715,18-20,STEM,85.87,72.41,3.26,1,0,group_a,0
SYN-02716,21-24,Health,79.28,88.08,2.72,0,0,group_a,0
SYN-02717,18-20,STEM,95.15,78.68,3.94,1,0,group_a,0
SYN-02718,16-17,Arts,83.62,66.06,4.2,1,1,group_b,1
SYN-02719,25+,STEM,98.48,91.95,2.74,0,1,group_b,0
SYN-02720,16-17,Health,69.68,71.6,2.53,0,0,group_a,0
SYN-02721,18-20,Business,100.0,44.14,3.3,0,1,group_a,0
SYN-02722,16-17,Health,69.48,65.9,2.86,1,0,group_b,0
SYN-02723,16-17,Business,76.73,65.17,3.1,1,0,group_b,0
SYN-02724,18-20,Arts,99.34,100.0,1.73,0,0,group_b,0
SYN-02725,18-20,STEM,84.22,68.39,3.81,1,0,group_b,0
SYN-02726,18-20,Business,83.97,90.16,4.58,1,1,group_a,0
SYN-02727,18-20,Arts,71.83,70.32,3.9,1,0,group_b,0
SYN-02728,21-24,Business,99.34,83.06,4.12,1,0,group_b,0
SYN-02729,21-24,Health,82.28,62.58,4.69,1,0,group_b,0
SYN-02730,21-24,STEM,66.44,80.57,3.83,2,0,group_a,1
SYN-02731,18-20,STEM,79.99,67.4,4.12,0,0,group_b,0
SYN-02732,18-20,Business,92.29,50.25,3.92,2,0,group_a,1
SYN-02733,21-24,Arts,75.92,79.02,3.18,0,0,group_b,0
SYN-02734,21-24,STEM,85.11,61.61,4.8,2,0,group_b,0
SYN-02735,21-24,Arts,89.23,68.2,3.93,0,0,group_b,0
SYN-02736,18-20,STEM,73.75,41.31,3.19,0,0,group_a,0
SYN-02737,18-20,Business,89.39,57.26,3.59,1,0,not_stated,0
SYN-02738,16-17,STEM,72.03,78.15,3.44,0,0,group_b,0
SYN-02739,18-20,Health,80.36,77.51,3.89,1,0,group_a,0
SYN-02740,16-17,Health,79.1,90.79,4.23,0,0,group_a,0
SYN-02741,18-20,STEM,85.12,62.33,2.35,1,0,group_a,1
SYN-02742,18-20,Health,100.0,66.24,4.92,3,0,group_b,0
SYN-02743,18-20,Arts,82.02,81.06,3.5,0,0,group_b,0
SYN-02744,21-24,Arts,85.02,49.55,4.12,1,0,group_a,1
SYN-02745,25+,STEM,77.85,71.04,5.0,0,1,group_a,0
SYN-02746,16-17,STEM,99.24,88.85,4.32,1,0,group_a,0
SYN-02747,21-24,STEM,74.42,75.1,3.86,0,0,group_a,1
SYN-02748,16-17,Health,97.51,42.71,3.45,1,0,group_b,0
SYN-02749,18-20,Arts,80.9,85.86,2.8,1,0,group_b,0
SYN-02750,21-24,STEM,88.23,64.82,2.65,0,0,group_a,1
SYN-02751,21-24,Health,73.23,99.45,5.0,2,1,group_a,0
SYN-02752,18-20,Health,64.28,68.0,2.41,0,0,not_stated,0
SYN-02753,21-24,STEM,81.17,97.43,2.54,0,0,group_a,0
SYN-02754,21-24,Arts,89.29,48.62,2.26,2,1,group_a,0
SYN-02755,18-20,Health,86.24,67.52,4.66,1,0,group_a,0
SYN-02756,18-20,Business,80.36,57.78,2.69,0,0,group_b,0
SYN-02757,18-20,Health,67.83,73.72,4.66,0,1,group_a,0
SYN-02758,18-20,Business,81.06,46.36,3.99,1,0,group_b,0
SYN-02759,18-20,Business,88.31,57.41,2.88,1,0,group_b,0
SYN-02760,21-24,Arts,92.66,60.49,3.07,1,0,group_b,0
SYN-02761,21-24,Arts,91.13,68.15,3.17,1,0,group_b,1
SYN-02762,16-17,Business,94.09,79.8,3.72,2,0,group_a,0
SYN-02763,16-17,Health,78.84,91.08,2.29,1,0,group_a,0
SYN-02764,18-20,Business,78.78,96.05,4.73,0,0,group_b,0
SYN-02765,21-24,STEM,91.41,72.21,2.4,2,1,group_b,1
SYN-02766,21-24,Arts,82.99,68.1,3.71,1,0,group_b,0
SYN-02767,25+,Arts,79.15,73.07,4.18,0,0,group_a,0
SYN-02768,18-20,Arts,86.67,85.02,3.83,4,1,group_a,0
SYN-02769,16-17,Business,80.61,61.66,2.48,0,0,group_a,0
SYN-02770,25+,STEM,73.63,47.34,3.81,0,0,group_a,0
SYN-02771,18-20,Business,86.3,85.94,3.42,1,0,group_a,0
SYN-02772,21-24,Business,87.97,54.33,4.24,0,0,not_stated,0
SYN-02773,18-20,Health,67.6,62.76,2.76,0,0,group_a,0
SYN-02774,16-17,Health,86.6,78.76,2.95,0,0,not_stated,0
SYN-02775,16-17,Health,80.91,70.01,4.01,0,0,not_stated,0
SYN-02776,25+,Health,76.51,61.31,4.06,0,0,group_a,0
SYN-02777,21-24,Health,81.74,85.62,3.03,1,0,not_stated,0
SYN-02778,21-24,Health,92.17,58.54,3.54,0,0,group_b,0
SYN-02779,21-24,Arts,83.19,82.45,3.73,0,0,group_b,0
SYN-02780,21-24,Health,77.32,65.72,3.55,0,1,group_b,0
SYN-02781,18-20,Business,87.49,62.33,3.65,0,0,not_stated,0
SYN-02782,21-24,Arts,90.37,63.56,3.66,0,0,group_a,0
SYN-02783,25+,Health,79.72,78.6,3.01,2,0,group_b,0
SYN-02784,16-17,STEM,91.86,56.75,2.85,0,0,group_b,0
SYN-02785,16-17,Arts,92.58,73.12,1.9,1,0,group_a,0
SYN-02786,16-17,Business,84.69,68.38,4.89,1,0,group_b,1
SYN-02787,21-24,Arts,91.81,80.1,3.57,1,0,group_b,0
SYN-02788,21-24,Business,87.04,43.66,2.5,3,0,group_a,0
SYN-02789,18-20,STEM,83.49,89.22,4.45,0,0,group_a,1
SYN-02790,18-20,Business,70.25,87.65,3.32,1,0,group_b,0
SYN-02791,18-20,Arts,100.0,46.11,2.62,1,0,group_b,0
SYN-02792,18-20,STEM,87.96,62.57,2.47,0,0,group_a,0
SYN-02793,16-17,Business,72.93,78.07,4.93,1,0,group_a,0
SYN-02794,18-20,Arts,80.8,71.5,2.69,2,0,group_b,0
SYN-02795,16-17,Health,95.99,76.9,2.91,1,0,group_a,0
SYN-02796,18-20,Business,70.43,39.66,4.93,1,0,group_b,1
SYN-02797,25+,Business,87.21,79.74,1.84,0,0,group_a,0
SYN-02798,25+,Health,67.22,54.25,2.39,0,0,group_a,0
SYN-02799,25+,Health,88.69,78.83,4.09,1,0,group_b,0
SYN-02800,16-17,Health,74.61,53.36,3.49,0,0,group_b,0
SYN-02801,16-17,STEM,81.65,51.81,3.94,0,0,group_a,0
SYN-02802,21-24,Arts,94.78,77.66,3.38,1,0,group_a,1
SYN-02803,21-24,Arts,76.57,50.0,3.49,1,0,group_a,1
SYN-02804,18-20,Business,97.93,78.19,4.62,0,1,group_b,0
SYN-02805,21-24,Arts,70.35,78.24,4.39,0,0,group_a,0
SYN-02806,16-17,STEM,92.8,65.09,4.1,0,0,group_a,0
SYN-02807,16-17,Business,96.9,89.35,4.06,2,1,group_a,0
SYN-02808,18-20,STEM,85.41,70.47,3.68,0,0,group_a,0
SYN-02809,18-20,STEM,100.0,77.78,4.18,1,0,group_b,0
SYN-02810,21-24,Business,66.86,73.19,3.79,0,0,group_a,1
SYN-02811,21-24,Health,72.62,72.29,3.36,0,1,group_a,0
SYN-02812,18-20,Arts,98.35,65.65,5.0,0,0,group_b,0
SYN-02813,18-20,STEM,72.49,50.56,3.4,1,0,group_b,0
SYN-02814,25+,Arts,79.79,60.82,2.98,0,0,group_a,0
SYN-02815,18-20,STEM,85.95,66.2,4.97,2,0,group_a,0
SYN-02816,18-20,Business,90.92,43.36,4.1,0,1,group_a,0
SYN-02817,21-24,Business,93.73,89.25,3.09,2,0,group_a,0
SYN-02818,16-17,Arts,90.93,79.81,3.18,0,1,group_a,1
SYN-02819,21-24,Health,73.82,66.22,2.24,0,0,group_a,1
SYN-02820,18-20,Arts,69.3,90.09,2.73,1,0,group_b,0
SYN-02821,25+,Business,87.38,69.65,3.62,2,0,group_a,1
SYN-02822,25+,Business,82.84,79.43,3.12,1,0,group_a,0
SYN-02823,18-20,Arts,84.85,58.54,1.7,0,0,group_a,0
SYN-02824,18-20,Arts,89.38,61.48,3.58,3,0,group_b,0
SYN-02825,18-20,Health,70.72,71.35,3.23,0,0,group_a,0
SYN-02826,21-24,STEM,100.0,58.66,3.48,1,0,group_a,0
SYN-02827,21-24,STEM,80.82,70.24,3.69,1,0,group_a,0
SYN-02828,18-20,Business,86.36,100.0,2.05,0,1,group_b,0
SYN-02829,16-17,Health,79.69,72.38,3.21,0,0,group_b,0
SYN-02830,16-17,Health,84.94,81.78,3.89,1,0,group_a,0
SYN-02831,16-17,STEM,88.42,48.51,3.09,1,1,not_stated,1
SYN-02832,18-20,Health,77.43,69.79,2.77,0,1,group_a,0
SYN-02833,16-17,Health,89.46,48.86,3.02,1,0,group_a,0
SYN-02834,16-17,Arts,100.0,54.17,3.21,0,0,group_a,0
SYN-02835,16-17,Arts,67.68,65.18,2.98,2,0,group_a,0
SYN-02836,18-20,STEM,89.14,68.08,3.66,0,0,not_stated,0
SYN-02837,18-20,Arts,79.06,84.07,3.5,1,0,group_a,1
SYN-02838,16-17,Arts,76.04,62.18,4.06,0,0,not_stated,0
SYN-02839,16-17,Business,80.23,77.34,3.25,0,1,group_b,0
SYN-02840,18-20,STEM,68.4,44.96,5.0,1,1,group_a,0
SYN-02841,18-20,Business,70.96,43.05,3.37,1,0,group_a,1
SYN-02842,18-20,Arts,78.58,71.17,4.12,0,1,group_a,1
SYN-02843,21-24,Arts,81.24,57.8,3.83,2,1,group_b,0
SYN-02844,21-24,Health,85.22,75.68,3.2,0,0,group_b,0
SYN-02845,16-17,Business,85.22,81.73,4.4,1,0,group_b,0
SYN-02846,25+,Business,81.92,60.25,3.44,0,0,group_a,1
SYN-02847,16-17,Business,85.9,49.18,4.96,1,0,group_a,0
SYN-02848,21-24,STEM,92.69,89.24,2.49,1,0,group_b,0
SYN-02849,18-20,Health,97.25,62.01,4.49,1,0,group_a,0
SYN-02850,18-20,Business,80.03,63.21,3.31,1,0,group_a,0
SYN-02851,21-24,Business,79.45,77.38,3.43,0,0,group_a,0
SYN-02852,21-24,Business,94.79,72.26,4.56,1,0,group_a,0
SYN-02853,25+,Arts,73.74,60.68,4.25,1,0,group_b,0
SYN-02854,21-24,Business,77.18,66.01,4.08,0,0,group_a,0
SYN-02855,18-20,Business,79.13,66.84,3.42,1,0,group_a,0
SYN-02856,16-17,Business,98.65,76.63,4.83,0,0,group_b,0
SYN-02857,21-24,STEM,83.36,77.07,3.64,0,0,group_b,0
SYN-02858,18-20,Business,87.12,100.0,3.91,0,0,group_b,0
SYN-02859,21-24,Health,81.26,57.81,3.44,0,0,group_a,0
SYN-02860,18-20,Health,87.29,91.89,3.39,2,1,group_b,0
SYN-02861,18-20,STEM,73.16,71.99,4.04,0,0,group_a,0
SYN-02862,21-24,Business,79.49,87.72,2.85,0,0,not_stated,0
SYN-02863,16-17,STEM,86.15,65.21,3.24,2,0,group_b,0
SYN-02864,21-24,Business,72.58,52.22,3.16,0,0,group_a,0
SYN-02865,25+,STEM,66.99,73.56,3.43,1,0,group_a,0
SYN-02866,18-20,Business,79.16,54.78,5.0,0,0,group_a,0
SYN-02867,18-20,Arts,81.43,65.11,5.0,2,1,not_stated,0
SYN-02868,16-17,Health,100.0,92.11,3.95,2,0,group_b,0
SYN-02869,18-20,Arts,81.63,74.47,3.61,1,0,group_b,0
SYN-02870,25+,Business,83.73,67.63,3.97,2,1,group_b,0
SYN-02871,21-24,STEM,78.24,63.51,3.23,1,0,group_b,1
SYN-02872,18-20,Health,81.78,64.54,4.09,2,0,group_b,1
SYN-02873,18-20,STEM,76.96,86.48,3.65,1,0,group_b,0
SYN-02874,21-24,Arts,68.39,85.48,4.74,0,0,group_a,0
SYN-02875,25+,Business,80.03,86.27,3.28,2,1,group_a,1
SYN-02876,21-24,Health,88.39,61.22,2.93,0,0,group_a,0
SYN-02877,21-24,Health,100.0,47.91,2.93,0,0,group_b,0
SYN-02878,16-17,Business,83.04,74.99,2.12,3,0,group_b,1
SYN-02879,25+,Arts,92.34,89.66,2.5,1,0,group_b,0
SYN-02880,25+,Business,84.02,74.35,5.0,2,0,group_b,0
SYN-02881,21-24,Business,86.41,96.56,3.69,1,0,group_b,0
SYN-02882,21-24,Arts,83.7,72.85,3.36,1,0,group_a,0
SYN-02883,18-20,STEM,83.45,71.33,2.89,1,0,group_b,0
SYN-02884,25+,Arts,96.4,100.0,3.29,2,0,group_b,0
SYN-02885,16-17,Health,95.55,61.34,3.37,3,1,group_b,1
SYN-02886,21-24,Business,80.8,48.73,4.86,1,0,group_b,0
SYN-02887,18-20,Business,76.13,65.41,4.25,0,0,group_a,0
SYN-02888,18-20,Business,99.4,82.94,4.72,0,0,group_b,0
SYN-02889,18-20,Health,91.53,53.67,3.35,2,0,group_b,0
SYN-02890,16-17,STEM,74.16,53.87,3.46,0,0,group_a,0
SYN-02891,16-17,Business,82.38,71.12,4.44,0,1,group_b,0
SYN-02892,18-20,Business,79.15,61.17,3.38,2,1,group_b,1
SYN-02893,16-17,Business,81.73,68.08,3.47,1,0,group_a,1
SYN-02894,18-20,Health,91.19,81.26,3.23,1,0,group_b,0
SYN-02895,25+,Business,81.48,83.74,3.9,1,0,group_a,0
SYN-02896,21-24,Business,80.2,56.44,4.22,0,0,group_a,0
SYN-02897,21-24,STEM,76.75,86.12,3.18,1,1,group_a,0
SYN-02898,18-20,STEM,78.11,73.45,3.22,0,1,group_b,0
SYN-02899,25+,STEM,100.0,68.61,4.16,0,0,group_b,0
SYN-02900,18-20,STEM,100.0,89.45,2.89,0,0,group_a,0
SYN-02901,16-17,Arts,64.65,61.53,2.27,2,0,group_b,1
SYN-02902,18-20,Business,93.98,69.7,2.95,1,0,group_b,0
SYN-02903,21-24,Arts,96.15,41.76,3.57,1,0,group_a,0
SYN-02904,18-20,STEM,84.02,71.29,5.0,0,0,group_a,0
SYN-02905,18-20,Health,86.68,79.88,2.85,0,0,group_a,0
SYN-02906,21-24,STEM,89.05,48.83,3.27,1,0,group_a,0
SYN-02907,16-17,Business,78.72,87.03,3.71,1,0,group_a,0
SYN-02908,21-24,STEM,72.79,76.91,3.12,0,0,group_a,0
SYN-02909,25+,Business,90.94,54.76,2.07,1,0,group_b,0
SYN-02910,25+,Business,77.63,85.22,3.19,0,0,group_b,0
SYN-02911,16-17,Business,86.12,69.45,4.17,2,0,group_a,1
SYN-02912,16-17,Health,92.15,70.8,2.79,2,1,group_b,0
SYN-02913,18-20,Arts,78.5,62.79,4.37,1,0,group_b,0
SYN-02914,16-17,STEM,83.24,60.6,4.61,0,0,group_b,0
SYN-02915,18-20,Arts,92.4,38.45,2.08,0,0,group_a,0
SYN-02916,25+,Health,71.07,75.3,3.93,2,1,not_stated,0
SYN-02917,21-24,Business,76.35,90.22,3.74,0,0,group_b,0
SYN-02918,16-17,Health,98.39,51.04,4.29,0,0,group_b,0
SYN-02919,18-20,Health,86.32,53.48,2.55,0,0,group_b,1
SYN-02920,21-24,Arts,92.76,80.17,4.6,1,0,group_a,1
SYN-02921,18-20,Health,82.24,58.5,3.12,0,1,group_b,0
SYN-02922,16-17,STEM,90.77,56.71,3.67,0,1,group_b,0
SYN-02923,21-24,Health,74.23,55.08,2.81,1,0,group_a,0
SYN-02924,21-24,Business,71.15,61.73,3.46,1,0,group_a,0
SYN-02925,18-20,STEM,85.53,88.77,3.12,0,0,group_a,0
SYN-02926,21-24,Arts,99.78,81.86,2.92,1,0,group_a,0
SYN-02927,16-17,STEM,67.57,78.71,4.48,2,0,group_b,0
SYN-02928,21-24,Business,90.88,91.86,1.7,0,0,group_a,0
SYN-02929,18-20,Business,77.68,86.41,4.01,1,0,group_a,0
SYN-02930,21-24,Health,68.11,52.89,2.38,0,1,group_a,1
SYN-02931,25+,Business,82.5,43.2,4.54,0,0,group_b,0
SYN-02932,25+,Arts,100.0,55.02,4.12,0,1,not_stated,0
SYN-02933,18-20,Arts,88.81,79.35,3.58,0,0,group_a,0
SYN-02934,18-20,Business,78.45,86.48,2.55,0,0,group_b,0
SYN-02935,16-17,Health,87.17,63.74,3.24,2,0,group_a,0
SYN-02936,21-24,Health,72.67,47.26,4.1,2,1,group_a,0
SYN-02937,16-17,Business,90.78,76.18,4.16,0,1,group_a,0
SYN-02938,21-24,Health,71.85,49.6,3.1,0,0,group_b,0
SYN-02939,21-24,Arts,81.95,86.99,3.33,3,0,group_b,1
SYN-02940,18-20,Business,86.78,72.84,3.51,0,0,group_b,0
SYN-02941,21-24,Business,81.23,75.45,3.71,1,0,group_b,0
SYN-02942,16-17,Arts,63.49,90.26,4.43,2,0,group_b,0
SYN-02943,16-17,Arts,89.06,73.53,1.81,1,0,group_b,1
SYN-02944,16-17,Health,89.56,82.75,2.24,1,1,group_a,0
SYN-02945,16-17,Arts,77.73,66.44,2.66,2,0,group_b,0
SYN-02946,16-17,STEM,70.2,78.56,3.05,1,0,group_b,0
SYN-02947,21-24,Health,74.69,81.99,3.92,0,0,group_a,0
SYN-02948,16-17,Business,92.17,42.99,3.12,2,0,group_a,0
SYN-02949,16-17,STEM,79.1,64.51,4.17,0,0,group_b,0
SYN-02950,18-20,Business,96.0,65.16,3.83,3,0,group_a,0
SYN-02951,18-20,STEM,83.19,75.5,3.34,1,1,group_b,0
SYN-02952,18-20,Arts,100.0,46.55,3.97,0,1,group_a,0
SYN-02953,25+,STEM,92.25,85.36,4.79,1,0,group_b,0
SYN-02954,16-17,STEM,99.01,67.05,2.67,1,1,group_a,1
SYN-02955,18-20,Health,82.57,70.47,4.02,1,0,not_stated,1
SYN-02956,25+,Arts,78.83,91.12,4.0,1,0,group_a,0
SYN-02957,18-20,Health,75.67,48.4,5.0,1,0,group_a,1
SYN-02958,21-24,Arts,92.64,65.94,3.95,1,0,group_a,0
SYN-02959,16-17,Business,82.42,79.02,4.28,1,0,group_b,0
SYN-02960,18-20,Health,96.41,82.8,3.41,0,0,group_a,0
SYN-02961,21-24,STEM,67.96,96.85,1.92,1,0,group_a,0
SYN-02962,16-17,Business,83.13,67.46,3.93,2,0,group_b,0
SYN-02963,21-24,Health,89.55,59.24,4.95,0,0,group_b,0
SYN-02964,16-17,Business,95.44,76.23,4.39,0,1,group_b,0
SYN-02965,25+,Arts,79.8,70.48,3.03,1,1,group_b,1
SYN-02966,18-20,Arts,96.5,65.78,3.5,2,0,group_b,0
SYN-02967,16-17,Arts,92.79,56.66,3.16,1,0,group_a,0
SYN-02968,18-20,Health,74.92,68.24,4.02,0,0,group_a,0
SYN-02969,21-24,Arts,100.0,90.2,2.09,1,0,group_a,0
SYN-02970,16-17,Business,90.73,74.74,4.61,0,1,group_a,0
SYN-02971,25+,Arts,92.16,62.93,2.59,0,0,group_b,0
SYN-02972,18-20,Business,72.85,79.73,3.29,1,0,group_b,0
SYN-02973,18-20,Health,80.03,62.17,3.53,1,0,group_a,0
SYN-02974,18-20,Arts,81.89,85.39,2.52,0,0,group_a,0
SYN-02975,18-20,Business,81.69,63.41,3.64,1,1,group_a,1
SYN-02976,18-20,Arts,77.99,70.6,3.48,1,0,group_b,0
SYN-02977,25+,Health,91.91,56.36,3.97,1,0,group_a,0
SYN-02978,25+,Health,86.38,59.83,4.14,1,0,group_b,0
SYN-02979,16-17,Business,82.8,67.12,2.71,1,0,group_b,0
SYN-02980,21-24,Arts,94.19,87.31,3.73,0,0,group_a,0
SYN-02981,18-20,Health,82.72,61.5,3.5,1,0,group_b,0
SYN-02982,21-24,Business,82.76,52.07,3.11,1,0,group_a,0
SYN-02983,21-24,Business,100.0,82.72,4.54,0,0,group_a,0
SYN-02984,18-20,Arts,92.58,42.27,3.08,2,0,group_a,0
SYN-02985,18-20,Business,74.61,76.16,3.25,0,0,group_b,1
SYN-02986,21-24,Arts,79.82,69.39,3.34,1,0,group_a,0
SYN-02987,21-24,Health,78.88,76.49,4.37,0,0,group_a,0
SYN-02988,25+,STEM,69.2,71.49,4.1,0,0,group_b,0
SYN-02989,21-24,Arts,80.17,72.12,3.27,1,0,group_b,1
SYN-02990,18-20,Business,68.09,59.31,3.94,1,0,group_b,1
SYN-02991,21-24,Business,78.43,70.96,3.78,1,0,group_b,0
SYN-02992,18-20,Health,93.67,42.35,4.28,0,0,group_a,1
SYN-02993,21-24,Arts,100.0,69.37,3.91,1,0,group_b,0
SYN-02994,18-20,Arts,85.35,69.75,4.13,1,0,group_b,0
SYN-02995,21-24,STEM,66.38,53.02,2.94,0,0,group_a,0
SYN-02996,21-24,Business,77.28,76.43,3.33,2,0,group_b,0
SYN-02997,16-17,Business,71.82,34.08,4.39,0,0,group_a,0
SYN-02998,16-17,Health,95.53,34.57,2.63,0,0,group_b,0
SYN-02999,21-24,Health,68.89,86.87,3.45,0,0,group_a,0
SYN-03000,18-20,STEM,100.0,59.21,4.38,1,0,group_b,0
SYN-03001,21-24,Business,67.25,95.03,3.88,1,0,group_a,0
SYN-03002,18-20,STEM,77.7,67.33,2.61,0,1,not_stated,1
SYN-03003,25+,STEM,78.24,79.63,2.6,0,0,group_a,0
SYN-03004,25+,Health,69.76,76.44,3.94,2,0,group_b,1
SYN-03005,18-20,Health,81.06,100.0,3.55,0,1,group_b,1
SYN-03006,18-20,Business,82.12,55.83,4.94,1,0,group_a,0
SYN-03007,18-20,STEM,72.38,84.96,2.84,0,0,group_a,0
SYN-03008,25+,Business,90.17,67.91,2.43,1,0,not_stated,0
SYN-03009,16-17,Arts,100.0,55.73,3.44,1,0,not_stated,0
SYN-03010,21-24,Health,77.88,73.31,3.4,0,0,group_b,0
SYN-03011,21-24,STEM,97.98,72.65,3.28,4,0,group_a,0
SYN-03012,25+,Arts,71.49,54.5,3.26,1,0,group_a,1
SYN-03013,21-24,Business,90.24,68.94,4.84,1,0,group_b,0
SYN-03014,25+,Business,84.28,91.02,2.52,0,0,group_b,0
SYN-03015,21-24,Health,78.55,71.03,2.79,0,1,group_b,1
SYN-03016,21-24,Arts,98.18,46.82,3.38,0,1,group_a,1
SYN-03017,21-24,Health,66.36,50.28,3.73,0,0,group_a,1
SYN-03018,18-20,STEM,79.85,93.95,2.6,0,0,group_b,0
SYN-03019,16-17,Business,87.39,85.66,4.26,0,0,group_a,0
SYN-03020,16-17,Arts,100.0,59.07,2.96,0,0,group_a,0
SYN-03021,21-24,Health,88.7,92.7,4.02,2,0,group_b,0
SYN-03022,18-20,STEM,89.92,65.1,4.75,0,0,group_b,0
SYN-03023,16-17,Arts,70.12,54.86,5.0,0,1,group_a,1
SYN-03024,21-24,Arts,76.22,58.33,3.26,0,0,group_b,0
SYN-03025,18-20,Health,81.98,59.65,2.86,0,0,group_a,0
SYN-03026,25+,STEM,82.1,48.07,3.6,0,0,group_b,0
SYN-03027,16-17,Health,96.01,82.28,2.32,0,0,group_a,0
SYN-03028,21-24,Business,88.18,39.9,2.35,0,0,group_a,0
SYN-03029,16-17,Business,84.78,69.55,3.08,0,1,group_a,1
SYN-03030,25+,Business,90.24,67.1,2.86,1,0,group_b,1
SYN-03031,18-20,STEM,76.41,83.23,4.44,2,0,group_b,0
SYN-03032,16-17,STEM,79.64,75.06,4.57,0,0,group_b,0
SYN-03033,21-24,Health,88.07,62.05,3.15,0,1,group_a,0
SYN-03034,18-20,Business,100.0,76.4,5.0,2,0,group_a,0
SYN-03035,16-17,Business,64.12,68.61,2.64,0,0,group_a,1
SYN-03036,25+,STEM,81.8,44.35,4.18,2,0,group_b,1
SYN-03037,18-20,Health,93.77,86.31,3.41,0,0,group_a,0
SYN-03038,18-20,Health,76.39,68.62,4.43,0,0,group_a,0
SYN-03039,16-17,Health,83.36,82.04,3.41,1,0,group_a,0
SYN-03040,25+,Arts,67.91,100.0,3.72,1,0,group_a,0
SYN-03041,21-24,Business,83.05,79.06,3.45,2,0,group_a,0
SYN-03042,18-20,STEM,85.48,71.68,3.66,1,0,group_b,0
SYN-03043,16-17,STEM,65.9,67.07,4.18,1,0,group_a,0
SYN-03044,18-20,Health,95.15,80.42,1.0,0,0,group_b,0
SYN-03045,18-20,Business,85.57,77.15,4.6,0,0,group_a,0
SYN-03046,18-20,Arts,80.35,67.1,2.3,0,0,not_stated,0
SYN-03047,21-24,Arts,70.38,64.42,3.27,0,0,group_b,0
SYN-03048,16-17,Health,69.94,45.0,2.25,1,0,group_a,0
SYN-03049,18-20,STEM,84.78,72.56,4.24,0,1,group_a,0
SYN-03050,18-20,Health,72.65,61.39,2.59,0,0,group_b,1
SYN-03051,16-17,STEM,100.0,100.0,4.13,1,0,group_a,0
SYN-03052,18-20,Arts,100.0,54.29,2.97,0,0,group_b,0
SYN-03053,25+,STEM,100.0,63.32,4.18,0,0,group_b,0
SYN-03054,21-24,Arts,82.99,59.48,3.72,1,0,group_b,0
SYN-03055,21-24,STEM,80.28,68.8,2.47,0,0,group_a,0
SYN-03056,18-20,Health,82.72,45.23,2.05,1,0,group_a,1
SYN-03057,18-20,Business,94.64,54.53,3.93,0,0,group_a,0
SYN-03058,18-20,Health,81.73,47.83,3.75,2,0,group_b,0
SYN-03059,21-24,STEM,100.0,71.81,2.37,1,0,group_b,0
SYN-03060,16-17,Arts,100.0,83.29,3.77,1,0,group_a,0
SYN-03061,18-20,Business,84.06,75.48,4.09,0,0,group_a,0
SYN-03062,18-20,Business,89.11,81.01,3.33,0,0,not_stated,0
SYN-03063,16-17,Arts,100.0,99.09,3.33,1,0,group_a,0
SYN-03064,18-20,STEM,84.4,47.3,3.98,0,1,group_b,0
SYN-03065,21-24,Arts,100.0,83.5,4.12,0,0,group_b,0
SYN-03066,16-17,STEM,63.64,58.16,5.0,1,1,group_b,0
SYN-03067,25+,Health,89.06,35.42,3.89,2,0,group_a,0
SYN-03068,25+,Business,97.41,43.3,2.69,2,0,group_a,1
SYN-03069,25+,STEM,75.2,67.36,3.38,1,0,group_b,0
SYN-03070,18-20,STEM,87.41,30.14,3.39,0,0,group_a,0
SYN-03071,18-20,STEM,81.49,49.44,3.07,3,0,group_b,1
SYN-03072,21-24,Business,88.64,57.5,2.44,2,0,group_b,1
SYN-03073,18-20,Health,78.24,70.09,2.96,0,0,not_stated,0
SYN-03074,21-24,Arts,95.91,79.83,2.46,0,0,group_a,1
SYN-03075,25+,Business,82.91,95.17,3.35,4,1,group_b,0
SYN-03076,18-20,Arts,64.02,65.33,3.0,0,0,group_a,0
SYN-03077,16-17,Business,91.82,69.25,4.0,1,1,group_b,0
SYN-03078,18-20,Arts,99.49,64.33,3.18,2,0,group_b,0
SYN-03079,16-17,Arts,96.8,67.49,4.31,2,0,group_a,0
SYN-03080,25+,Health,100.0,68.46,1.61,1,0,group_b,0
SYN-03081,25+,Health,95.78,81.93,4.51,0,1,not_stated,0
SYN-03082,18-20,STEM,72.23,67.53,3.73,0,0,group_b,0
SYN-03083,16-17,STEM,72.27,75.39,3.22,2,0,group_a,1
SYN-03084,18-20,Arts,71.47,56.69,4.39,1,0,group_b,0
SYN-03085,25+,Arts,75.06,68.83,3.41,1,0,group_a,0
SYN-03086,16-17,Health,69.64,64.95,3.41,0,1,group_a,0
SYN-03087,18-20,Health,76.16,61.16,3.64,0,1,group_b,0
SYN-03088,18-20,Arts,51.17,50.91,3.35,0,0,group_b,1
SYN-03089,18-20,STEM,79.95,49.98,4.09,0,0,group_a,0
SYN-03090,16-17,Arts,86.97,100.0,2.43,0,0,group_b,0
SYN-03091,21-24,STEM,100.0,69.62,2.06,0,1,group_a,1
SYN-03092,18-20,STEM,67.47,87.28,2.59,2,0,group_b,0
SYN-03093,21-24,Business,83.79,76.31,2.7,1,0,group_a,0
SYN-03094,25+,Arts,69.09,100.0,4.04,0,0,group_a,0
SYN-03095,21-24,Arts,95.07,70.39,2.81,0,0,group_a,0
SYN-03096,25+,Business,77.07,69.97,3.57,0,1,group_a,0
SYN-03097,25+,Arts,95.33,29.61,3.63,0,0,group_a,0
SYN-03098,21-24,Health,86.03,72.62,4.92,0,0,group_a,0
SYN-03099,25+,Business,89.69,53.27,2.55,1,0,group_b,1
SYN-03100,18-20,Health,92.6,84.83,2.98,1,0,group_b,0
SYN-03101,21-24,Business,96.22,81.73,1.81,4,0,group_a,0
SYN-03102,25+,STEM,97.25,63.55,2.18,1,0,not_stated,0
SYN-03103,21-24,Health,75.66,78.8,2.5,1,0,group_a,0
SYN-03104,25+,Arts,93.99,27.71,4.01,3,0,not_stated,0
SYN-03105,25+,Health,87.04,73.24,2.99,1,0,group_a,0
SYN-03106,18-20,Arts,77.15,60.82,3.46,0,0,group_b,1
SYN-03107,21-24,Arts,74.5,63.48,3.78,0,0,group_a,0
SYN-03108,18-20,Arts,92.39,38.48,5.0,0,0,not_stated,0
SYN-03109,21-24,Business,100.0,48.3,2.8,1,1,group_a,0
SYN-03110,21-24,Health,82.08,58.02,2.91,1,0,group_b,1
SYN-03111,25+,STEM,60.83,79.66,2.59,3,0,group_b,1
SYN-03112,18-20,Business,76.45,66.62,3.35,0,0,group_a,0
SYN-03113,21-24,Business,82.04,89.47,3.42,1,0,group_b,0
SYN-03114,16-17,Arts,62.07,51.27,3.46,1,1,group_b,1
SYN-03115,18-20,Arts,69.79,76.36,3.2,0,0,group_a,1
SYN-03116,18-20,Health,92.57,86.24,3.49,2,1,group_b,0
SYN-03117,16-17,STEM,79.89,75.58,3.92,2,0,group_a,0
SYN-03118,21-24,STEM,100.0,67.04,4.62,0,0,group_a,0
SYN-03119,18-20,Arts,84.61,67.48,4.78,0,0,group_b,1
SYN-03120,18-20,STEM,79.46,77.64,3.2,1,0,group_b,0
SYN-03121,16-17,Health,78.39,67.13,3.27,3,0,not_stated,0
SYN-03122,21-24,STEM,89.81,63.33,4.63,1,0,group_a,0
SYN-03123,21-24,Health,100.0,57.76,4.37,0,0,group_a,0
SYN-03124,25+,Business,72.61,74.74,3.6,1,1,group_b,1
SYN-03125,21-24,Health,80.75,71.21,4.79,1,0,group_b,0
SYN-03126,25+,Health,73.77,68.54,2.6,0,1,group_a,1
SYN-03127,16-17,Health,74.78,52.55,3.11,1,0,group_a,0
SYN-03128,21-24,STEM,91.74,46.43,4.25,1,0,group_a,0
SYN-03129,16-17,Business,99.1,55.69,2.28,1,0,group_a,0
SYN-03130,25+,Health,83.48,84.05,4.78,1,0,group_b,0
SYN-03131,25+,Business,88.86,59.48,3.47,1,0,group_a,0
SYN-03132,18-20,Business,83.28,75.39,2.59,0,0,group_a,0
SYN-03133,16-17,Health,98.9,62.38,3.93,0,0,group_b,1
SYN-03134,18-20,Health,76.57,75.68,4.73,1,0,group_a,1
SYN-03135,18-20,Health,82.44,57.42,4.39,0,0,group_b,0
SYN-03136,21-24,Health,78.46,91.07,2.44,1,1,group_a,1
SYN-03137,18-20,STEM,79.98,75.38,3.84,1,0,group_b,1
SYN-03138,16-17,Health,74.37,75.21,3.52,0,1,group_a,0
SYN-03139,21-24,STEM,76.81,79.9,3.85,0,0,group_b,0
SYN-03140,16-17,Health,89.39,82.77,4.87,1,0,group_a,0
SYN-03141,18-20,Business,77.08,72.81,3.73,0,0,group_b,0
SYN-03142,21-24,Business,78.89,71.09,4.11,0,1,not_stated,1
SYN-03143,25+,Health,87.83,81.12,3.37,1,0,not_stated,0
SYN-03144,16-17,Arts,74.49,84.76,2.51,0,0,group_a,0
SYN-03145,18-20,Business,75.87,55.22,4.28,0,0,group_b,0
SYN-03146,21-24,Arts,84.15,59.93,2.61,1,0,group_b,0
SYN-03147,21-24,Health,81.33,61.56,2.99,0,0,group_a,0
SYN-03148,21-24,Business,95.69,66.9,3.32,0,1,group_b,0
SYN-03149,18-20,STEM,92.84,50.18,4.29,0,0,group_a,0
SYN-03150,18-20,Business,87.46,75.32,2.74,1,0,group_b,0
SYN-03151,21-24,Arts,76.9,45.16,4.95,0,1,group_a,0
SYN-03152,21-24,Arts,85.27,60.98,4.28,2,1,group_a,0
SYN-03153,18-20,STEM,76.47,93.93,4.42,0,0,group_a,0
SYN-03154,21-24,STEM,93.35,94.07,5.0,4,0,group_a,0
SYN-03155,18-20,Arts,99.37,93.25,2.96,1,0,group_a,0
SYN-03156,21-24,Health,68.27,71.98,2.9,0,0,group_b,0
SYN-03157,16-17,Business,71.4,81.4,3.58,0,1,group_a,1
SYN-03158,21-24,STEM,89.83,64.92,3.18,1,1,group_b,1
SYN-03159,25+,Health,83.43,15.28,4.42,1,1,group_b,1
SYN-03160,21-24,Health,91.93,86.27,2.32,2,0,not_stated,1
SYN-03161,25+,STEM,90.4,75.44,1.36,1,0,group_a,0
SYN-03162,16-17,STEM,96.15,56.65,3.73,0,0,group_a,0
SYN-03163,18-20,Business,83.99,66.84,2.76,0,0,group_a,0
SYN-03164,16-17,STEM,87.53,77.64,3.96,3,0,group_a,0
SYN-03165,18-20,Health,86.83,51.17,3.52,3,0,group_b,0
SYN-03166,16-17,Arts,82.79,89.88,1.93,0,0,group_b,0
SYN-03167,18-20,STEM,91.13,71.68,3.46,0,1,not_stated,0
SYN-03168,18-20,Arts,81.84,73.71,3.74,1,0,group_a,0
SYN-03169,18-20,Health,85.07,76.6,3.41,1,0,group_b,0
SYN-03170,18-20,STEM,67.9,59.92,2.81,1,0,not_stated,1
SYN-03171,18-20,Business,81.84,31.94,4.21,0,1,group_a,1
SYN-03172,18-20,Health,79.63,100.0,2.68,0,0,group_a,0
SYN-03173,18-20,Arts,65.76,79.03,3.68,0,0,group_b,1
SYN-03174,21-24,Health,89.42,51.71,4.99,1,0,group_a,0
SYN-03175,21-24,Health,100.0,53.96,4.28,0,0,group_b,0
SYN-03176,18-20,Arts,81.35,68.71,3.73,0,0,group_b,0
SYN-03177,16-17,STEM,81.27,64.65,3.41,1,0,group_b,0
SYN-03178,18-20,Health,98.73,71.91,2.52,0,0,group_a,1
SYN-03179,21-24,Health,65.85,68.9,3.57,1,0,group_a,1
SYN-03180,21-24,Arts,83.33,57.9,4.56,0,0,group_b,0
SYN-03181,25+,Health,78.15,55.4,3.24,0,0,group_a,1
SYN-03182,18-20,Business,82.73,82.28,2.49,0,1,group_a,0
SYN-03183,16-17,Health,95.82,67.29,4.43,0,0,group_a,1
SYN-03184,21-24,Business,84.97,66.86,3.63,1,0,group_b,0
SYN-03185,21-24,STEM,76.23,64.75,4.39,0,0,group_a,1
SYN-03186,21-24,Business,87.51,48.44,4.16,1,0,group_a,0
SYN-03187,18-20,Arts,72.56,85.16,2.32,0,0,group_a,0
SYN-03188,16-17,Arts,97.55,68.85,3.85,0,0,group_b,1
SYN-03189,18-20,Health,74.16,84.4,3.4,0,0,group_a,1
SYN-03190,21-24,Business,88.55,43.48,3.7,1,1,group_b,0
SYN-03191,18-20,Arts,88.18,78.89,4.06,1,0,group_a,0
SYN-03192,18-20,Arts,100.0,89.66,1.58,0,0,group_b,1
SYN-03193,18-20,STEM,78.26,78.46,2.57,0,0,group_b,0
SYN-03194,21-24,STEM,89.05,47.18,5.0,1,0,group_a,0
SYN-03195,21-24,Business,79.08,89.39,3.56,0,0,group_a,1
SYN-03196,18-20,Business,81.44,72.73,4.48,2,0,group_b,0
SYN-03197,18-20,STEM,70.22,48.54,3.59,1,0,group_a,0
SYN-03198,16-17,Business,100.0,76.83,2.96,3,1,group_a,1
SYN-03199,21-24,Health,66.73,41.93,5.0,1,0,group_b,0
SYN-03200,25+,Health,92.21,73.26,3.96,0,0,group_a,0
SYN-03201,25+,Health,94.18,99.35,4.22,0,0,group_a,0
SYN-03202,16-17,STEM,80.3,71.57,4.14,1,0,group_b,0
SYN-03203,18-20,Arts,95.05,52.02,2.56,1,0,not_stated,0
SYN-03204,18-20,Business,80.75,35.1,4.21,1,0,group_a,1
SYN-03205,25+,Arts,87.61,50.92,4.14,1,0,group_a,0
SYN-03206,18-20,STEM,93.49,55.08,4.86,0,1,group_b,0
SYN-03207,16-17,STEM,96.93,42.48,4.31,0,0,group_a,0
SYN-03208,25+,STEM,67.48,68.77,4.31,2,0,group_b,0
SYN-03209,25+,Health,82.98,69.35,3.88,1,0,group_a,0
SYN-03210,25+,STEM,79.1,43.12,3.37,0,0,group_a,0
SYN-03211,21-24,STEM,91.74,29.96,4.68,1,0,group_b,1
SYN-03212,18-20,Business,77.6,38.06,3.62,0,0,group_a,1
SYN-03213,21-24,STEM,96.69,85.74,3.08,0,0,group_b,0
SYN-03214,21-24,Health,82.5,51.85,4.58,2,0,group_a,1
SYN-03215,25+,Arts,75.05,83.13,2.95,1,0,not_stated,0
SYN-03216,16-17,Arts,80.21,69.2,4.37,0,0,group_b,0
SYN-03217,16-17,Arts,74.62,66.95,3.99,0,0,group_a,0
SYN-03218,21-24,Business,70.53,71.24,3.48,4,0,group_a,1
SYN-03219,16-17,Health,91.23,80.2,3.69,0,0,group_b,0
SYN-03220,16-17,Business,74.54,83.2,4.09,0,0,group_a,0
SYN-03221,25+,Health,85.95,74.37,4.24,0,0,group_a,0
SYN-03222,18-20,Arts,96.84,55.56,3.58,1,0,group_b,0
SYN-03223,18-20,STEM,87.92,49.22,2.2,3,0,group_b,0
SYN-03224,18-20,Health,91.15,86.71,2.76,2,0,group_a,0
SYN-03225,25+,Health,79.04,59.63,4.03,3,0,group_b,0
SYN-03226,21-24,Business,69.75,47.3,4.09,0,0,group_a,0
SYN-03227,18-20,STEM,61.7,52.76,3.06,1,0,group_b,1
SYN-03228,16-17,Arts,83.65,61.96,3.76,1,0,group_b,0
SYN-03229,25+,Business,95.39,81.85,4.28,1,0,group_b,0
SYN-03230,16-17,Business,75.45,94.05,3.04,1,0,group_a,1
SYN-03231,21-24,STEM,96.03,67.75,3.98,1,0,group_b,0
SYN-03232,25+,STEM,80.64,77.57,4.35,0,0,group_a,0
SYN-03233,16-17,Health,87.4,72.86,4.03,0,0,not_stated,0
SYN-03234,18-20,Health,89.86,68.7,4.84,0,0,group_a,0
SYN-03235,18-20,Health,80.44,56.48,2.61,1,1,group_a,0
SYN-03236,18-20,Arts,97.93,61.11,2.94,1,0,group_b,0
SYN-03237,16-17,STEM,82.18,84.93,4.17,0,1,group_a,0
SYN-03238,16-17,Health,89.49,41.13,3.37,1,0,group_b,0
SYN-03239,25+,Arts,81.53,64.16,3.87,0,0,group_a,1
SYN-03240,18-20,Business,80.01,63.13,2.47,1,0,group_b,0
SYN-03241,18-20,Arts,79.87,57.55,2.94,2,0,group_b,1
SYN-03242,25+,STEM,100.0,74.3,1.82,0,0,group_a,0
SYN-03243,18-20,Health,92.09,86.66,4.16,0,0,group_a,0
SYN-03244,16-17,Health,74.46,76.71,3.48,0,0,group_b,0
SYN-03245,18-20,Business,92.36,63.57,3.53,2,0,group_a,1
SYN-03246,21-24,Health,81.39,85.33,2.99,0,0,group_b,0
SYN-03247,25+,Business,70.91,40.31,4.1,1,0,group_a,0
SYN-03248,25+,Arts,100.0,68.33,2.35,1,0,group_b,0
SYN-03249,18-20,Business,80.73,62.47,2.93,0,0,group_b,0
SYN-03250,25+,Business,94.2,84.94,2.79,0,0,group_a,0
SYN-03251,21-24,Arts,99.65,66.73,2.8,0,0,group_a,1
SYN-03252,16-17,Business,97.7,84.41,4.3,0,0,group_b,0
SYN-03253,21-24,Business,86.49,91.99,4.01,0,0,group_a,0
SYN-03254,16-17,Health,92.53,62.28,3.21,2,0,group_b,0
SYN-03255,21-24,Health,86.25,80.13,3.66,3,0,group_b,0
SYN-03256,16-17,Business,73.2,34.85,3.42,1,0,group_b,0
SYN-03257,16-17,Arts,86.37,83.58,3.08,3,0,group_b,0
SYN-03258,21-24,Business,73.76,57.55,4.17,2,0,group_a,1
SYN-03259,16-17,Health,88.61,82.15,3.77,0,0,not_stated,0
SYN-03260,25+,Business,75.9,95.21,3.36,0,0,group_a,0
SYN-03261,21-24,Arts,67.27,56.57,3.07,0,0,group_a,0
SYN-03262,18-20,Business,79.26,73.24,3.96,0,1,group_b,0
SYN-03263,21-24,STEM,64.54,58.37,3.07,1,0,group_a,0
SYN-03264,16-17,Arts,74.05,79.29,3.16,3,0,group_a,1
SYN-03265,21-24,Health,94.4,57.73,3.14,3,0,group_b,0
SYN-03266,16-17,Business,67.4,84.22,3.41,1,1,group_a,1
SYN-03267,18-20,Business,85.01,64.81,2.7,0,0,group_b,0
SYN-03268,16-17,Health,81.65,61.96,3.72,1,1,group_b,0
SYN-03269,18-20,Business,83.44,58.97,3.8,1,0,group_b,0
SYN-03270,16-17,Health,78.62,52.0,2.2,1,0,group_a,1
SYN-03271,25+,Business,75.2,66.99,4.72,0,0,group_b,0
SYN-03272,18-20,STEM,86.14,49.9,3.06,1,0,group_a,0
SYN-03273,21-24,Business,80.05,59.4,3.97,0,0,group_b,0
SYN-03274,25+,Health,74.14,74.15,4.38,1,0,group_a,0
SYN-03275,16-17,Arts,92.74,50.2,4.7,0,0,group_b,0
SYN-03276,21-24,STEM,79.54,62.33,3.32,1,0,group_b,1
SYN-03277,21-24,Arts,90.53,60.61,3.03,2,0,group_a,0
SYN-03278,18-20,Health,76.85,83.68,4.02,1,0,group_a,0
SYN-03279,18-20,Business,74.85,57.45,3.41,3,0,group_b,0
SYN-03280,16-17,Business,68.14,53.79,3.46,0,1,group_a,0
SYN-03281,21-24,Health,77.97,40.92,4.23,0,1,group_a,0
SYN-03282,25+,Arts,97.8,88.39,3.27,0,0,group_b,1
SYN-03283,21-24,STEM,83.88,68.36,2.47,0,0,group_a,1
SYN-03284,16-17,Arts,100.0,81.2,3.38,0,0,group_a,0
SYN-03285,25+,Health,78.63,48.92,3.9,0,0,group_b,1
SYN-03286,21-24,Arts,84.68,60.26,3.46,1,0,group_b,0
SYN-03287,16-17,Arts,79.94,35.68,3.98,1,1,group_b,1
SYN-03288,18-20,STEM,81.45,70.55,3.47,0,1,group_a,0
SYN-03289,18-20,Arts,92.36,90.61,2.26,0,0,group_a,0
SYN-03290,16-17,Business,80.71,69.72,4.03,2,1,group_b,1
SYN-03291,25+,Health,70.19,76.99,4.55,1,0,group_a,0
SYN-03292,16-17,STEM,85.36,71.67,3.6,0,0,group_a,0
SYN-03293,16-17,STEM,98.18,65.61,4.03,1,0,group_b,0
SYN-03294,21-24,Arts,74.37,43.19,2.8,1,1,group_a,1
SYN-03295,16-17,Health,98.07,58.37,4.19,0,0,group_b,0
SYN-03296,25+,Arts,100.0,61.08,3.23,2,0,group_a,1
SYN-03297,16-17,Arts,100.0,74.98,3.28,0,0,group_b,0
SYN-03298,25+,Health,82.13,70.18,3.67,1,0,group_b,0
SYN-03299,18-20,Health,71.89,73.0,4.64,0,0,group_a,0
SYN-03300,18-20,Health,78.59,45.78,3.17,0,0,group_b,1
SYN-03301,21-24,Arts,71.31,100.0,3.13,0,0,group_b,0
SYN-03302,18-20,Arts,80.96,84.88,4.83,0,0,group_b,0
SYN-03303,18-20,Arts,74.19,56.31,3.33,0,0,group_a,0
SYN-03304,21-24,Health,87.38,66.76,2.56,0,0,group_a,1
SYN-03305,18-20,Health,89.64,67.88,3.55,1,0,group_b,0
SYN-03306,16-17,Business,97.67,18.81,2.6,0,1,group_b,1
SYN-03307,16-17,Health,100.0,73.88,4.27,0,0,group_a,0
SYN-03308,21-24,Arts,84.59,72.31,3.7,1,0,group_b,1
SYN-03309,21-24,Business,77.84,81.42,3.62,1,0,group_b,0
SYN-03310,16-17,Arts,78.93,84.4,2.55,1,0,group_a,0
SYN-03311,18-20,Business,79.8,64.47,3.55,1,0,group_a,1
SYN-03312,18-20,Business,87.25,67.98,4.19,1,0,group_a,0
SYN-03313,21-24,Business,82.27,84.92,3.98,0,0,group_b,0
SYN-03314,16-17,Health,96.82,77.4,3.3,0,0,group_a,1
SYN-03315,25+,Health,87.98,49.35,3.33,0,0,group_a,0
SYN-03316,25+,STEM,80.41,77.55,3.32,0,0,group_b,1
SYN-03317,16-17,Business,79.86,78.68,3.11,2,0,group_a,0
SYN-03318,21-24,STEM,86.08,86.28,1.82,0,0,group_b,0
SYN-03319,16-17,Business,75.9,67.01,2.67,1,0,group_b,0
SYN-03320,18-20,Arts,82.95,51.43,4.25,0,0,group_b,1
SYN-03321,21-24,Health,94.77,76.05,3.72,1,0,not_stated,0
SYN-03322,18-20,Health,75.56,65.96,3.79,0,0,group_b,0
SYN-03323,21-24,Business,84.89,62.67,3.38,0,0,group_a,0
SYN-03324,16-17,Health,81.8,63.4,3.57,0,0,group_a,1
SYN-03325,25+,Arts,82.58,58.43,2.89,0,0,group_b,0
SYN-03326,21-24,STEM,94.36,39.66,4.96,0,0,group_b,0
SYN-03327,21-24,Business,71.75,76.24,2.98,1,0,group_a,0
SYN-03328,16-17,Business,96.01,75.56,2.71,1,0,not_stated,0
SYN-03329,18-20,Health,85.12,100.0,2.99,0,0,not_stated,0
SYN-03330,16-17,Arts,96.52,52.03,3.3,0,0,group_a,1
SYN-03331,21-24,Business,85.91,48.94,3.88,0,0,group_a,1
SYN-03332,18-20,Business,79.77,97.5,3.97,1,0,group_b,0
SYN-03333,18-20,Health,77.54,58.59,3.55,0,0,group_b,0
SYN-03334,21-24,Business,85.29,76.27,5.0,2,0,group_a,0
SYN-03335,25+,Arts,64.41,64.04,3.85,0,0,group_a,0
SYN-03336,18-20,Health,85.49,60.67,2.76,1,0,group_a,0
SYN-03337,21-24,Arts,79.78,78.82,4.31,0,0,group_b,1
SYN-03338,18-20,Business,82.77,53.91,3.79,1,1,group_a,1
SYN-03339,16-17,Arts,92.34,63.46,1.1,0,0,not_stated,1
SYN-03340,16-17,STEM,87.81,65.73,3.58,0,0,group_b,0
SYN-03341,21-24,Arts,81.17,58.55,3.14,0,0,group_b,0
SYN-03342,18-20,Business,75.53,74.5,2.69,0,1,group_b,1
SYN-03343,18-20,Health,94.79,79.17,2.99,1,0,group_a,0
SYN-03344,18-20,Health,81.74,80.82,2.69,0,0,group_a,0
SYN-03345,16-17,Arts,78.75,64.37,4.1,0,0,group_a,0
SYN-03346,18-20,STEM,83.48,59.19,3.66,1,0,group_a,0
SYN-03347,21-24,Arts,83.57,87.92,5.0,1,1,group_a,0
SYN-03348,21-24,Arts,93.4,43.44,3.09,0,0,group_a,0
SYN-03349,21-24,Health,97.39,100.0,2.79,0,0,group_a,0
SYN-03350,21-24,Arts,86.19,70.93,3.6,0,1,group_a,0
SYN-03351,18-20,Arts,88.39,90.29,3.43,0,0,group_b,0
SYN-03352,25+,Arts,91.23,51.45,3.57,1,0,group_b,0
SYN-03353,21-24,Business,87.81,82.01,4.14,1,0,group_b,0
SYN-03354,21-24,Business,72.14,70.15,3.96,2,0,group_a,1
SYN-03355,25+,Health,100.0,56.15,3.87,2,1,group_b,1
SYN-03356,21-24,STEM,74.35,64.57,4.23,1,0,group_a,1
SYN-03357,18-20,Arts,90.85,76.36,3.91,3,0,group_b,1
SYN-03358,18-20,Arts,75.41,57.44,3.17,0,1,group_b,0
SYN-03359,16-17,STEM,69.62,75.28,3.21,1,1,group_a,0
SYN-03360,25+,Business,94.03,81.4,3.24,0,0,group_b,0
SYN-03361,18-20,Business,78.94,69.03,4.71,0,0,group_b,0
SYN-03362,16-17,Arts,99.93,72.32,3.23,0,0,group_b,0
SYN-03363,18-20,Arts,93.89,38.84,4.04,0,0,group_b,1
SYN-03364,16-17,Arts,94.47,70.56,2.99,0,0,group_a,0
SYN-03365,21-24,Health,82.86,51.2,3.15,0,0,group_b,0
SYN-03366,16-17,Health,90.5,42.27,2.24,3,0,group_a,1
SYN-03367,21-24,Health,92.61,58.48,2.0,0,0,group_b,0
SYN-03368,16-17,STEM,88.6,76.92,4.32,1,0,group_b,0
SYN-03369,16-17,STEM,72.18,52.83,3.35,1,0,group_a,0
SYN-03370,21-24,Arts,88.19,42.29,2.9,2,0,group_a,1
SYN-03371,16-17,STEM,81.47,80.54,3.31,3,1,group_a,1
SYN-03372,21-24,Arts,89.1,53.47,3.47,0,1,group_a,1
SYN-03373,18-20,Business,83.93,55.17,3.52,1,0,group_b,0
SYN-03374,25+,Health,94.28,61.71,2.35,1,0,group_b,0
SYN-03375,18-20,Arts,81.89,39.44,3.53,1,0,group_b,0
SYN-03376,21-24,Business,76.04,92.0,2.67,1,0,group_a,1
SYN-03377,21-24,STEM,86.72,63.51,3.35,0,0,group_a,0
SYN-03378,18-20,STEM,83.59,98.21,3.22,2,0,group_b,0
SYN-03379,18-20,Business,90.16,81.42,1.94,1,0,group_b,1
SYN-03380,18-20,Business,94.98,74.46,4.2,0,0,group_b,0
SYN-03381,25+,Health,65.76,67.9,2.88,0,0,group_b,0
SYN-03382,18-20,Business,81.99,86.2,3.97,0,0,not_stated,0
SYN-03383,18-20,Arts,93.0,76.82,4.06,1,0,group_b,1
SYN-03384,18-20,Health,100.0,96.27,4.33,0,0,not_stated,0
SYN-03385,18-20,Arts,85.73,61.66,4.29,2,1,group_b,0
SYN-03386,25+,STEM,78.58,74.41,4.71,0,0,group_a,0
SYN-03387,16-17,Arts,85.49,100.0,4.58,2,0,group_a,1
SYN-03388,18-20,Business,83.11,84.56,4.3,2,0,group_b,0
SYN-03389,16-17,STEM,84.48,100.0,1.6,0,0,group_b,0
SYN-03390,18-20,Health,83.64,64.85,3.94,0,1,group_b,1
SYN-03391,18-20,STEM,77.95,52.35,4.19,1,0,group_b,0
SYN-03392,18-20,Arts,62.33,49.56,3.5,0,0,group_b,1
SYN-03393,18-20,STEM,70.75,69.97,3.3,2,0,group_b,0
SYN-03394,16-17,STEM,79.81,97.83,2.61,0,0,group_b,0
SYN-03395,16-17,Health,88.66,61.81,3.8,1,0,group_a,0
SYN-03396,21-24,Health,72.26,64.62,3.95,0,1,group_a,0
SYN-03397,18-20,Health,75.83,71.73,4.14,1,0,group_b,0
SYN-03398,18-20,Arts,78.83,87.44,4.11,1,0,group_b,0
SYN-03399,25+,Business,76.19,71.9,3.16,2,0,group_a,0
SYN-03400,21-24,Health,95.5,37.74,3.1,1,0,group_a,0
SYN-03401,18-20,Arts,92.93,74.24,2.29,0,0,group_b,0
SYN-03402,25+,STEM,76.59,60.32,2.3,0,0,group_b,0
SYN-03403,21-24,Arts,88.66,80.58,2.54,0,0,group_b,0
SYN-03404,18-20,Arts,70.73,54.85,2.54,0,0,not_stated,1
SYN-03405,25+,Health,74.74,72.39,4.28,0,1,group_a,1
SYN-03406,21-24,STEM,79.2,59.63,3.27,1,0,group_b,0
SYN-03407,16-17,Health,88.49,67.49,3.31,0,0,group_b,0
SYN-03408,25+,Business,81.4,63.15,3.91,1,0,group_a,0
SYN-03409,21-24,Health,85.71,76.8,2.06,0,0,not_stated,0
SYN-03410,16-17,STEM,66.07,86.07,3.86,0,0,group_b,0
SYN-03411,18-20,Business,77.8,76.75,3.45,0,0,group_a,0
SYN-03412,18-20,STEM,87.09,82.62,2.68,0,0,group_a,0
SYN-03413,25+,Arts,100.0,75.33,1.95,1,0,group_a,0
SYN-03414,18-20,STEM,83.72,74.45,4.5,0,0,group_b,0
SYN-03415,21-24,Health,73.18,83.22,3.05,1,0,group_a,1
SYN-03416,18-20,Health,85.76,70.47,3.57,0,0,not_stated,0
SYN-03417,16-17,Business,86.44,30.12,3.58,0,0,group_a,0
SYN-03418,21-24,STEM,81.28,56.41,5.0,2,0,group_a,0
SYN-03419,16-17,Health,90.25,98.85,3.09,0,0,group_a,0
SYN-03420,18-20,STEM,68.86,96.05,3.15,0,0,group_b,0
SYN-03421,18-20,Business,100.0,100.0,3.4,0,0,group_b,0
SYN-03422,16-17,Business,84.81,69.54,2.91,2,0,group_b,0
SYN-03423,25+,STEM,79.66,74.11,3.26,1,0,group_a,1
SYN-03424,16-17,Arts,71.59,60.66,4.0,2,1,group_b,0
SYN-03425,16-17,Business,84.77,48.37,1.97,1,0,group_a,0
SYN-03426,21-24,Health,94.94,100.0,4.41,0,0,group_a,0
SYN-03427,18-20,Business,84.54,52.93,1.8,0,0,group_a,1
SYN-03428,18-20,Arts,74.5,41.63,2.57,2,0,group_b,1
SYN-03429,25+,Health,81.41,53.86,4.65,0,0,group_b,0
SYN-03430,18-20,STEM,82.53,76.57,2.58,1,0,group_b,0
SYN-03431,21-24,Health,93.16,63.33,2.29,1,0,group_b,0
SYN-03432,16-17,STEM,94.04,69.72,3.29,0,0,group_b,0
SYN-03433,16-17,STEM,76.14,77.91,2.57,1,0,group_b,0
SYN-03434,16-17,STEM,93.02,71.16,2.62,1,0,group_b,0
SYN-03435,25+,Health,75.19,52.36,2.4,1,0,group_a,1
SYN-03436,18-20,Arts,82.49,73.75,4.1,1,0,group_a,0
SYN-03437,16-17,Health,100.0,65.35,3.95,1,0,group_b,0
SYN-03438,16-17,Health,88.03,77.76,4.31,1,0,group_b,0
SYN-03439,21-24,STEM,83.52,55.1,2.73,0,0,group_b,1
SYN-03440,21-24,Arts,85.5,51.33,2.99,0,0,group_b,0
SYN-03441,18-20,Business,98.48,76.74,3.08,0,0,group_b,0
SYN-03442,16-17,Arts,77.25,63.98,4.01,0,0,group_b,0
SYN-03443,18-20,Business,79.39,85.24,3.67,0,0,group_a,0
SYN-03444,18-20,Arts,80.36,58.37,3.68,1,0,group_a,1
SYN-03445,18-20,Health,84.87,67.64,3.84,1,0,group_a,0
SYN-03446,16-17,Business,92.19,74.98,3.65,2,0,group_b,0
SYN-03447,21-24,Arts,79.71,58.15,3.24,2,0,group_b,0
SYN-03448,18-20,STEM,78.93,76.37,4.45,0,0,group_a,0
SYN-03449,18-20,Arts,83.17,68.19,4.87,0,0,group_a,0
SYN-03450,16-17,STEM,98.32,49.56,4.58,0,1,group_a,0
SYN-03451,25+,Arts,100.0,79.4,4.47,0,1,group_a,0
SYN-03452,21-24,Arts,90.43,88.28,3.51,0,1,group_b,0
SYN-03453,25+,Business,92.72,62.37,4.36,1,0,group_b,0
SYN-03454,25+,STEM,98.62,47.56,3.01,1,0,group_b,0
SYN-03455,18-20,Arts,94.73,72.37,3.23,1,0,group_b,0
SYN-03456,16-17,Arts,88.2,99.74,3.42,1,1,group_b,0
SYN-03457,16-17,Business,84.71,59.32,3.17,3,0,group_a,0
SYN-03458,16-17,STEM,83.28,82.82,4.36,0,0,group_b,0
SYN-03459,18-20,Arts,96.76,53.47,3.54,1,1,group_a,1
SYN-03460,18-20,Arts,72.36,77.74,2.98,0,1,group_b,0
SYN-03461,16-17,STEM,69.26,63.4,4.03,0,0,group_a,0
SYN-03462,18-20,Business,100.0,87.12,2.86,1,0,group_b,0
SYN-03463,21-24,Arts,82.25,83.24,2.8,0,0,group_a,0
SYN-03464,16-17,Business,75.6,55.09,3.36,0,0,not_stated,0
SYN-03465,18-20,STEM,83.42,72.07,3.75,0,0,group_b,0
SYN-03466,18-20,Business,81.48,67.44,3.16,1,0,not_stated,0
SYN-03467,21-24,Arts,85.26,61.92,3.82,0,1,group_a,1
SYN-03468,21-24,Health,73.27,79.23,2.83,1,1,group_a,0
SYN-03469,25+,Health,93.04,75.23,3.93,1,0,group_a,0
SYN-03470,18-20,Arts,77.32,63.2,2.13,1,1,group_b,1
SYN-03471,18-20,STEM,99.75,68.1,3.48,0,0,group_a,0
SYN-03472,25+,Health,100.0,89.62,3.43,1,1,group_b,0
SYN-03473,18-20,Business,83.37,60.57,3.32,0,0,group_b,0
SYN-03474,18-20,Business,85.07,68.64,2.69,1,0,group_b,0
SYN-03475,21-24,Business,100.0,56.93,3.16,0,1,group_a,0
SYN-03476,16-17,Arts,82.84,58.36,2.58,0,0,group_b,0
SYN-03477,18-20,Arts,91.51,62.27,2.86,0,0,group_b,0
SYN-03478,21-24,STEM,83.98,73.47,4.79,1,0,group_b,0
SYN-03479,18-20,Arts,85.78,71.22,3.39,2,0,group_b,0
SYN-03480,18-20,Business,82.74,58.21,3.81,1,0,group_b,0
SYN-03481,18-20,Business,93.3,69.02,2.74,0,0,group_a,0
SYN-03482,25+,STEM,70.44,73.41,2.27,2,1,group_a,1
SYN-03483,16-17,Health,82.4,73.56,4.72,1,0,group_b,0
SYN-03484,18-20,Health,84.46,45.61,1.84,0,0,group_a,1
SYN-03485,18-20,Health,71.54,81.94,3.41,0,0,group_a,0
SYN-03486,18-20,Health,74.48,45.37,3.67,1,1,group_b,0
SYN-03487,21-24,Business,87.52,54.54,2.53,1,0,group_b,0
SYN-03488,25+,STEM,100.0,75.01,3.2,2,0,group_a,0
SYN-03489,16-17,Health,96.62,50.14,3.37,0,0,group_b,0
SYN-03490,16-17,STEM,86.71,47.13,3.61,1,1,group_b,0
SYN-03491,16-17,Health,69.3,82.88,5.0,0,0,group_a,0
SYN-03492,25+,Business,93.41,53.47,3.19,0,0,group_b,0
SYN-03493,16-17,Business,77.44,54.82,1.76,1,0,group_b,0
SYN-03494,18-20,Arts,73.84,77.01,3.07,0,1,not_stated,0
SYN-03495,18-20,Arts,88.62,63.42,3.02,0,0,group_a,1
SYN-03496,16-17,Arts,83.25,67.84,2.74,1,0,not_stated,0
SYN-03497,18-20,Business,81.64,32.5,3.26,0,0,group_b,0
SYN-03498,21-24,Business,99.34,66.31,4.02,0,0,group_a,0
SYN-03499,16-17,Health,88.44,69.02,3.48,0,1,group_a,0
SYN-03500,25+,Business,84.08,77.84,3.46,0,1,group_b,0
SYN-03501,25+,Business,83.04,51.46,3.99,1,0,group_a,0
SYN-03502,21-24,Health,78.18,68.18,4.06,0,0,not_stated,0
SYN-03503,25+,Arts,94.62,81.87,3.64,1,0,group_a,1
SYN-03504,18-20,Business,94.25,82.79,3.05,1,0,group_a,0
SYN-03505,16-17,STEM,71.28,83.73,3.1,1,0,group_b,0
SYN-03506,18-20,Health,75.78,76.32,3.08,0,0,group_b,0
SYN-03507,25+,Arts,79.86,66.14,3.23,1,0,group_a,0
SYN-03508,18-20,STEM,100.0,55.95,4.52,0,1,not_stated,1
SYN-03509,21-24,Health,86.49,72.31,3.46,0,0,group_b,0
SYN-03510,25+,Business,66.6,48.4,4.46,0,0,group_a,0
SYN-03511,18-20,STEM,99.69,70.06,3.92,1,0,group_b,0
SYN-03512,18-20,STEM,72.72,41.68,3.35,1,0,group_a,0
SYN-03513,21-24,Health,60.82,71.3,2.17,0,0,group_b,0
SYN-03514,16-17,Business,88.43,52.13,4.03,1,1,group_a,1
SYN-03515,18-20,STEM,77.81,48.43,2.63,0,0,group_a,0
SYN-03516,25+,Business,87.95,89.71,2.96,1,0,group_a,0
SYN-03517,16-17,Health,92.37,83.2,5.0,2,0,group_b,0
SYN-03518,18-20,Arts,71.43,72.83,2.97,0,0,group_b,0
SYN-03519,21-24,Business,80.33,67.14,3.27,1,0,group_a,0
SYN-03520,16-17,Arts,82.2,72.8,4.19,0,0,group_b,0
SYN-03521,21-24,STEM,70.7,67.59,1.17,0,0,group_a,0
SYN-03522,25+,Arts,84.03,71.1,3.36,0,1,group_b,1
SYN-03523,16-17,STEM,79.28,79.07,3.27,0,0,group_a,0
SYN-03524,25+,STEM,84.03,58.85,3.73,0,0,group_b,0
SYN-03525,18-20,Business,71.41,78.91,3.19,0,0,group_a,0
SYN-03526,16-17,Arts,96.64,76.18,3.03,1,1,group_a,1
SYN-03527,21-24,Health,81.86,50.87,3.35,0,0,group_b,0
SYN-03528,18-20,STEM,72.98,61.1,4.43,0,0,group_b,0
SYN-03529,16-17,Health,92.08,78.84,4.04,0,0,group_a,0
SYN-03530,16-17,STEM,79.77,55.48,3.25,0,0,group_a,0
SYN-03531,18-20,Business,93.49,38.89,3.79,1,0,group_b,0
SYN-03532,16-17,STEM,76.27,45.82,3.83,1,0,group_a,0
SYN-03533,18-20,Health,77.86,74.87,3.46,1,0,group_b,1
SYN-03534,16-17,Business,92.41,73.01,2.86,0,0,group_b,0
SYN-03535,21-24,Health,81.56,78.52,3.44,1,0,group_b,0
SYN-03536,18-20,Health,86.65,100.0,3.94,0,0,group_a,0
SYN-03537,16-17,Arts,82.53,62.28,3.89,1,0,not_stated,0
SYN-03538,16-17,Arts,100.0,48.56,5.0,2,0,group_b,0
SYN-03539,18-20,Arts,58.79,59.43,4.71,0,0,group_b,1
SYN-03540,18-20,Arts,88.0,53.56,3.32,1,0,group_a,0
SYN-03541,18-20,Business,73.97,69.15,3.86,1,1,group_b,0
SYN-03542,21-24,Health,100.0,66.01,3.8,1,1,group_a,0
SYN-03543,16-17,Business,73.9,72.22,4.53,0,1,not_stated,1
SYN-03544,21-24,Business,98.36,79.93,3.6,1,0,group_a,0
SYN-03545,21-24,STEM,83.79,53.72,3.56,0,0,group_a,0
SYN-03546,21-24,Health,85.73,61.21,4.47,0,0,group_b,0
SYN-03547,21-24,Health,82.21,89.94,2.78,1,1,group_a,0
SYN-03548,18-20,Health,62.48,81.04,4.6,5,0,group_b,1
SYN-03549,25+,Health,83.83,67.94,4.45,0,0,group_a,0
SYN-03550,16-17,Arts,72.44,100.0,4.15,0,1,group_a,0
SYN-03551,18-20,Health,78.18,46.47,2.97,2,0,group_a,1
SYN-03552,16-17,Arts,66.1,72.77,2.61,0,0,group_a,0
SYN-03553,18-20,Arts,70.19,22.76,4.75,3,0,group_b,1
SYN-03554,21-24,STEM,89.73,66.88,4.85,2,0,group_b,0
SYN-03555,18-20,STEM,88.05,57.65,4.19,0,1,group_b,0
SYN-03556,21-24,Arts,83.29,86.67,2.54,0,0,group_a,0
SYN-03557,25+,Health,92.93,80.85,3.9,0,1,group_a,0
SYN-03558,18-20,Business,77.42,48.58,3.95,1,0,group_a,1
SYN-03559,18-20,Health,64.49,75.47,3.93,0,1,group_b,1
SYN-03560,18-20,Business,88.92,28.27,2.98,2,0,group_b,1
SYN-03561,21-24,Business,93.77,84.08,2.8,0,0,group_b,0
SYN-03562,18-20,Arts,83.17,73.14,3.3,2,0,group_b,0
SYN-03563,16-17,STEM,75.48,40.24,3.38,0,1,group_a,0
SYN-03564,18-20,Business,91.83,63.97,3.45,0,0,group_a,0
SYN-03565,21-24,Arts,81.56,44.69,1.6,0,0,group_b,0
SYN-03566,18-20,STEM,96.38,67.5,3.64,1,0,group_a,0
SYN-03567,16-17,Business,76.03,73.77,5.0,0,0,group_a,0
SYN-03568,21-24,Health,96.84,88.43,3.06,0,1,group_a,0
SYN-03569,18-20,Arts,73.95,92.28,5.0,0,0,group_b,0
SYN-03570,16-17,STEM,92.51,59.48,3.53,0,0,group_a,0
SYN-03571,21-24,Health,85.4,55.72,2.25,0,1,group_a,0
SYN-03572,21-24,Health,67.26,92.1,3.86,1,0,group_b,0
SYN-03573,18-20,Business,73.06,61.22,2.49,1,0,group_a,0
SYN-03574,21-24,STEM,78.59,70.07,5.0,1,0,group_a,0
SYN-03575,18-20,Health,84.12,87.69,3.2,1,0,group_b,0
SYN-03576,25+,Health,91.17,68.82,2.59,0,0,group_b,0
SYN-03577,16-17,Business,91.89,47.54,2.57,1,0,group_a,0
SYN-03578,18-20,STEM,77.48,82.38,3.55,0,0,group_a,0
SYN-03579,16-17,STEM,79.96,50.25,2.67,1,0,group_a,0
SYN-03580,18-20,Health,92.16,62.97,4.02,1,0,group_b,0
SYN-03581,18-20,Arts,83.88,82.32,3.97,0,0,group_a,0
SYN-03582,21-24,STEM,64.43,87.13,2.73,0,1,group_b,0
SYN-03583,16-17,Health,94.79,67.2,4.13,1,0,group_a,0
SYN-03584,25+,Health,87.04,64.64,2.63,0,0,not_stated,1
SYN-03585,18-20,Health,82.82,68.29,4.76,1,0,group_b,0
SYN-03586,16-17,Arts,94.73,90.94,2.55,0,0,not_stated,0
SYN-03587,25+,STEM,92.52,71.94,4.43,4,0,group_b,0
SYN-03588,16-17,Arts,76.24,52.04,4.46,0,1,group_b,1
SYN-03589,25+,Arts,99.1,76.53,4.46,0,0,group_a,0
SYN-03590,16-17,STEM,76.83,66.09,3.81,0,0,group_b,0
SYN-03591,25+,Arts,100.0,56.33,2.72,0,0,group_b,0
SYN-03592,16-17,STEM,78.39,69.39,3.33,0,0,group_a,0
SYN-03593,21-24,Health,78.66,41.57,3.7,0,0,group_a,0
SYN-03594,25+,Business,94.65,53.03,3.2,1,0,not_stated,0
SYN-03595,18-20,STEM,83.77,71.85,3.98,0,0,group_a,0
SYN-03596,25+,Health,85.03,91.99,4.27,1,0,group_a,0
SYN-03597,18-20,STEM,83.85,71.46,3.77,1,0,group_b,1
SYN-03598,18-20,STEM,89.33,46.62,2.86,1,0,group_a,1
SYN-03599,21-24,Business,76.32,59.1,3.5,0,0,group_b,0
SYN-03600,21-24,Business,75.46,66.41,4.11,1,0,group_b,1
SYN-03601,16-17,Arts,91.7,88.99,3.15,1,0,group_b,0
SYN-03602,18-20,Arts,67.38,85.92,3.5,1,1,group_a,1
SYN-03603,18-20,Arts,79.93,67.34,3.5,1,1,group_a,0
SYN-03604,16-17,Arts,81.54,76.92,4.09,0,0,group_a,1
SYN-03605,21-24,Arts,84.59,55.27,3.15,4,0,group_b,1
SYN-03606,25+,Health,100.0,51.95,3.19,0,1,group_a,1
SYN-03607,18-20,Arts,87.66,59.23,3.84,0,1,group_a,0
SYN-03608,16-17,Health,87.01,65.38,4.47,2,0,group_a,0
SYN-03609,25+,Arts,83.6,56.29,4.14,1,1,group_a,0
SYN-03610,18-20,Arts,100.0,81.72,2.2,0,0,group_b,0
SYN-03611,16-17,STEM,87.7,73.52,4.25,0,0,group_b,0
SYN-03612,18-20,Health,84.22,82.88,1.96,0,0,group_a,0
SYN-03613,16-17,Business,74.51,63.8,2.5,0,0,group_b,0
SYN-03614,16-17,STEM,84.31,78.01,3.96,0,0,group_b,1
SYN-03615,21-24,STEM,92.45,71.48,4.82,1,0,group_a,0
SYN-03616,18-20,Arts,97.07,79.78,4.11,1,0,group_a,0
SYN-03617,18-20,Arts,94.76,89.9,4.4,0,0,group_b,0
SYN-03618,18-20,Health,93.1,60.23,4.48,1,1,group_b,0
SYN-03619,18-20,Arts,72.9,67.21,3.9,0,0,group_b,0
SYN-03620,21-24,Business,64.33,36.75,3.55,0,0,group_b,0
SYN-03621,25+,Arts,85.22,77.49,3.99,0,0,group_b,0
SYN-03622,16-17,Business,82.91,84.66,3.2,0,0,group_b,0
SYN-03623,16-17,Arts,98.3,50.04,4.31,0,1,group_a,0
SYN-03624,18-20,Arts,79.8,90.77,4.63,2,0,group_a,0
SYN-03625,21-24,Health,75.79,77.67,3.85,1,1,not_stated,0
SYN-03626,25+,Arts,80.34,52.66,3.77,1,0,group_b,0
SYN-03627,25+,Health,81.06,63.83,2.66,1,0,group_a,1
SYN-03628,18-20,Health,79.56,83.93,3.09,1,1,group_a,0
SYN-03629,16-17,STEM,87.06,50.27,3.44,0,1,group_b,0
SYN-03630,16-17,Health,79.0,70.31,4.14,0,0,group_b,0
SYN-03631,18-20,Health,93.59,94.25,2.47,0,0,group_b,0
SYN-03632,18-20,Business,70.22,62.58,3.58,0,0,group_b,1
SYN-03633,18-20,Health,55.34,67.6,4.47,0,0,group_a,1
SYN-03634,16-17,Business,80.92,100.0,2.56,0,0,group_b,0
SYN-03635,25+,Business,82.32,73.46,3.06,0,0,group_b,0
SYN-03636,21-24,STEM,86.2,31.99,4.09,1,0,group_a,0
SYN-03637,18-20,Arts,81.89,55.8,2.77,0,0,group_a,0
SYN-03638,18-20,Arts,84.65,51.31,3.94,0,0,group_a,0
SYN-03639,25+,Health,93.06,76.47,1.82,1,0,group_b,0
SYN-03640,18-20,Arts,99.32,69.73,3.86,2,0,group_a,0
SYN-03641,18-20,Arts,100.0,85.44,3.27,0,0,group_b,0
SYN-03642,16-17,Business,72.49,60.02,4.25,1,0,group_b,0
SYN-03643,18-20,STEM,78.89,89.25,2.77,0,0,group_a,0
SYN-03644,21-24,Business,65.85,58.5,2.53,1,0,group_b,0
SYN-03645,18-20,Arts,97.35,90.58,4.86,0,0,group_a,0
SYN-03646,21-24,STEM,72.32,61.09,2.1,0,0,group_a,0
SYN-03647,25+,Health,71.55,36.15,3.51,1,0,group_a,1
SYN-03648,21-24,Health,73.43,78.11,4.52,2,0,group_a,0
SYN-03649,18-20,Arts,92.6,72.4,4.06,0,0,group_a,0
SYN-03650,18-20,Arts,80.34,83.25,3.56,0,0,group_a,0
SYN-03651,18-20,Health,86.13,56.45,3.26,2,1,group_a,0
SYN-03652,18-20,STEM,97.93,70.9,2.36,0,0,group_b,0
SYN-03653,18-20,STEM,79.45,56.5,2.86,0,0,group_a,0
SYN-03654,21-24,Business,100.0,48.54,4.55,1,0,group_a,0
SYN-03655,18-20,Arts,69.73,44.35,3.45,1,0,group_b,1
SYN-03656,18-20,Health,78.22,81.02,2.4,1,0,group_a,0
SYN-03657,16-17,Business,81.48,72.52,4.16,1,0,group_b,0
SYN-03658,16-17,Business,80.36,80.08,3.52,0,0,group_a,0
SYN-03659,25+,Business,90.27,64.11,4.37,0,0,group_b,0
SYN-03660,21-24,Arts,84.52,73.93,3.32,1,0,group_a,0
SYN-03661,16-17,Arts,79.18,72.68,4.33,0,0,group_b,0
SYN-03662,21-24,Health,69.13,76.58,2.86,0,0,group_a,0
SYN-03663,16-17,Health,88.05,42.13,3.72,1,1,group_a,0
SYN-03664,21-24,Health,86.46,82.13,2.87,0,1,group_a,0
SYN-03665,16-17,Health,70.74,89.38,2.67,0,0,group_a,0
SYN-03666,21-24,Business,83.8,60.48,4.29,1,0,group_b,1
SYN-03667,18-20,Business,92.84,52.55,2.5,1,1,group_b,1
SYN-03668,18-20,Arts,98.11,61.55,2.91,0,0,group_a,0
SYN-03669,16-17,STEM,87.91,79.27,3.23,0,1,group_b,0
SYN-03670,18-20,Arts,79.39,57.53,3.47,0,1,group_b,0
SYN-03671,16-17,Health,84.39,58.07,4.77,1,0,group_a,0
SYN-03672,21-24,STEM,100.0,81.82,3.66,1,0,group_a,0
SYN-03673,18-20,Arts,94.48,59.04,3.16,1,0,group_b,0
SYN-03674,18-20,Arts,83.17,50.75,2.08,3,0,group_a,1
SYN-03675,18-20,Business,91.76,71.25,3.2,2,0,group_b,1
SYN-03676,18-20,STEM,79.38,42.79,3.36,1,0,group_a,0
SYN-03677,18-20,Business,81.07,57.12,2.78,0,0,group_a,1
SYN-03678,21-24,Health,82.48,79.36,2.84,1,0,group_b,0
SYN-03679,21-24,STEM,79.85,59.1,2.44,1,0,group_a,0
SYN-03680,21-24,Arts,62.62,74.41,2.76,0,0,not_stated,0
SYN-03681,16-17,Business,90.95,45.19,3.25,1,0,group_a,0
SYN-03682,21-24,Health,87.25,66.58,4.3,1,0,group_b,0
SYN-03683,18-20,Business,80.62,73.3,3.93,1,0,group_a,0
SYN-03684,18-20,Business,79.7,60.55,2.45,1,0,group_a,0
SYN-03685,25+,Business,75.03,65.96,2.14,0,1,group_b,1
SYN-03686,18-20,Health,87.43,88.35,3.71,1,0,group_b,0
SYN-03687,18-20,Health,93.42,70.47,2.34,0,1,not_stated,1
SYN-03688,21-24,Business,88.69,69.09,3.74,1,1,group_b,0
SYN-03689,18-20,Business,87.59,78.63,4.78,2,1,group_a,0
SYN-03690,18-20,Arts,85.2,82.51,3.86,1,0,group_a,0
SYN-03691,18-20,Arts,89.15,60.39,2.92,0,0,group_b,1
SYN-03692,18-20,Arts,74.43,68.14,2.85,0,0,group_a,0
SYN-03693,16-17,Health,82.75,63.22,3.22,2,0,group_b,1
SYN-03694,21-24,STEM,84.72,53.1,2.83,0,0,group_a,0
SYN-03695,16-17,Health,80.98,78.52,3.37,0,0,group_b,1
SYN-03696,18-20,STEM,69.4,83.57,4.34,0,0,group_a,0
SYN-03697,21-24,Health,71.43,61.42,2.71,0,0,group_b,0
SYN-03698,16-17,Business,99.51,77.44,1.84,0,0,group_a,1
SYN-03699,16-17,Business,84.7,49.03,3.37,2,0,group_a,0
SYN-03700,21-24,STEM,91.18,86.55,3.01,0,0,group_a,0
SYN-03701,21-24,STEM,83.34,57.47,3.19,1,0,group_b,0
SYN-03702,18-20,Health,83.8,65.5,3.96,1,0,group_b,0
SYN-03703,21-24,Arts,87.13,75.42,2.7,0,0,group_b,1
SYN-03704,18-20,Business,87.37,64.23,3.0,1,1,group_a,1
SYN-03705,16-17,STEM,91.15,25.13,5.0,1,1,group_b,1
SYN-03706,21-24,Business,73.93,64.73,3.67,0,1,group_a,1
SYN-03707,18-20,STEM,85.34,59.46,3.53,1,0,group_a,1
SYN-03708,16-17,Business,100.0,72.73,3.47,0,1,not_stated,0
SYN-03709,16-17,Arts,71.87,72.0,2.54,0,0,group_b,0
SYN-03710,18-20,STEM,91.93,69.59,4.31,0,0,group_a,0
SYN-03711,21-24,STEM,80.4,58.27,3.17,0,0,group_a,0
SYN-03712,18-20,Business,72.55,98.27,3.79,0,0,group_b,0
SYN-03713,18-20,STEM,83.2,60.15,3.59,1,1,group_b,0
SYN-03714,18-20,Business,98.87,70.73,3.2,1,0,group_b,0
SYN-03715,16-17,Arts,77.29,70.34,1.0,2,0,group_a,1
SYN-03716,18-20,Health,87.04,57.63,2.59,0,0,not_stated,0
SYN-03717,18-20,Health,72.1,70.99,2.94,2,0,group_a,0
SYN-03718,18-20,Business,78.36,47.15,2.33,0,0,group_b,0
SYN-03719,21-24,Arts,80.05,63.31,3.53,0,0,group_a,0
SYN-03720,18-20,Business,84.07,68.42,3.22,4,0,group_a,1
SYN-03721,21-24,Arts,98.62,56.94,3.52,3,1,group_b,0
SYN-03722,18-20,Arts,90.82,94.13,4.2,1,0,group_b,1
SYN-03723,21-24,Business,86.17,62.6,4.84,0,1,group_a,0
SYN-03724,21-24,Health,79.54,43.94,3.21,2,0,group_a,0
SYN-03725,18-20,Health,77.94,68.65,4.37,0,0,group_b,0
SYN-03726,25+,Business,100.0,55.83,3.58,0,0,group_b,0
SYN-03727,25+,Health,76.17,62.75,2.07,0,0,group_b,1
SYN-03728,18-20,Health,77.58,53.86,2.88,0,0,group_a,0
SYN-03729,18-20,Health,98.86,55.45,4.97,0,0,group_b,0
SYN-03730,18-20,STEM,80.91,71.62,3.11,1,0,group_b,1
SYN-03731,16-17,STEM,84.18,42.21,3.22,0,0,group_b,0
SYN-03732,16-17,Health,89.49,77.98,4.51,2,0,group_b,0
SYN-03733,18-20,Health,98.89,100.0,2.08,0,0,group_a,0
SYN-03734,25+,Health,79.18,93.55,4.08,1,0,group_a,0
SYN-03735,25+,Health,78.29,72.34,2.8,1,0,group_b,0
SYN-03736,25+,Arts,90.93,67.15,3.97,0,0,group_a,0
SYN-03737,25+,Arts,79.36,60.75,3.44,0,0,group_a,0
SYN-03738,18-20,Arts,94.11,57.61,1.25,0,0,group_b,0
SYN-03739,16-17,Health,93.53,62.42,4.02,1,0,group_a,0
SYN-03740,21-24,Arts,82.52,80.33,3.59,0,0,group_b,0
SYN-03741,16-17,STEM,63.99,37.63,3.9,0,0,group_a,1
SYN-03742,21-24,Health,90.78,87.91,4.11,0,0,group_a,0
SYN-03743,25+,STEM,75.28,63.59,3.86,0,0,group_a,0
SYN-03744,18-20,Health,86.14,67.23,4.4,0,0,group_a,0
SYN-03745,18-20,Business,93.13,79.62,2.61,0,0,group_b,0
SYN-03746,16-17,Arts,81.05,100.0,3.5,1,0,group_b,0
SYN-03747,16-17,STEM,87.84,73.96,3.38,1,0,group_a,0
SYN-03748,25+,Arts,80.83,48.79,4.32,1,1,group_b,1
SYN-03749,18-20,Business,85.75,64.07,2.73,1,0,group_a,0
SYN-03750,18-20,Arts,78.08,65.19,2.69,0,0,group_a,0
SYN-03751,18-20,Arts,67.61,64.47,3.96,2,0,group_b,1
SYN-03752,18-20,Arts,86.94,75.74,3.74,1,0,group_b,0
SYN-03753,18-20,Health,92.36,88.0,4.86,1,0,group_a,0
SYN-03754,18-20,Business,91.62,66.25,3.54,0,0,group_b,0
SYN-03755,18-20,Health,86.66,58.99,3.92,0,0,group_a,0
SYN-03756,16-17,Business,87.86,95.51,4.07,0,1,group_b,0
SYN-03757,25+,Arts,85.9,86.86,4.27,1,0,group_a,0
SYN-03758,18-20,Health,98.26,87.07,2.92,1,0,group_b,0
SYN-03759,21-24,STEM,77.0,94.28,3.02,0,0,group_a,1
SYN-03760,18-20,Health,81.76,65.47,3.47,1,0,group_b,1
SYN-03761,21-24,Health,86.03,60.46,3.01,0,0,group_b,0
SYN-03762,18-20,Business,77.09,89.56,5.0,1,0,group_a,0
SYN-03763,21-24,Health,87.39,49.05,4.93,0,1,group_b,0
SYN-03764,21-24,Business,87.62,64.77,3.3,0,0,group_a,0
SYN-03765,16-17,Health,83.88,67.88,2.73,1,0,group_a,0
SYN-03766,21-24,Health,86.86,76.87,3.43,0,0,group_b,0
SYN-03767,21-24,Business,74.43,48.61,3.62,0,0,group_a,0
SYN-03768,21-24,STEM,85.87,50.7,3.63,0,0,group_b,0
SYN-03769,18-20,Business,90.17,70.85,3.78,2,0,group_b,0
SYN-03770,18-20,Health,75.56,57.23,2.67,4,0,group_b,1
SYN-03771,18-20,Health,66.96,82.67,4.86,1,0,group_a,0
SYN-03772,21-24,Arts,89.02,73.37,3.44,2,0,group_b,0
SYN-03773,16-17,STEM,81.22,66.97,4.31,0,0,not_stated,0
SYN-03774,16-17,Business,70.76,51.49,3.6,2,0,group_a,0
SYN-03775,18-20,STEM,80.15,71.85,4.15,0,0,group_b,0
SYN-03776,18-20,STEM,84.7,72.86,3.4,0,0,group_b,0
SYN-03777,18-20,STEM,86.41,35.25,4.42,1,0,group_a,1
SYN-03778,18-20,Arts,74.21,69.66,3.99,0,0,group_a,0
SYN-03779,21-24,Business,94.42,66.9,2.49,1,0,group_b,0
SYN-03780,18-20,Health,96.54,86.27,3.54,1,0,group_a,1
SYN-03781,18-20,Arts,75.92,51.69,3.84,0,1,group_b,0
SYN-03782,18-20,Business,86.79,61.77,4.24,1,0,group_b,0
SYN-03783,16-17,Health,95.94,66.75,3.89,0,0,group_a,0
SYN-03784,21-24,Arts,80.22,41.24,2.63,1,0,group_a,0
SYN-03785,21-24,Business,96.12,77.38,3.76,1,0,group_a,0
SYN-03786,21-24,Business,93.16,54.65,3.64,1,0,group_a,1
SYN-03787,21-24,Health,68.82,92.14,4.35,2,0,group_b,0
SYN-03788,25+,Health,90.29,63.87,2.88,1,0,group_a,0
SYN-03789,18-20,Arts,73.76,68.58,3.87,0,1,group_a,0
SYN-03790,21-24,STEM,89.6,69.38,4.32,0,0,not_stated,0
SYN-03791,21-24,Health,68.25,63.07,4.17,0,0,group_a,0
SYN-03792,25+,STEM,62.4,75.43,4.61,2,1,group_b,1
SYN-03793,18-20,Arts,96.78,73.36,4.05,0,0,group_b,0
SYN-03794,18-20,Business,83.85,72.71,3.22,0,1,group_a,0
SYN-03795,16-17,Business,89.96,61.65,4.04,2,0,not_stated,0
SYN-03796,16-17,Business,85.26,91.41,1.96,1,0,group_b,1
SYN-03797,18-20,Business,81.78,32.92,2.65,0,0,group_b,0
SYN-03798,18-20,STEM,100.0,49.03,4.52,0,1,group_a,0
SYN-03799,18-20,Health,63.31,84.13,3.05,0,0,group_a,0
SYN-03800,18-20,Arts,86.7,66.75,2.19,2,0,group_a,0
SYN-03801,18-20,Health,90.44,88.01,3.38,0,1,group_a,0
SYN-03802,18-20,Arts,93.33,71.5,3.62,1,0,group_a,1
SYN-03803,16-17,STEM,86.96,81.26,4.3,1,0,not_stated,0
SYN-03804,25+,STEM,84.08,35.55,3.36,0,0,group_b,0
SYN-03805,25+,Arts,64.8,90.93,3.24,0,0,group_b,1
SYN-03806,21-24,Arts,86.06,72.92,3.33,1,0,group_a,0
SYN-03807,21-24,Health,66.17,80.47,3.44,1,0,group_a,0
SYN-03808,16-17,Health,82.38,87.08,4.33,1,0,group_a,1
SYN-03809,16-17,Health,84.08,71.09,4.24,1,0,group_a,0
SYN-03810,25+,Arts,84.06,63.71,4.21,1,0,group_a,1
SYN-03811,25+,Arts,77.44,45.91,3.08,0,0,group_a,0
SYN-03812,18-20,Arts,100.0,52.29,3.47,0,1,group_a,0
SYN-03813,21-24,Arts,91.61,80.78,3.03,0,0,group_b,0
SYN-03814,21-24,Business,80.88,59.61,4.04,1,0,group_a,0
SYN-03815,18-20,STEM,88.83,89.85,3.86,1,0,group_b,0
SYN-03816,16-17,Health,93.54,100.0,2.02,0,0,group_a,0
SYN-03817,18-20,STEM,99.15,82.89,2.77,1,0,group_a,0
SYN-03818,16-17,STEM,88.8,59.24,3.35,0,0,group_b,0
SYN-03819,25+,Business,93.43,60.64,3.33,0,1,group_b,1
SYN-03820,18-20,Business,86.86,82.66,3.54,1,0,group_b,0
SYN-03821,25+,STEM,82.11,66.51,3.03,1,0,group_a,0
SYN-03822,25+,Health,72.2,55.72,3.87,1,0,group_b,1
SYN-03823,18-20,STEM,92.19,78.23,3.04,0,1,group_b,0
SYN-03824,21-24,STEM,89.54,68.07,3.3,0,0,group_a,0
SYN-03825,16-17,STEM,85.23,37.3,4.3,0,1,group_b,0
SYN-03826,18-20,Arts,70.29,65.05,2.59,3,0,group_a,1
SYN-03827,18-20,Arts,90.51,89.55,3.29,1,0,group_a,0
SYN-03828,18-20,Arts,71.02,32.24,3.35,1,0,group_b,1
SYN-03829,21-24,Health,69.17,61.64,2.2,0,1,group_a,1
SYN-03830,18-20,Health,71.05,62.39,3.27,2,0,group_b,1
SYN-03831,25+,Health,77.18,44.61,4.65,0,0,group_b,0
SYN-03832,16-17,Arts,71.89,43.07,4.22,0,0,group_a,0
SYN-03833,18-20,Business,89.96,72.32,3.01,0,1,group_b,0
SYN-03834,16-17,Arts,99.1,87.46,4.35,2,1,group_a,0
SYN-03835,21-24,Health,86.87,51.82,2.7,0,0,group_a,0
SYN-03836,21-24,Health,76.89,73.11,4.78,1,0,group_b,0
SYN-03837,18-20,Business,99.66,70.62,4.63,1,0,not_stated,0
SYN-03838,21-24,STEM,69.48,66.55,3.76,0,0,group_b,0
SYN-03839,25+,STEM,87.41,61.07,3.21,1,0,group_b,0
SYN-03840,16-17,STEM,79.25,61.39,3.45,1,0,group_b,0
SYN-03841,16-17,Health,75.89,71.24,1.21,0,0,group_b,1
SYN-03842,16-17,STEM,83.83,84.19,2.96,1,0,group_b,0
SYN-03843,16-17,Business,77.33,74.22,4.33,0,0,group_a,0
SYN-03844,18-20,Arts,80.94,53.87,2.24,0,0,group_b,1
SYN-03845,18-20,Arts,82.99,50.4,3.96,0,0,group_a,0
SYN-03846,21-24,Arts,88.49,82.62,3.35,1,0,group_a,0
SYN-03847,16-17,Arts,92.15,50.94,1.94,1,0,not_stated,0
SYN-03848,16-17,Health,94.89,80.17,2.91,0,0,group_b,0
SYN-03849,18-20,Arts,79.69,85.93,2.6,0,0,group_a,0
SYN-03850,25+,STEM,90.32,87.85,3.96,0,0,group_b,0
SYN-03851,18-20,STEM,100.0,55.42,3.93,0,1,group_b,0
SYN-03852,16-17,Business,77.18,78.1,4.35,0,0,group_a,0
SYN-03853,18-20,Business,90.58,69.27,3.5,2,1,group_b,0
SYN-03854,25+,Arts,87.09,67.94,4.66,1,0,group_a,0
SYN-03855,18-20,Arts,64.21,55.36,2.84,1,0,group_a,1
SYN-03856,25+,STEM,73.1,83.01,2.64,0,0,group_a,0
SYN-03857,21-24,Business,84.59,72.73,4.53,0,0,group_a,0
SYN-03858,21-24,Business,74.23,69.49,2.31,0,0,group_a,1
SYN-03859,16-17,Arts,67.73,68.97,3.96,0,0,group_a,0
SYN-03860,18-20,Health,74.11,97.48,4.0,1,0,group_b,0
SYN-03861,16-17,Business,78.58,51.56,3.18,3,1,group_a,0
SYN-03862,16-17,Arts,72.53,60.09,4.01,0,0,group_a,1
SYN-03863,18-20,Business,84.7,77.73,3.06,2,0,group_a,0
SYN-03864,16-17,Health,78.74,64.48,3.76,1,1,group_b,0
SYN-03865,16-17,Health,92.63,64.68,3.2,1,0,group_a,0
SYN-03866,21-24,Arts,69.75,45.74,3.69,1,0,group_b,1
SYN-03867,18-20,Business,79.91,69.81,3.11,0,0,group_a,0
SYN-03868,16-17,Arts,79.64,58.0,3.06,0,0,group_b,0
SYN-03869,18-20,Health,73.52,78.45,3.64,1,0,group_b,0
SYN-03870,18-20,Business,74.11,77.71,3.86,1,1,group_a,0
SYN-03871,25+,Arts,95.22,67.08,4.0,0,0,group_b,0
SYN-03872,18-20,Arts,84.06,57.67,3.13,1,0,group_a,1
SYN-03873,16-17,Arts,81.53,62.8,3.12,0,0,group_a,0
SYN-03874,16-17,Business,87.26,55.77,4.11,0,0,group_a,0
SYN-03875,18-20,Business,86.89,94.79,4.25,1,1,group_a,0
SYN-03876,18-20,Health,100.0,63.95,3.98,0,0,group_a,0
SYN-03877,16-17,STEM,81.6,46.78,2.72,0,0,group_a,0
SYN-03878,16-17,Health,83.17,74.09,3.88,1,0,group_b,0
SYN-03879,25+,Health,78.95,54.38,4.23,0,0,group_b,0
SYN-03880,18-20,STEM,92.88,79.08,3.35,0,0,group_b,0
SYN-03881,18-20,Business,78.24,70.57,3.75,1,0,group_a,1
SYN-03882,25+,Business,79.62,71.26,3.44,1,0,group_b,1
SYN-03883,21-24,Health,73.95,71.7,2.6,1,0,group_b,1
SYN-03884,18-20,Health,76.82,70.86,3.51,1,0,group_a,1
SYN-03885,21-24,Arts,79.18,90.97,2.63,0,0,group_b,0
SYN-03886,16-17,STEM,87.47,43.46,3.3,0,0,group_a,0
SYN-03887,16-17,Health,70.19,67.87,3.95,0,0,group_a,0
SYN-03888,16-17,Arts,88.85,19.17,4.85,1,0,group_b,0
SYN-03889,25+,Arts,78.11,80.9,2.11,0,0,group_b,1
SYN-03890,21-24,Health,69.16,56.22,2.07,0,0,group_b,0
SYN-03891,16-17,Health,81.64,72.21,4.29,1,1,group_a,0
SYN-03892,16-17,Arts,91.45,40.68,4.59,1,0,group_b,0
SYN-03893,16-17,Business,81.18,53.26,2.84,0,0,group_b,0
SYN-03894,25+,Arts,73.19,59.92,4.3,0,0,group_b,0
SYN-03895,25+,STEM,100.0,64.93,2.9,0,0,group_b,0
SYN-03896,21-24,STEM,92.7,70.01,4.02,2,0,group_a,0
SYN-03897,18-20,STEM,65.65,93.37,3.79,1,1,group_a,0
SYN-03898,18-20,STEM,100.0,93.41,3.94,1,1,group_a,0
SYN-03899,25+,Arts,71.59,53.23,4.42,0,0,group_a,1
SYN-03900,25+,Health,71.39,52.13,3.36,1,0,group_a,0
SYN-03901,18-20,Health,66.68,65.53,3.74,0,1,not_stated,0
SYN-03902,25+,Business,81.17,88.69,2.06,2,1,group_a,1
SYN-03903,18-20,Health,82.94,68.06,3.48,0,0,group_a,0
SYN-03904,18-20,Health,85.76,100.0,3.61,1,1,group_a,0
SYN-03905,21-24,Business,94.41,65.73,5.0,3,0,group_a,0
SYN-03906,16-17,Health,97.59,65.03,4.15,1,0,group_b,0
SYN-03907,16-17,STEM,100.0,42.76,3.46,0,0,group_a,0
SYN-03908,18-20,Health,70.52,37.28,4.86,0,0,group_a,1
SYN-03909,18-20,STEM,86.69,72.25,1.97,0,0,group_b,0
SYN-03910,21-24,Business,69.33,76.19,2.95,0,0,group_b,0
SYN-03911,18-20,Arts,72.73,66.76,3.15,2,0,group_a,1
SYN-03912,18-20,Health,75.78,55.35,3.33,2,0,group_b,0
SYN-03913,21-24,Business,83.36,49.29,3.27,1,0,group_a,1
SYN-03914,21-24,STEM,86.08,70.52,2.8,1,1,group_b,0
SYN-03915,18-20,Business,100.0,82.39,4.56,0,0,group_b,0
SYN-03916,25+,Health,71.11,63.23,2.34,1,0,group_b,1
SYN-03917,18-20,Business,86.63,74.74,4.86,0,0,group_a,0
SYN-03918,18-20,STEM,93.09,76.29,4.02,0,0,group_b,0
SYN-03919,21-24,Health,75.18,65.52,3.85,0,0,group_a,0
SYN-03920,16-17,Arts,78.18,41.8,3.24,0,1,group_b,1
SYN-03921,18-20,Arts,99.41,75.91,4.2,0,0,group_a,0
SYN-03922,25+,Health,64.41,53.48,2.63,0,0,group_a,0
SYN-03923,25+,STEM,82.72,62.54,3.37,1,0,group_b,1
SYN-03924,18-20,Business,87.51,35.23,2.7,0,1,group_a,0
SYN-03925,16-17,Business,89.69,73.92,3.57,0,0,group_b,0
SYN-03926,16-17,Health,83.43,75.91,2.7,1,0,group_b,0
SYN-03927,18-20,STEM,78.29,100.0,3.13,1,0,group_b,0
SYN-03928,21-24,Business,92.93,100.0,3.84,0,0,group_b,0
SYN-03929,25+,Business,76.93,92.94,3.73,1,0,group_a,0
SYN-03930,18-20,Health,76.32,85.48,3.33,0,1,group_b,0
SYN-03931,16-17,Health,86.2,74.47,3.63,2,0,group_a,0
SYN-03932,16-17,Arts,98.82,93.33,3.64,0,0,group_a,0
SYN-03933,16-17,Arts,71.6,76.59,3.7,0,1,group_b,0
SYN-03934,16-17,Health,86.3,87.1,2.49,0,0,group_a,0
SYN-03935,16-17,Business,86.76,88.63,4.25,0,0,group_a,0
SYN-03936,25+,STEM,80.02,65.2,4.56,0,0,group_b,0
SYN-03937,16-17,Arts,90.83,81.67,4.15,2,0,group_a,0
SYN-03938,21-24,Business,79.7,67.32,3.71,0,1,group_b,0
SYN-03939,18-20,Business,82.39,70.32,2.81,1,0,group_b,0
SYN-03940,16-17,Business,86.56,66.33,3.53,0,1,group_a,0
SYN-03941,25+,Arts,80.87,38.01,2.75,0,0,group_b,0
SYN-03942,18-20,Business,91.35,74.13,3.15,1,0,group_b,1
SYN-03943,21-24,Health,92.22,78.7,2.5,0,0,group_b,0
SYN-03944,18-20,STEM,91.6,68.04,3.52,2,0,group_b,0
SYN-03945,21-24,Health,86.76,59.08,4.36,0,0,group_b,0
SYN-03946,21-24,STEM,87.23,65.65,2.51,3,0,group_a,0
SYN-03947,18-20,Health,91.84,90.37,3.82,2,0,group_b,0
SYN-03948,18-20,Health,95.21,81.95,2.87,1,0,not_stated,0
SYN-03949,16-17,Health,84.48,79.12,3.74,0,0,group_a,0
SYN-03950,18-20,Health,90.4,82.31,3.15,0,1,not_stated,0
SYN-03951,18-20,Business,69.81,39.61,3.09,0,0,group_a,1
SYN-03952,18-20,Arts,91.46,76.0,1.93,0,0,group_b,0
SYN-03953,18-20,Health,95.38,71.11,3.59,0,0,group_b,0
SYN-03954,21-24,STEM,92.02,100.0,3.23,1,0,group_a,0
SYN-03955,16-17,STEM,100.0,59.18,3.7,1,0,group_a,0
SYN-03956,25+,Arts,74.16,65.64,4.31,0,0,group_b,0
SYN-03957,21-24,STEM,96.04,52.69,4.62,2,1,group_b,0
SYN-03958,21-24,Arts,77.97,66.57,2.69,0,0,group_a,0
SYN-03959,16-17,STEM,83.67,59.96,3.41,0,0,group_b,1
SYN-03960,16-17,STEM,94.64,57.19,3.82,3,1,group_b,1
SYN-03961,18-20,STEM,74.42,68.08,3.95,0,0,group_b,0
SYN-03962,21-24,STEM,100.0,61.7,3.5,0,0,group_a,0
SYN-03963,25+,Health,89.71,60.06,2.78,0,0,group_b,0
SYN-03964,16-17,STEM,86.87,81.51,4.56,0,0,group_b,0
SYN-03965,18-20,Health,70.39,61.09,2.58,0,0,group_a,0
SYN-03966,18-20,Health,80.81,84.41,2.91,1,0,group_b,0
SYN-03967,16-17,Business,100.0,100.0,4.17,0,0,group_a,0
SYN-03968,16-17,Arts,90.03,95.55,4.23,1,1,group_b,0
SYN-03969,21-24,Business,71.82,72.83,2.87,1,0,group_a,0
SYN-03970,16-17,Health,86.26,76.91,3.78,2,1,group_b,0
SYN-03971,21-24,Arts,81.49,79.03,3.68,1,0,group_a,0
SYN-03972,21-24,Health,87.18,64.28,3.41,3,0,group_b,0
SYN-03973,16-17,STEM,93.85,82.7,2.61,1,0,group_a,0
SYN-03974,21-24,Arts,76.73,87.94,2.91,2,0,group_b,1
SYN-03975,21-24,Arts,85.52,69.6,2.81,2,0,group_a,0
SYN-03976,21-24,Health,63.48,60.47,4.05,0,0,group_a,0
SYN-03977,18-20,Business,98.27,56.16,3.8,0,0,group_b,0
SYN-03978,25+,Arts,87.58,74.71,3.13,0,1,group_a,0
SYN-03979,21-24,STEM,92.22,43.92,3.06,0,0,not_stated,1
SYN-03980,25+,Health,68.09,44.38,5.0,0,1,group_a,0
SYN-03981,16-17,Arts,84.63,52.9,4.59,0,0,group_a,0
SYN-03982,21-24,Health,77.44,70.38,3.63,3,0,group_b,0
SYN-03983,16-17,Arts,95.72,74.26,3.65,2,0,group_a,0
SYN-03984,21-24,Business,83.25,67.27,3.33,0,0,group_b,0
SYN-03985,18-20,Health,88.02,61.02,2.69,0,1,group_a,0
SYN-03986,21-24,Health,85.44,83.08,3.7,1,1,group_a,0
SYN-03987,16-17,Arts,80.04,50.02,3.89,1,0,group_b,0
SYN-03988,21-24,Arts,76.43,84.37,2.77,1,0,group_b,0
SYN-03989,25+,Arts,76.43,77.89,4.85,0,0,group_a,0
SYN-03990,18-20,Health,88.18,72.24,3.92,0,0,group_b,0
SYN-03991,18-20,Business,93.01,58.7,3.72,1,0,group_a,0
SYN-03992,25+,STEM,79.71,86.73,3.21,0,1,group_a,0
SYN-03993,18-20,STEM,99.09,90.02,3.72,1,0,group_a,0
SYN-03994,21-24,STEM,77.36,99.3,5.0,1,0,group_a,0
SYN-03995,18-20,STEM,67.92,42.8,4.75,0,0,group_a,0
SYN-03996,18-20,STEM,85.77,73.76,4.17,1,0,group_a,0
SYN-03997,21-24,STEM,69.45,50.17,4.02,1,0,group_a,0
SYN-03998,16-17,Business,74.11,61.54,2.28,1,0,group_b,0
SYN-03999,21-24,Arts,86.12,69.13,2.65,1,0,group_b,0
